#ifndef CONVERSION_LUT_H
#define CONVERSION_LUT_H

#include <array>
#include <cstdint>

constexpr static uint32_t sqrt2_int_to_Z2[65536] = 
	{
		0x10,0x11,0xffff0011,0x11,0xfffd0011,0x11,0xfffd0011,0x11,0xfff90011,0x11,
		0xfffb0011,0x11,0xfff70011,0x11,0xfff90011,0x11,0xfff10011,0x11,0xfff70011,0x11,
		0xfff10011,0x11,0xfff50011,0x11,0xffeb0011,0x11,0xfff30011,0x11,0xffeb0011,0x11,
		0xfff10011,0x11,0xffe10011,0x11,0xffef0011,0x11,0xffe50011,0x11,0xffed0011,0x11,
		0xffdd0011,0x11,0xffeb0011,0x11,0xffdf0011,0x11,0xffe90011,0x11,0xffd30011,0x11,
		0xffe70011,0x11,0xffd90011,0x11,0xffe50011,0x11,0xffcf0011,0x11,0xffe30011,0x11,
		0xffd30011,0x11,0xffe10011,0x11,0xffc10011,0x11,0xffdf0011,0x11,0xffcd0011,0x11,
		0xffdd0011,0x11,0xffc10011,0x11,0xffdb0011,0x11,0xffc70011,0x11,0xffd90011,0x11,
		0xffb50011,0x11,0xffd70011,0x11,0xffc10011,0x11,0xffd50011,0x11,0xffb30011,0x11,
		0xffd30011,0x11,0xffbb0011,0x11,0xffd10011,0x11,0xffa30011,0x11,0xffcf0011,0x11,
		0xffb50011,0x11,0xffcd0011,0x11,0xffa50011,0x11,0xffcb0011,0x11,0xffaf0011,0x11,
		0xffc90011,0x11,0xff970011,0x11,0xffc70011,0x11,0xffa90011,0x11,0xffc50011,0x11,
		0xff970011,0x11,0xffc30011,0x11,0xffa30011,0x11,0xffc10011,0x11,0x7f0011,0x11,
		0x3f0011,0x11,0x5d0011,0x11,0x3d0011,0x11,0x690011,0x11,0x3b0011,0x11,
		0x570011,0x11,0x390011,0x11,0x690011,0x11,0x370011,0x11,0x510011,0x11,
		0x350011,0x11,0x5b0011,0x11,0x330011,0x11,0x4b0011,0x11,0x310011,0x11,
		0x5d0011,0x11,0x2f0011,0x11,0x450011,0x11,0x2d0011,0x11,0x4d0011,0x11,
		0x2b0011,0x11,0x3f0011,0x11,0x290011,0x11,0x4b0011,0x11,0x270011,0x11,
		0x390011,0x11,0x250011,0x11,0x3f0011,0x11,0x230011,0x11,0x330011,0x11,
		0x210011,0x11,0x3f0011,0x11,0x1f0011,0x11,0x2d0011,0x11,0x1d0011,0x11,
		0x310011,0x11,0x1b0011,0x11,0x270011,0x11,0x190011,0x11,0x2d0011,0x11,
		0x170011,0x11,0x210011,0x11,0x150011,0x11,0x230011,0x11,0x130011,0x11,
		0x1b0011,0x11,0x110011,0x11,0x1f0011,0x11,0xf0011,0x11,0x150011,0x11,
		0xd0011,0x11,0x150011,0x11,0xb0011,0x11,0xf0011,0x11,0x90011,0x11,
		0xf0011,0x11,0x70011,0x11,0x90011,0x11,0x50011,0x11,0x70011,0x11,
		0x30011,0x11,0x30011,0x11,0x10011,0x11,0xff010000,0xff000100,0xfeff0200,0xfefe0300,
		0xfefd0400,0xfefc0500,0xfefb0600,0xfefa0700,0xfef90800,0xfef80900,0xfef70a00,0xfef60b00,0xfef50c00,0xfef40d00,
		0xfef30e00,0xfef20f00,0xfef11000,0xfef01100,0xfeef1200,0xfeee1300,0xfeed1400,0xfeec1500,0xfeeb1600,0xfeea1700,
		0xfee91800,0xfee81900,0xfee71a00,0xfee61b00,0xfee51c00,0xfee41d00,0xfee31e00,0xfee21f00,0xfee12000,0xfee02100,
		0xfedf2200,0xfede2300,0xfedd2400,0xfedc2500,0xfedb2600,0xfeda2700,0xfed92800,0xfed82900,0xfed72a00,0xfed62b00,
		0xfed52c00,0xfed42d00,0xfed32e00,0xfed22f00,0xfed13000,0xfed03100,0xfecf3200,0xfece3300,0xfecd3400,0xfecc3500,
		0xfecb3600,0xfeca3700,0xfec93800,0xfec83900,0xfec73a00,0xfec63b00,0xfec53c00,0xfec43d00,0xfec33e00,0xfec23f00,
		0xfec14000,0xfec04100,0xfebf4200,0xfebe4300,0xfebd4400,0xfebc4500,0xfebb4600,0xfeba4700,0xfeb94800,0xfeb84900,
		0xfeb74a00,0xfeb64b00,0xfeb54c00,0xfeb44d00,0xfeb34e00,0xfeb24f00,0xfeb15000,0xfeb05100,0xfeaf5200,0xfeae5300,
		0xfead5400,0xfeac5500,0xfeab5600,0xfeaa5700,0xfea95800,0xfea85900,0xfea75a00,0xfea65b00,0xfea55c00,0xfea45d00,
		0xfea35e00,0xfea25f00,0xfea16000,0xfea06100,0xfe9f6200,0xfe9e6300,0xfe9d6400,0xfe9c6500,0xfe9b6600,0xfe9a6700,
		0xfe996800,0xfe986900,0xfe976a00,0xfe966b00,0xfe956c00,0xfe946d00,0xfe936e00,0xfe926f00,0xfe917000,0xfe907100,
		0xfe8f7200,0xfe8e7300,0xfe8d7400,0xfe8c7500,0xfe8b7600,0xfe8a7700,0xfe897800,0xfe887900,0xfe877a00,0xfe867b00,
		0xfe857c00,0xfe847d00,0xfe837e00,0xfe827f00,0xfe818000,0xfe808100,0xfe7f8200,0xfe7e8300,0xfe7d8400,0xfe7c8500,
		0xfe7b8600,0xfe7a8700,0xfe798800,0xfe788900,0xfe778a00,0xfe768b00,0xfe758c00,0xfe748d00,0xfe738e00,0xfe728f00,
		0xfe719000,0xfe709100,0xfe6f9200,0xfe6e9300,0xfe6d9400,0xfe6c9500,0xfe6b9600,0xfe6a9700,0xfe699800,0xfe689900,
		0xfe679a00,0xfe669b00,0xfe659c00,0xfe649d00,0xfe639e00,0xfe629f00,0xfe61a000,0xfe60a100,0xfe5fa200,0xfe5ea300,
		0xfe5da400,0xfe5ca500,0xfe5ba600,0xfe5aa700,0xfe59a800,0xfe58a900,0xfe57aa00,0xfe56ab00,0xfe55ac00,0xfe54ad00,
		0xfe53ae00,0xfe52af00,0xfe51b000,0xfe50b100,0xfe4fb200,0xfe4eb300,0xfe4db400,0xfe4cb500,0xfe4bb600,0xfe4ab700,
		0xfe49b800,0xfe48b900,0xfe47ba00,0xfe46bb00,0xfe45bc00,0xfe44bd00,0xfe43be00,0xfe42bf00,0xfe41c000,0xfe40c100,
		0xfe3fc200,0xfe3ec300,0xfe3dc400,0xfe3cc500,0xfe3bc600,0xfe3ac700,0xfe39c800,0xfe38c900,0xfe37ca00,0xfe36cb00,
		0xfe35cc00,0xfe34cd00,0xfe33ce00,0xfe32cf00,0xfe31d000,0xfe30d100,0xfe2fd200,0xfe2ed300,0xfe2dd400,0xfe2cd500,
		0xfe2bd600,0xfe2ad700,0xfe29d800,0xfe28d900,0xfe27da00,0xfe26db00,0xfe25dc00,0xfe24dd00,0xfe23de00,0xfe22df00,
		0xfe21e000,0xfe20e100,0xfe1fe200,0xfe1ee300,0xfe1de400,0xfe1ce500,0xfe1be600,0xfe1ae700,0xfe19e800,0xfe18e900,
		0xfe17ea00,0xfe16eb00,0xfe15ec00,0xfe14ed00,0xfe13ee00,0xfe12ef00,0xfe11f000,0xfe10f100,0xfe0ff200,0xfe0ef300,
		0xfe0df400,0xfe0cf500,0xfe0bf600,0xfe0af700,0xfe09f800,0xfe08f900,0xfe07fa00,0xfe06fb00,0xfe05fc00,0xfe04fd00,
		0xfe03fe00,0xfe02ff00,0xfe010002,0xfe000103,0xfdff0102,0xfe000103,0xfdfd0202,0xfe000103,0xfdfb0302,0xfe000103,
		0xfdf90402,0xfe000103,0xfdf70502,0xfe000103,0xfdf50602,0xfe000103,0xfdf30702,0xfe000103,0xfdf10802,0xfe000103,
		0xfdef0902,0xfe000103,0xfded0a02,0xfe000103,0xfdeb0b02,0xfe000103,0xfde90c02,0xfe000103,0xfde70d02,0xfe000103,
		0xfde50e02,0xfe000103,0xfde30f02,0xfe000103,0xfde11002,0xfe000103,0xfddf1102,0xfe000103,0xfddd1202,0xfe000103,
		0xfddb1302,0xfe000103,0xfdd91402,0xfe000103,0xfdd71502,0xfe000103,0xfdd51602,0xfe000103,0xfdd31702,0xfe000103,
		0xfdd11802,0xfe000103,0xfdcf1902,0xfe000103,0xfdcd1a02,0xfe000103,0xfdcb1b02,0xfe000103,0xfdc91c02,0xfe000103,
		0xfdc71d02,0xfe000103,0xfdc51e02,0xfe000103,0xfdc31f02,0xfe000103,0xfdc12002,0xfe000103,0xfdbf2102,0xfe000103,
		0xfdbd2202,0xfe000103,0xfdbb2302,0xfe000103,0xfdb92402,0xfe000103,0xfdb72502,0xfe000103,0xfdb52602,0xfe000103,
		0xfdb32702,0xfe000103,0xfdb12802,0xfe000103,0xfdaf2902,0xfe000103,0xfdad2a02,0xfe000103,0xfdab2b02,0xfe000103,
		0xfda92c02,0xfe000103,0xfda72d02,0xfe000103,0xfda52e02,0xfe000103,0xfda32f02,0xfe000103,0xfda13002,0xfe000103,
		0xfd9f3102,0xfe000103,0xfd9d3202,0xfe000103,0xfd9b3302,0xfe000103,0xfd993402,0xfe000103,0xfd973502,0xfe000103,
		0xfd953602,0xfe000103,0xfd933702,0xfe000103,0xfd913802,0xfe000103,0xfd8f3902,0xfe000103,0xfd8d3a02,0xfe000103,
		0xfd8b3b02,0xfe000103,0xfd893c02,0xfe000103,0xfd873d02,0xfe000103,0xfd853e02,0xfe000103,0xfd833f02,0xfe000103,
		0xfd81c002,0xfe000103,0xfd7fc102,0xfe000103,0xfd7dc202,0xfe000103,0xfd7bc302,0xfe000103,0xfd79c402,0xfe000103,
		0xfd77c502,0xfe000103,0xfd75c602,0xfe000103,0xfd73c702,0xfe000103,0xfd71c802,0xfe000103,0xfd6fc902,0xfe000103,
		0xfd6dca02,0xfe000103,0xfd6bcb02,0xfe000103,0xfd69cc02,0xfe000103,0xfd67cd02,0xfe000103,0xfd65ce02,0xfe000103,
		0xfd63cf02,0xfe000103,0xfd61d002,0xfe000103,0xfd5fd102,0xfe000103,0xfd5dd202,0xfe000103,0xfd5bd302,0xfe000103,
		0xfd59d402,0xfe000103,0xfd57d502,0xfe000103,0xfd55d602,0xfe000103,0xfd53d702,0xfe000103,0xfd51d802,0xfe000103,
		0xfd4fd902,0xfe000103,0xfd4dda02,0xfe000103,0xfd4bdb02,0xfe000103,0xfd49dc02,0xfe000103,0xfd47dd02,0xfe000103,
		0xfd45de02,0xfe000103,0xfd43df02,0xfe000103,0xfd41e002,0xfe000103,0xfd3fe102,0xfe000103,0xfd3de202,0xfe000103,
		0xfd3be302,0xfe000103,0xfd39e402,0xfe000103,0xfd37e502,0xfe000103,0xfd35e602,0xfe000103,0xfd33e702,0xfe000103,
		0xfd31e802,0xfe000103,0xfd2fe902,0xfe000103,0xfd2dea02,0xfe000103,0xfd2beb02,0xfe000103,0xfd29ec02,0xfe000103,
		0xfd27ed02,0xfe000103,0xfd25ee02,0xfe000103,0xfd23ef02,0xfe000103,0xfd21f002,0xfe000103,0xfd1ff102,0xfe000103,
		0xfd1df202,0xfe000103,0xfd1bf302,0xfe000103,0xfd19f402,0xfe000103,0xfd17f502,0xfe000103,0xfd15f602,0xfe000103,
		0xfd13f702,0xfe000103,0xfd11f802,0xfe000103,0xfd0ff902,0xfe000103,0xfd0dfa02,0xfe000103,0xfd0bfb02,0xfe000103,
		0xfd09fc02,0xfe000103,0xfd07fd02,0xfe000103,0xfd05fe02,0xfe000103,0xfd03ff02,0xfe000103,0xfd030000,0xfd020100,
		0xfd010200,0xfd000300,0xfcff0400,0xfcfe0500,0xfcfd0600,0xfcfc0700,0xfcfb0800,0xfcfa0900,0xfcf90a00,0xfcf80b00,
		0xfcf70c00,0xfcf60d00,0xfcf50e00,0xfcf40f00,0xfcf31000,0xfcf21100,0xfcf11200,0xfcf01300,0xfcef1400,0xfcee1500,
		0xfced1600,0xfcec1700,0xfceb1800,0xfcea1900,0xfce91a00,0xfce81b00,0xfce71c00,0xfce61d00,0xfce51e00,0xfce41f00,
		0xfce32000,0xfce22100,0xfce12200,0xfce02300,0xfcdf2400,0xfcde2500,0xfcdd2600,0xfcdc2700,0xfcdb2800,0xfcda2900,
		0xfcd92a00,0xfcd82b00,0xfcd72c00,0xfcd62d00,0xfcd52e00,0xfcd42f00,0xfcd33000,0xfcd23100,0xfcd13200,0xfcd03300,
		0xfccf3400,0xfcce3500,0xfccd3600,0xfccc3700,0xfccb3800,0xfcca3900,0xfcc93a00,0xfcc83b00,0xfcc73c00,0xfcc63d00,
		0xfcc53e00,0xfcc43f00,0xfcc34000,0xfcc24100,0xfcc14200,0xfcc04300,0xfcbf4400,0xfcbe4500,0xfcbd4600,0xfcbc4700,
		0xfcbb4800,0xfcba4900,0xfcb94a00,0xfcb84b00,0xfcb74c00,0xfcb64d00,0xfcb54e00,0xfcb44f00,0xfcb35000,0xfcb25100,
		0xfcb15200,0xfcb05300,0xfcaf5400,0xfcae5500,0xfcad5600,0xfcac5700,0xfcab5800,0xfcaa5900,0xfca95a00,0xfca85b00,
		0xfca75c00,0xfca65d00,0xfca55e00,0xfca45f00,0xfca36000,0xfca26100,0xfca16200,0xfca06300,0xfc9f6400,0xfc9e6500,
		0xfc9d6600,0xfc9c6700,0xfc9b6800,0xfc9a6900,0xfc996a00,0xfc986b00,0xfc976c00,0xfc966d00,0xfc956e00,0xfc946f00,
		0xfc937000,0xfc927100,0xfc917200,0xfc907300,0xfc8f7400,0xfc8e7500,0xfc8d7600,0xfc8c7700,0xfc8b7800,0xfc8a7900,
		0xfc897a00,0xfc887b00,0xfc877c00,0xfc867d00,0xfc857e00,0xfc847f00,0xfc838000,0xfc828100,0xfc818200,0xfc808300,
		0xfc7f8400,0xfc7e8500,0xfc7d8600,0xfc7c8700,0xfc7b8800,0xfc7a8900,0xfc798a00,0xfc788b00,0xfc778c00,0xfc768d00,
		0xfc758e00,0xfc748f00,0xfc739000,0xfc729100,0xfc719200,0xfc709300,0xfc6f9400,0xfc6e9500,0xfc6d9600,0xfc6c9700,
		0xfc6b9800,0xfc6a9900,0xfc699a00,0xfc689b00,0xfc679c00,0xfc669d00,0xfc659e00,0xfc649f00,0xfc63a000,0xfc62a100,
		0xfc61a200,0xfc60a300,0xfc5fa400,0xfc5ea500,0xfc5da600,0xfc5ca700,0xfc5ba800,0xfc5aa900,0xfc59aa00,0xfc58ab00,
		0xfc57ac00,0xfc56ad00,0xfc55ae00,0xfc54af00,0xfc53b000,0xfc52b100,0xfc51b200,0xfc50b300,0xfc4fb400,0xfc4eb500,
		0xfc4db600,0xfc4cb700,0xfc4bb800,0xfc4ab900,0xfc49ba00,0xfc48bb00,0xfc47bc00,0xfc46bd00,0xfc45be00,0xfc44bf00,
		0xfc43c000,0xfc42c100,0xfc41c200,0xfc40c300,0xfc3fc400,0xfc3ec500,0xfc3dc600,0xfc3cc700,0xfc3bc800,0xfc3ac900,
		0xfc39ca00,0xfc38cb00,0xfc37cc00,0xfc36cd00,0xfc35ce00,0xfc34cf00,0xfc33d000,0xfc32d100,0xfc31d200,0xfc30d300,
		0xfc2fd400,0xfc2ed500,0xfc2dd600,0xfc2cd700,0xfc2bd800,0xfc2ad900,0xfc29da00,0xfc28db00,0xfc27dc00,0xfc26dd00,
		0xfc25de00,0xfc24df00,0xfc23e000,0xfc22e100,0xfc21e200,0xfc20e300,0xfc1fe400,0xfc1ee500,0xfc1de600,0xfc1ce700,
		0xfc1be800,0xfc1ae900,0xfc19ea00,0xfc18eb00,0xfc17ec00,0xfc16ed00,0xfc15ee00,0xfc14ef00,0xfc13f000,0xfc12f100,
		0xfc11f200,0xfc10f300,0xfc0ff400,0xfc0ef500,0xfc0df600,0xfc0cf700,0xfc0bf800,0xfc0af900,0xfc09fa00,0xfc08fb00,
		0xfc07fc00,0xfc06fd00,0xfc05fe00,0xfc04ff00,0xfc010004,0xfc000205,0xfbff0105,0xfc000205,0xfbfd0104,0xfc000205,
		0xfbfd0105,0xfc000205,0xfbf90204,0xfc000205,0xfbfb0105,0xfc000205,0xfbf50304,0xfc000205,0xfbf90105,0xfc000205,
		0xfbf10404,0xfc000205,0xfbf70105,0xfc000205,0xfbed0504,0xfc000205,0xfbf50105,0xfc000205,0xfbe90604,0xfc000205,
		0xfbf30105,0xfc000205,0xfbe50704,0xfc000205,0xfbf10105,0xfc000205,0xfbe10804,0xfc000205,0xfbef0105,0xfc000205,
		0xfbdd0904,0xfc000205,0xfbed0105,0xfc000205,0xfbd90a04,0xfc000205,0xfbeb0105,0xfc000205,0xfbd50b04,0xfc000205,
		0xfbe90105,0xfc000205,0xfbd10c04,0xfc000205,0xfbe70105,0xfc000205,0xfbcd0d04,0xfc000205,0xfbe50105,0xfc000205,
		0xfbc90e04,0xfc000205,0xfbe30105,0xfc000205,0xfbc50f04,0xfc000205,0xfbe10105,0xfc000205,0xfbc11004,0xfc000205,
		0xfbdf0105,0xfc000205,0xfbbd1104,0xfc000205,0xfbdd0105,0xfc000205,0xfbb91204,0xfc000205,0xfbdb0105,0xfc000205,
		0xfbb51304,0xfc000205,0xfbd90105,0xfc000205,0xfbb11404,0xfc000205,0xfbd70105,0xfc000205,0xfbad1504,0xfc000205,
		0xfbd50105,0xfc000205,0xfba91604,0xfc000205,0xfbd30105,0xfc000205,0xfba51704,0xfc000205,0xfbd10105,0xfc000205,
		0xfba11804,0xfc000205,0xfbcf0105,0xfc000205,0xfb9d1904,0xfc000205,0xfbcd0105,0xfc000205,0xfb991a04,0xfc000205,
		0xfbcb0105,0xfc000205,0xfb951b04,0xfc000205,0xfbc90105,0xfc000205,0xfb911c04,0xfc000205,0xfbc70105,0xfc000205,
		0xfb8d1d04,0xfc000205,0xfbc50105,0xfc000205,0xfb891e04,0xfc000205,0xfbc30105,0xfc000205,0xfb851f04,0xfc000205,
		0xfbc10105,0xfc000205,0xfb81e004,0xfc000205,0xfc3f0105,0xfc000205,0xfb7de104,0xfc000205,0xfc3d0105,0xfc000205,
		0xfb79e204,0xfc000205,0xfc3b0105,0xfc000205,0xfb75e304,0xfc000205,0xfc390105,0xfc000205,0xfb71e404,0xfc000205,
		0xfc370105,0xfc000205,0xfb6de504,0xfc000205,0xfc350105,0xfc000205,0xfb69e604,0xfc000205,0xfc330105,0xfc000205,
		0xfb65e704,0xfc000205,0xfc310105,0xfc000205,0xfb61e804,0xfc000205,0xfc2f0105,0xfc000205,0xfb5de904,0xfc000205,
		0xfc2d0105,0xfc000205,0xfb59ea04,0xfc000205,0xfc2b0105,0xfc000205,0xfb55eb04,0xfc000205,0xfc290105,0xfc000205,
		0xfb51ec04,0xfc000205,0xfc270105,0xfc000205,0xfb4ded04,0xfc000205,0xfc250105,0xfc000205,0xfb49ee04,0xfc000205,
		0xfc230105,0xfc000205,0xfb45ef04,0xfc000205,0xfc210105,0xfc000205,0xfb41f004,0xfc000205,0xfc1f0105,0xfc000205,
		0xfb3df104,0xfc000205,0xfc1d0105,0xfc000205,0xfb39f204,0xfc000205,0xfc1b0105,0xfc000205,0xfb35f304,0xfc000205,
		0xfc190105,0xfc000205,0xfb31f404,0xfc000205,0xfc170105,0xfc000205,0xfb2df504,0xfc000205,0xfc150105,0xfc000205,
		0xfb29f604,0xfc000205,0xfc130105,0xfc000205,0xfb25f704,0xfc000205,0xfc110105,0xfc000205,0xfb21f804,0xfc000205,
		0xfc0f0105,0xfc000205,0xfb1df904,0xfc000205,0xfc0d0105,0xfc000205,0xfb19fa04,0xfc000205,0xfc0b0105,0xfc000205,
		0xfb15fb04,0xfc000205,0xfc090105,0xfc000205,0xfb11fc04,0xfc000205,0xfc070105,0xfc000205,0xfb0dfd04,0xfc000205,
		0xfc050105,0xfc000205,0xfb09fe04,0xfc000205,0xfc030105,0xfc000205,0xfb05ff04,0xfc000205,0xfc010105,0xfc000205,
		0xfb050000,0xfb040100,0xfb030200,0xfb020300,0xfb010400,0xfb000500,0xfaff0600,0xfafe0700,0xfafd0800,0xfafc0900,
		0xfafb0a00,0xfafa0b00,0xfaf90c00,0xfaf80d00,0xfaf70e00,0xfaf60f00,0xfaf51000,0xfaf41100,0xfaf31200,0xfaf21300,
		0xfaf11400,0xfaf01500,0xfaef1600,0xfaee1700,0xfaed1800,0xfaec1900,0xfaeb1a00,0xfaea1b00,0xfae91c00,0xfae81d00,
		0xfae71e00,0xfae61f00,0xfae52000,0xfae42100,0xfae32200,0xfae22300,0xfae12400,0xfae02500,0xfadf2600,0xfade2700,
		0xfadd2800,0xfadc2900,0xfadb2a00,0xfada2b00,0xfad92c00,0xfad82d00,0xfad72e00,0xfad62f00,0xfad53000,0xfad43100,
		0xfad33200,0xfad23300,0xfad13400,0xfad03500,0xfacf3600,0xface3700,0xfacd3800,0xfacc3900,0xfacb3a00,0xfaca3b00,
		0xfac93c00,0xfac83d00,0xfac73e00,0xfac63f00,0xfac54000,0xfac44100,0xfac34200,0xfac24300,0xfac14400,0xfac04500,
		0xfabf4600,0xfabe4700,0xfabd4800,0xfabc4900,0xfabb4a00,0xfaba4b00,0xfab94c00,0xfab84d00,0xfab74e00,0xfab64f00,
		0xfab55000,0xfab45100,0xfab35200,0xfab25300,0xfab15400,0xfab05500,0xfaaf5600,0xfaae5700,0xfaad5800,0xfaac5900,
		0xfaab5a00,0xfaaa5b00,0xfaa95c00,0xfaa85d00,0xfaa75e00,0xfaa65f00,0xfaa56000,0xfaa46100,0xfaa36200,0xfaa26300,
		0xfaa16400,0xfaa06500,0xfa9f6600,0xfa9e6700,0xfa9d6800,0xfa9c6900,0xfa9b6a00,0xfa9a6b00,0xfa996c00,0xfa986d00,
		0xfa976e00,0xfa966f00,0xfa957000,0xfa947100,0xfa937200,0xfa927300,0xfa917400,0xfa907500,0xfa8f7600,0xfa8e7700,
		0xfa8d7800,0xfa8c7900,0xfa8b7a00,0xfa8a7b00,0xfa897c00,0xfa887d00,0xfa877e00,0xfa867f00,0xfa858000,0xfa848100,
		0xfa838200,0xfa828300,0xfa818400,0xfa808500,0xfa7f8600,0xfa7e8700,0xfa7d8800,0xfa7c8900,0xfa7b8a00,0xfa7a8b00,
		0xfa798c00,0xfa788d00,0xfa778e00,0xfa768f00,0xfa759000,0xfa749100,0xfa739200,0xfa729300,0xfa719400,0xfa709500,
		0xfa6f9600,0xfa6e9700,0xfa6d9800,0xfa6c9900,0xfa6b9a00,0xfa6a9b00,0xfa699c00,0xfa689d00,0xfa679e00,0xfa669f00,
		0xfa65a000,0xfa64a100,0xfa63a200,0xfa62a300,0xfa61a400,0xfa60a500,0xfa5fa600,0xfa5ea700,0xfa5da800,0xfa5ca900,
		0xfa5baa00,0xfa5aab00,0xfa59ac00,0xfa58ad00,0xfa57ae00,0xfa56af00,0xfa55b000,0xfa54b100,0xfa53b200,0xfa52b300,
		0xfa51b400,0xfa50b500,0xfa4fb600,0xfa4eb700,0xfa4db800,0xfa4cb900,0xfa4bba00,0xfa4abb00,0xfa49bc00,0xfa48bd00,
		0xfa47be00,0xfa46bf00,0xfa45c000,0xfa44c100,0xfa43c200,0xfa42c300,0xfa41c400,0xfa40c500,0xfa3fc600,0xfa3ec700,
		0xfa3dc800,0xfa3cc900,0xfa3bca00,0xfa3acb00,0xfa39cc00,0xfa38cd00,0xfa37ce00,0xfa36cf00,0xfa35d000,0xfa34d100,
		0xfa33d200,0xfa32d300,0xfa31d400,0xfa30d500,0xfa2fd600,0xfa2ed700,0xfa2dd800,0xfa2cd900,0xfa2bda00,0xfa2adb00,
		0xfa29dc00,0xfa28dd00,0xfa27de00,0xfa26df00,0xfa25e000,0xfa24e100,0xfa23e200,0xfa22e300,0xfa21e400,0xfa20e500,
		0xfa1fe600,0xfa1ee700,0xfa1de800,0xfa1ce900,0xfa1bea00,0xfa1aeb00,0xfa19ec00,0xfa18ed00,0xfa17ee00,0xfa16ef00,
		0xfa15f000,0xfa14f100,0xfa13f200,0xfa12f300,0xfa11f400,0xfa10f500,0xfa0ff600,0xfa0ef700,0xfa0df800,0xfa0cf900,
		0xfa0bfa00,0xfa0afb00,0xfa09fc00,0xfa08fd00,0xfa07fe00,0xfa06ff00,0xfa030002,0xfa000303,0xfa010102,0xfa000303,
		0xf9ff0202,0xfa000303,0xf9fd0302,0xfa000303,0xf9fb0402,0xfa000303,0xf9f90502,0xfa000303,0xf9f70602,0xfa000303,
		0xf9f50702,0xfa000303,0xf9f30802,0xfa000303,0xf9f10902,0xfa000303,0xf9ef0a02,0xfa000303,0xf9ed0b02,0xfa000303,
		0xf9eb0c02,0xfa000303,0xf9e90d02,0xfa000303,0xf9e70e02,0xfa000303,0xf9e50f02,0xfa000303,0xf9e31002,0xfa000303,
		0xf9e11102,0xfa000303,0xf9df1202,0xfa000303,0xf9dd1302,0xfa000303,0xf9db1402,0xfa000303,0xf9d91502,0xfa000303,
		0xf9d71602,0xfa000303,0xf9d51702,0xfa000303,0xf9d31802,0xfa000303,0xf9d11902,0xfa000303,0xf9cf1a02,0xfa000303,
		0xf9cd1b02,0xfa000303,0xf9cb1c02,0xfa000303,0xf9c91d02,0xfa000303,0xf9c71e02,0xfa000303,0xf9c51f02,0xfa000303,
		0xf9c32002,0xfa000303,0xf9c12102,0xfa000303,0xf9bf2202,0xfa000303,0xf9bd2302,0xfa000303,0xf9bb2402,0xfa000303,
		0xf9b92502,0xfa000303,0xf9b72602,0xfa000303,0xf9b52702,0xfa000303,0xf9b32802,0xfa000303,0xf9b12902,0xfa000303,
		0xf9af2a02,0xfa000303,0xf9ad2b02,0xfa000303,0xf9ab2c02,0xfa000303,0xf9a92d02,0xfa000303,0xf9a72e02,0xfa000303,
		0xf9a52f02,0xfa000303,0xf9a33002,0xfa000303,0xf9a13102,0xfa000303,0xf99f3202,0xfa000303,0xf99d3302,0xfa000303,
		0xf99b3402,0xfa000303,0xf9993502,0xfa000303,0xf9973602,0xfa000303,0xf9953702,0xfa000303,0xf9933802,0xfa000303,
		0xf9913902,0xfa000303,0xf98f3a02,0xfa000303,0xf98d3b02,0xfa000303,0xf98b3c02,0xfa000303,0xf9893d02,0xfa000303,
		0xf9873e02,0xfa000303,0xf9853f02,0xfa000303,0xf983c002,0xfa000303,0xf981c102,0xfa000303,0xf97fc202,0xfa000303,
		0xf97dc302,0xfa000303,0xf97bc402,0xfa000303,0xf979c502,0xfa000303,0xf977c602,0xfa000303,0xf975c702,0xfa000303,
		0xf973c802,0xfa000303,0xf971c902,0xfa000303,0xf96fca02,0xfa000303,0xf96dcb02,0xfa000303,0xf96bcc02,0xfa000303,
		0xf969cd02,0xfa000303,0xf967ce02,0xfa000303,0xf965cf02,0xfa000303,0xf963d002,0xfa000303,0xf961d102,0xfa000303,
		0xf95fd202,0xfa000303,0xf95dd302,0xfa000303,0xf95bd402,0xfa000303,0xf959d502,0xfa000303,0xf957d602,0xfa000303,
		0xf955d702,0xfa000303,0xf953d802,0xfa000303,0xf951d902,0xfa000303,0xf94fda02,0xfa000303,0xf94ddb02,0xfa000303,
		0xf94bdc02,0xfa000303,0xf949dd02,0xfa000303,0xf947de02,0xfa000303,0xf945df02,0xfa000303,0xf943e002,0xfa000303,
		0xf941e102,0xfa000303,0xf93fe202,0xfa000303,0xf93de302,0xfa000303,0xf93be402,0xfa000303,0xf939e502,0xfa000303,
		0xf937e602,0xfa000303,0xf935e702,0xfa000303,0xf933e802,0xfa000303,0xf931e902,0xfa000303,0xf92fea02,0xfa000303,
		0xf92deb02,0xfa000303,0xf92bec02,0xfa000303,0xf929ed02,0xfa000303,0xf927ee02,0xfa000303,0xf925ef02,0xfa000303,
		0xf923f002,0xfa000303,0xf921f102,0xfa000303,0xf91ff202,0xfa000303,0xf91df302,0xfa000303,0xf91bf402,0xfa000303,
		0xf919f502,0xfa000303,0xf917f602,0xfa000303,0xf915f702,0xfa000303,0xf913f802,0xfa000303,0xf911f902,0xfa000303,
		0xf90ffa02,0xfa000303,0xf90dfb02,0xfa000303,0xf90bfc02,0xfa000303,0xf909fd02,0xfa000303,0xf907fe02,0xfa000303,
		0xf905ff02,0xfa000303,0xf9070000,0xf9060100,0xf9050200,0xf9040300,0xf9030400,0xf9020500,0xf9010600,0xf9000700,
		0xf8ff0800,0xf8fe0900,0xf8fd0a00,0xf8fc0b00,0xf8fb0c00,0xf8fa0d00,0xf8f90e00,0xf8f80f00,0xf8f71000,0xf8f61100,
		0xf8f51200,0xf8f41300,0xf8f31400,0xf8f21500,0xf8f11600,0xf8f01700,0xf8ef1800,0xf8ee1900,0xf8ed1a00,0xf8ec1b00,
		0xf8eb1c00,0xf8ea1d00,0xf8e91e00,0xf8e81f00,0xf8e72000,0xf8e62100,0xf8e52200,0xf8e42300,0xf8e32400,0xf8e22500,
		0xf8e12600,0xf8e02700,0xf8df2800,0xf8de2900,0xf8dd2a00,0xf8dc2b00,0xf8db2c00,0xf8da2d00,0xf8d92e00,0xf8d82f00,
		0xf8d73000,0xf8d63100,0xf8d53200,0xf8d43300,0xf8d33400,0xf8d23500,0xf8d13600,0xf8d03700,0xf8cf3800,0xf8ce3900,
		0xf8cd3a00,0xf8cc3b00,0xf8cb3c00,0xf8ca3d00,0xf8c93e00,0xf8c83f00,0xf8c74000,0xf8c64100,0xf8c54200,0xf8c44300,
		0xf8c34400,0xf8c24500,0xf8c14600,0xf8c04700,0xf8bf4800,0xf8be4900,0xf8bd4a00,0xf8bc4b00,0xf8bb4c00,0xf8ba4d00,
		0xf8b94e00,0xf8b84f00,0xf8b75000,0xf8b65100,0xf8b55200,0xf8b45300,0xf8b35400,0xf8b25500,0xf8b15600,0xf8b05700,
		0xf8af5800,0xf8ae5900,0xf8ad5a00,0xf8ac5b00,0xf8ab5c00,0xf8aa5d00,0xf8a95e00,0xf8a85f00,0xf8a76000,0xf8a66100,
		0xf8a56200,0xf8a46300,0xf8a36400,0xf8a26500,0xf8a16600,0xf8a06700,0xf89f6800,0xf89e6900,0xf89d6a00,0xf89c6b00,
		0xf89b6c00,0xf89a6d00,0xf8996e00,0xf8986f00,0xf8977000,0xf8967100,0xf8957200,0xf8947300,0xf8937400,0xf8927500,
		0xf8917600,0xf8907700,0xf88f7800,0xf88e7900,0xf88d7a00,0xf88c7b00,0xf88b7c00,0xf88a7d00,0xf8897e00,0xf8887f00,
		0xf8878000,0xf8868100,0xf8858200,0xf8848300,0xf8838400,0xf8828500,0xf8818600,0xf8808700,0xf87f8800,0xf87e8900,
		0xf87d8a00,0xf87c8b00,0xf87b8c00,0xf87a8d00,0xf8798e00,0xf8788f00,0xf8779000,0xf8769100,0xf8759200,0xf8749300,
		0xf8739400,0xf8729500,0xf8719600,0xf8709700,0xf86f9800,0xf86e9900,0xf86d9a00,0xf86c9b00,0xf86b9c00,0xf86a9d00,
		0xf8699e00,0xf8689f00,0xf867a000,0xf866a100,0xf865a200,0xf864a300,0xf863a400,0xf862a500,0xf861a600,0xf860a700,
		0xf85fa800,0xf85ea900,0xf85daa00,0xf85cab00,0xf85bac00,0xf85aad00,0xf859ae00,0xf858af00,0xf857b000,0xf856b100,
		0xf855b200,0xf854b300,0xf853b400,0xf852b500,0xf851b600,0xf850b700,0xf84fb800,0xf84eb900,0xf84dba00,0xf84cbb00,
		0xf84bbc00,0xf84abd00,0xf849be00,0xf848bf00,0xf847c000,0xf846c100,0xf845c200,0xf844c300,0xf843c400,0xf842c500,
		0xf841c600,0xf840c700,0xf83fc800,0xf83ec900,0xf83dca00,0xf83ccb00,0xf83bcc00,0xf83acd00,0xf839ce00,0xf838cf00,
		0xf837d000,0xf836d100,0xf835d200,0xf834d300,0xf833d400,0xf832d500,0xf831d600,0xf830d700,0xf82fd800,0xf82ed900,
		0xf82dda00,0xf82cdb00,0xf82bdc00,0xf82add00,0xf829de00,0xf828df00,0xf827e000,0xf826e100,0xf825e200,0xf824e300,
		0xf823e400,0xf822e500,0xf821e600,0xf820e700,0xf81fe800,0xf81ee900,0xf81dea00,0xf81ceb00,0xf81bec00,0xf81aed00,
		0xf819ee00,0xf818ef00,0xf817f000,0xf816f100,0xf815f200,0xf814f300,0xf813f400,0xf812f500,0xf811f600,0xf810f700,
		0xf80ff800,0xf80ef900,0xf80dfa00,0xf80cfb00,0xf80bfc00,0xf80afd00,0xf809fe00,0xf808ff00,0xf8010006,0xf8000407,
		0xf7ff0207,0xf8000407,0xf7fd0107,0xf8000407,0xf7fd0207,0xf8000407,0xf7f90106,0xf8000407,0xf7fb0207,0xf8000407,
		0xf7f70107,0xf8000407,0xf7f90207,0xf8000407,0xf7f10206,0xf8000407,0xf7f70207,0xf8000407,0xf7f10107,0xf8000407,
		0xf7f50207,0xf8000407,0xf7e90306,0xf8000407,0xf7f30207,0xf8000407,0xf7eb0107,0xf8000407,0xf7f10207,0xf8000407,
		0xf7e10406,0xf8000407,0xf7ef0207,0xf8000407,0xf7e50107,0xf8000407,0xf7ed0207,0xf8000407,0xf7d90506,0xf8000407,
		0xf7eb0207,0xf8000407,0xf7df0107,0xf8000407,0xf7e90207,0xf8000407,0xf7d10606,0xf8000407,0xf7e70207,0xf8000407,
		0xf7d90107,0xf8000407,0xf7e50207,0xf8000407,0xf7c90706,0xf8000407,0xf7e30207,0xf8000407,0xf7d30107,0xf8000407,
		0xf7e10207,0xf8000407,0xf7c10806,0xf8000407,0xf7df0207,0xf8000407,0xf7cd0107,0xf8000407,0xf7dd0207,0xf8000407,
		0xf7b90906,0xf8000407,0xf7db0207,0xf8000407,0xf7c70107,0xf8000407,0xf7d90207,0xf8000407,0xf7b10a06,0xf8000407,
		0xf7d70207,0xf8000407,0xf7c10107,0xf8000407,0xf7d50207,0xf8000407,0xf7a90b06,0xf8000407,0xf7d30207,0xf8000407,
		0xf7bb0107,0xf8000407,0xf7d10207,0xf8000407,0xf7a10c06,0xf8000407,0xf7cf0207,0xf8000407,0xf7b50107,0xf8000407,
		0xf7cd0207,0xf8000407,0xf7990d06,0xf8000407,0xf7cb0207,0xf8000407,0xf7af0107,0xf8000407,0xf7c90207,0xf8000407,
		0xf7910e06,0xf8000407,0xf7c70207,0xf8000407,0xf7a90107,0xf8000407,0xf7c50207,0xf8000407,0xf7890f06,0xf8000407,
		0xf7c30207,0xf8000407,0xf7a30107,0xf8000407,0xf7c10207,0xf8000407,0xf781f006,0xf8000407,0xf83f0207,0xf8000407,
		0xf85d0107,0xf8000407,0xf83d0207,0xf8000407,0xf779f106,0xf8000407,0xf83b0207,0xf8000407,0xf8570107,0xf8000407,
		0xf8390207,0xf8000407,0xf771f206,0xf8000407,0xf8370207,0xf8000407,0xf8510107,0xf8000407,0xf8350207,0xf8000407,
		0xf769f306,0xf8000407,0xf8330207,0xf8000407,0xf84b0107,0xf8000407,0xf8310207,0xf8000407,0xf761f406,0xf8000407,
		0xf82f0207,0xf8000407,0xf8450107,0xf8000407,0xf82d0207,0xf8000407,0xf759f506,0xf8000407,0xf82b0207,0xf8000407,
		0xf83f0107,0xf8000407,0xf8290207,0xf8000407,0xf751f606,0xf8000407,0xf8270207,0xf8000407,0xf8390107,0xf8000407,
		0xf8250207,0xf8000407,0xf749f706,0xf8000407,0xf8230207,0xf8000407,0xf8330107,0xf8000407,0xf8210207,0xf8000407,
		0xf741f806,0xf8000407,0xf81f0207,0xf8000407,0xf82d0107,0xf8000407,0xf81d0207,0xf8000407,0xf739f906,0xf8000407,
		0xf81b0207,0xf8000407,0xf8270107,0xf8000407,0xf8190207,0xf8000407,0xf731fa06,0xf8000407,0xf8170207,0xf8000407,
		0xf8210107,0xf8000407,0xf8150207,0xf8000407,0xf729fb06,0xf8000407,0xf8130207,0xf8000407,0xf81b0107,0xf8000407,
		0xf8110207,0xf8000407,0xf721fc06,0xf8000407,0xf80f0207,0xf8000407,0xf8150107,0xf8000407,0xf80d0207,0xf8000407,
		0xf719fd06,0xf8000407,0xf80b0207,0xf8000407,0xf80f0107,0xf8000407,0xf8090207,0xf8000407,0xf711fe06,0xf8000407,
		0xf8070207,0xf8000407,0xf8090107,0xf8000407,0xf8050207,0xf8000407,0xf709ff06,0xf8000407,0xf8030207,0xf8000407,
		0xf8030107,0xf8000407,0xf8010207,0xf8000407,0xf7090000,0xf7080100,0xf7070200,0xf7060300,0xf7050400,0xf7040500,
		0xf7030600,0xf7020700,0xf7010800,0xf7000900,0xf6ff0a00,0xf6fe0b00,0xf6fd0c00,0xf6fc0d00,0xf6fb0e00,0xf6fa0f00,
		0xf6f91000,0xf6f81100,0xf6f71200,0xf6f61300,0xf6f51400,0xf6f41500,0xf6f31600,0xf6f21700,0xf6f11800,0xf6f01900,
		0xf6ef1a00,0xf6ee1b00,0xf6ed1c00,0xf6ec1d00,0xf6eb1e00,0xf6ea1f00,0xf6e92000,0xf6e82100,0xf6e72200,0xf6e62300,
		0xf6e52400,0xf6e42500,0xf6e32600,0xf6e22700,0xf6e12800,0xf6e02900,0xf6df2a00,0xf6de2b00,0xf6dd2c00,0xf6dc2d00,
		0xf6db2e00,0xf6da2f00,0xf6d93000,0xf6d83100,0xf6d73200,0xf6d63300,0xf6d53400,0xf6d43500,0xf6d33600,0xf6d23700,
		0xf6d13800,0xf6d03900,0xf6cf3a00,0xf6ce3b00,0xf6cd3c00,0xf6cc3d00,0xf6cb3e00,0xf6ca3f00,0xf6c94000,0xf6c84100,
		0xf6c74200,0xf6c64300,0xf6c54400,0xf6c44500,0xf6c34600,0xf6c24700,0xf6c14800,0xf6c04900,0xf6bf4a00,0xf6be4b00,
		0xf6bd4c00,0xf6bc4d00,0xf6bb4e00,0xf6ba4f00,0xf6b95000,0xf6b85100,0xf6b75200,0xf6b65300,0xf6b55400,0xf6b45500,
		0xf6b35600,0xf6b25700,0xf6b15800,0xf6b05900,0xf6af5a00,0xf6ae5b00,0xf6ad5c00,0xf6ac5d00,0xf6ab5e00,0xf6aa5f00,
		0xf6a96000,0xf6a86100,0xf6a76200,0xf6a66300,0xf6a56400,0xf6a46500,0xf6a36600,0xf6a26700,0xf6a16800,0xf6a06900,
		0xf69f6a00,0xf69e6b00,0xf69d6c00,0xf69c6d00,0xf69b6e00,0xf69a6f00,0xf6997000,0xf6987100,0xf6977200,0xf6967300,
		0xf6957400,0xf6947500,0xf6937600,0xf6927700,0xf6917800,0xf6907900,0xf68f7a00,0xf68e7b00,0xf68d7c00,0xf68c7d00,
		0xf68b7e00,0xf68a7f00,0xf6898000,0xf6888100,0xf6878200,0xf6868300,0xf6858400,0xf6848500,0xf6838600,0xf6828700,
		0xf6818800,0xf6808900,0xf67f8a00,0xf67e8b00,0xf67d8c00,0xf67c8d00,0xf67b8e00,0xf67a8f00,0xf6799000,0xf6789100,
		0xf6779200,0xf6769300,0xf6759400,0xf6749500,0xf6739600,0xf6729700,0xf6719800,0xf6709900,0xf66f9a00,0xf66e9b00,
		0xf66d9c00,0xf66c9d00,0xf66b9e00,0xf66a9f00,0xf669a000,0xf668a100,0xf667a200,0xf666a300,0xf665a400,0xf664a500,
		0xf663a600,0xf662a700,0xf661a800,0xf660a900,0xf65faa00,0xf65eab00,0xf65dac00,0xf65cad00,0xf65bae00,0xf65aaf00,
		0xf659b000,0xf658b100,0xf657b200,0xf656b300,0xf655b400,0xf654b500,0xf653b600,0xf652b700,0xf651b800,0xf650b900,
		0xf64fba00,0xf64ebb00,0xf64dbc00,0xf64cbd00,0xf64bbe00,0xf64abf00,0xf649c000,0xf648c100,0xf647c200,0xf646c300,
		0xf645c400,0xf644c500,0xf643c600,0xf642c700,0xf641c800,0xf640c900,0xf63fca00,0xf63ecb00,0xf63dcc00,0xf63ccd00,
		0xf63bce00,0xf63acf00,0xf639d000,0xf638d100,0xf637d200,0xf636d300,0xf635d400,0xf634d500,0xf633d600,0xf632d700,
		0xf631d800,0xf630d900,0xf62fda00,0xf62edb00,0xf62ddc00,0xf62cdd00,0xf62bde00,0xf62adf00,0xf629e000,0xf628e100,
		0xf627e200,0xf626e300,0xf625e400,0xf624e500,0xf623e600,0xf622e700,0xf621e800,0xf620e900,0xf61fea00,0xf61eeb00,
		0xf61dec00,0xf61ced00,0xf61bee00,0xf61aef00,0xf619f000,0xf618f100,0xf617f200,0xf616f300,0xf615f400,0xf614f500,
		0xf613f600,0xf612f700,0xf611f800,0xf610f900,0xf60ffa00,0xf60efb00,0xf60dfc00,0xf60cfd00,0xf60bfe00,0xf60aff00,
		0xf6050002,0xf6000503,0xf6030102,0xf6000503,0xf6010202,0xf6000503,0xf5ff0302,0xf6000503,0xf5fd0402,0xf6000503,
		0xf5fb0502,0xf6000503,0xf5f90602,0xf6000503,0xf5f70702,0xf6000503,0xf5f50802,0xf6000503,0xf5f30902,0xf6000503,
		0xf5f10a02,0xf6000503,0xf5ef0b02,0xf6000503,0xf5ed0c02,0xf6000503,0xf5eb0d02,0xf6000503,0xf5e90e02,0xf6000503,
		0xf5e70f02,0xf6000503,0xf5e51002,0xf6000503,0xf5e31102,0xf6000503,0xf5e11202,0xf6000503,0xf5df1302,0xf6000503,
		0xf5dd1402,0xf6000503,0xf5db1502,0xf6000503,0xf5d91602,0xf6000503,0xf5d71702,0xf6000503,0xf5d51802,0xf6000503,
		0xf5d31902,0xf6000503,0xf5d11a02,0xf6000503,0xf5cf1b02,0xf6000503,0xf5cd1c02,0xf6000503,0xf5cb1d02,0xf6000503,
		0xf5c91e02,0xf6000503,0xf5c71f02,0xf6000503,0xf5c52002,0xf6000503,0xf5c32102,0xf6000503,0xf5c12202,0xf6000503,
		0xf5bf2302,0xf6000503,0xf5bd2402,0xf6000503,0xf5bb2502,0xf6000503,0xf5b92602,0xf6000503,0xf5b72702,0xf6000503,
		0xf5b52802,0xf6000503,0xf5b32902,0xf6000503,0xf5b12a02,0xf6000503,0xf5af2b02,0xf6000503,0xf5ad2c02,0xf6000503,
		0xf5ab2d02,0xf6000503,0xf5a92e02,0xf6000503,0xf5a72f02,0xf6000503,0xf5a53002,0xf6000503,0xf5a33102,0xf6000503,
		0xf5a13202,0xf6000503,0xf59f3302,0xf6000503,0xf59d3402,0xf6000503,0xf59b3502,0xf6000503,0xf5993602,0xf6000503,
		0xf5973702,0xf6000503,0xf5953802,0xf6000503,0xf5933902,0xf6000503,0xf5913a02,0xf6000503,0xf58f3b02,0xf6000503,
		0xf58d3c02,0xf6000503,0xf58b3d02,0xf6000503,0xf5893e02,0xf6000503,0xf5873f02,0xf6000503,0xf585c002,0xf6000503,
		0xf583c102,0xf6000503,0xf581c202,0xf6000503,0xf57fc302,0xf6000503,0xf57dc402,0xf6000503,0xf57bc502,0xf6000503,
		0xf579c602,0xf6000503,0xf577c702,0xf6000503,0xf575c802,0xf6000503,0xf573c902,0xf6000503,0xf571ca02,0xf6000503,
		0xf56fcb02,0xf6000503,0xf56dcc02,0xf6000503,0xf56bcd02,0xf6000503,0xf569ce02,0xf6000503,0xf567cf02,0xf6000503,
		0xf565d002,0xf6000503,0xf563d102,0xf6000503,0xf561d202,0xf6000503,0xf55fd302,0xf6000503,0xf55dd402,0xf6000503,
		0xf55bd502,0xf6000503,0xf559d602,0xf6000503,0xf557d702,0xf6000503,0xf555d802,0xf6000503,0xf553d902,0xf6000503,
		0xf551da02,0xf6000503,0xf54fdb02,0xf6000503,0xf54ddc02,0xf6000503,0xf54bdd02,0xf6000503,0xf549de02,0xf6000503,
		0xf547df02,0xf6000503,0xf545e002,0xf6000503,0xf543e102,0xf6000503,0xf541e202,0xf6000503,0xf53fe302,0xf6000503,
		0xf53de402,0xf6000503,0xf53be502,0xf6000503,0xf539e602,0xf6000503,0xf537e702,0xf6000503,0xf535e802,0xf6000503,
		0xf533e902,0xf6000503,0xf531ea02,0xf6000503,0xf52feb02,0xf6000503,0xf52dec02,0xf6000503,0xf52bed02,0xf6000503,
		0xf529ee02,0xf6000503,0xf527ef02,0xf6000503,0xf525f002,0xf6000503,0xf523f102,0xf6000503,0xf521f202,0xf6000503,
		0xf51ff302,0xf6000503,0xf51df402,0xf6000503,0xf51bf502,0xf6000503,0xf519f602,0xf6000503,0xf517f702,0xf6000503,
		0xf515f802,0xf6000503,0xf513f902,0xf6000503,0xf511fa02,0xf6000503,0xf50ffb02,0xf6000503,0xf50dfc02,0xf6000503,
		0xf50bfd02,0xf6000503,0xf509fe02,0xf6000503,0xf507ff02,0xf6000503,0xf50b0000,0xf50a0100,0xf5090200,0xf5080300,
		0xf5070400,0xf5060500,0xf5050600,0xf5040700,0xf5030800,0xf5020900,0xf5010a00,0xf5000b00,0xf4ff0c00,0xf4fe0d00,
		0xf4fd0e00,0xf4fc0f00,0xf4fb1000,0xf4fa1100,0xf4f91200,0xf4f81300,0xf4f71400,0xf4f61500,0xf4f51600,0xf4f41700,
		0xf4f31800,0xf4f21900,0xf4f11a00,0xf4f01b00,0xf4ef1c00,0xf4ee1d00,0xf4ed1e00,0xf4ec1f00,0xf4eb2000,0xf4ea2100,
		0xf4e92200,0xf4e82300,0xf4e72400,0xf4e62500,0xf4e52600,0xf4e42700,0xf4e32800,0xf4e22900,0xf4e12a00,0xf4e02b00,
		0xf4df2c00,0xf4de2d00,0xf4dd2e00,0xf4dc2f00,0xf4db3000,0xf4da3100,0xf4d93200,0xf4d83300,0xf4d73400,0xf4d63500,
		0xf4d53600,0xf4d43700,0xf4d33800,0xf4d23900,0xf4d13a00,0xf4d03b00,0xf4cf3c00,0xf4ce3d00,0xf4cd3e00,0xf4cc3f00,
		0xf4cb4000,0xf4ca4100,0xf4c94200,0xf4c84300,0xf4c74400,0xf4c64500,0xf4c54600,0xf4c44700,0xf4c34800,0xf4c24900,
		0xf4c14a00,0xf4c04b00,0xf4bf4c00,0xf4be4d00,0xf4bd4e00,0xf4bc4f00,0xf4bb5000,0xf4ba5100,0xf4b95200,0xf4b85300,
		0xf4b75400,0xf4b65500,0xf4b55600,0xf4b45700,0xf4b35800,0xf4b25900,0xf4b15a00,0xf4b05b00,0xf4af5c00,0xf4ae5d00,
		0xf4ad5e00,0xf4ac5f00,0xf4ab6000,0xf4aa6100,0xf4a96200,0xf4a86300,0xf4a76400,0xf4a66500,0xf4a56600,0xf4a46700,
		0xf4a36800,0xf4a26900,0xf4a16a00,0xf4a06b00,0xf49f6c00,0xf49e6d00,0xf49d6e00,0xf49c6f00,0xf49b7000,0xf49a7100,
		0xf4997200,0xf4987300,0xf4977400,0xf4967500,0xf4957600,0xf4947700,0xf4937800,0xf4927900,0xf4917a00,0xf4907b00,
		0xf48f7c00,0xf48e7d00,0xf48d7e00,0xf48c7f00,0xf48b8000,0xf48a8100,0xf4898200,0xf4888300,0xf4878400,0xf4868500,
		0xf4858600,0xf4848700,0xf4838800,0xf4828900,0xf4818a00,0xf4808b00,0xf47f8c00,0xf47e8d00,0xf47d8e00,0xf47c8f00,
		0xf47b9000,0xf47a9100,0xf4799200,0xf4789300,0xf4779400,0xf4769500,0xf4759600,0xf4749700,0xf4739800,0xf4729900,
		0xf4719a00,0xf4709b00,0xf46f9c00,0xf46e9d00,0xf46d9e00,0xf46c9f00,0xf46ba000,0xf46aa100,0xf469a200,0xf468a300,
		0xf467a400,0xf466a500,0xf465a600,0xf464a700,0xf463a800,0xf462a900,0xf461aa00,0xf460ab00,0xf45fac00,0xf45ead00,
		0xf45dae00,0xf45caf00,0xf45bb000,0xf45ab100,0xf459b200,0xf458b300,0xf457b400,0xf456b500,0xf455b600,0xf454b700,
		0xf453b800,0xf452b900,0xf451ba00,0xf450bb00,0xf44fbc00,0xf44ebd00,0xf44dbe00,0xf44cbf00,0xf44bc000,0xf44ac100,
		0xf449c200,0xf448c300,0xf447c400,0xf446c500,0xf445c600,0xf444c700,0xf443c800,0xf442c900,0xf441ca00,0xf440cb00,
		0xf43fcc00,0xf43ecd00,0xf43dce00,0xf43ccf00,0xf43bd000,0xf43ad100,0xf439d200,0xf438d300,0xf437d400,0xf436d500,
		0xf435d600,0xf434d700,0xf433d800,0xf432d900,0xf431da00,0xf430db00,0xf42fdc00,0xf42edd00,0xf42dde00,0xf42cdf00,
		0xf42be000,0xf42ae100,0xf429e200,0xf428e300,0xf427e400,0xf426e500,0xf425e600,0xf424e700,0xf423e800,0xf422e900,
		0xf421ea00,0xf420eb00,0xf41fec00,0xf41eed00,0xf41dee00,0xf41cef00,0xf41bf000,0xf41af100,0xf419f200,0xf418f300,
		0xf417f400,0xf416f500,0xf415f600,0xf414f700,0xf413f800,0xf412f900,0xf411fa00,0xf410fb00,0xf40ffc00,0xf40efd00,
		0xf40dfe00,0xf40cff00,0xf4030004,0xf4000605,0xf3ff0305,0xf4000605,0xf3ff0104,0xf4000605,0xf3fd0305,0xf4000605,
		0xf3fb0204,0xf4000605,0xf3fb0305,0xf4000605,0xf3f70304,0xf4000605,0xf3f90305,0xf4000605,0xf3f30404,0xf4000605,
		0xf3f70305,0xf4000605,0xf3ef0504,0xf4000605,0xf3f50305,0xf4000605,0xf3eb0604,0xf4000605,0xf3f30305,0xf4000605,
		0xf3e70704,0xf4000605,0xf3f10305,0xf4000605,0xf3e30804,0xf4000605,0xf3ef0305,0xf4000605,0xf3df0904,0xf4000605,
		0xf3ed0305,0xf4000605,0xf3db0a04,0xf4000605,0xf3eb0305,0xf4000605,0xf3d70b04,0xf4000605,0xf3e90305,0xf4000605,
		0xf3d30c04,0xf4000605,0xf3e70305,0xf4000605,0xf3cf0d04,0xf4000605,0xf3e50305,0xf4000605,0xf3cb0e04,0xf4000605,
		0xf3e30305,0xf4000605,0xf3c70f04,0xf4000605,0xf3e10305,0xf4000605,0xf3c31004,0xf4000605,0xf3df0305,0xf4000605,
		0xf3bf1104,0xf4000605,0xf3dd0305,0xf4000605,0xf3bb1204,0xf4000605,0xf3db0305,0xf4000605,0xf3b71304,0xf4000605,
		0xf3d90305,0xf4000605,0xf3b31404,0xf4000605,0xf3d70305,0xf4000605,0xf3af1504,0xf4000605,0xf3d50305,0xf4000605,
		0xf3ab1604,0xf4000605,0xf3d30305,0xf4000605,0xf3a71704,0xf4000605,0xf3d10305,0xf4000605,0xf3a31804,0xf4000605,
		0xf3cf0305,0xf4000605,0xf39f1904,0xf4000605,0xf3cd0305,0xf4000605,0xf39b1a04,0xf4000605,0xf3cb0305,0xf4000605,
		0xf3971b04,0xf4000605,0xf3c90305,0xf4000605,0xf3931c04,0xf4000605,0xf3c70305,0xf4000605,0xf38f1d04,0xf4000605,
		0xf3c50305,0xf4000605,0xf38b1e04,0xf4000605,0xf3c30305,0xf4000605,0xf3871f04,0xf4000605,0xf3c10305,0xf4000605,
		0xf383e004,0xf4000605,0xf43f0305,0xf4000605,0xf37fe104,0xf4000605,0xf43d0305,0xf4000605,0xf37be204,0xf4000605,
		0xf43b0305,0xf4000605,0xf377e304,0xf4000605,0xf4390305,0xf4000605,0xf373e404,0xf4000605,0xf4370305,0xf4000605,
		0xf36fe504,0xf4000605,0xf4350305,0xf4000605,0xf36be604,0xf4000605,0xf4330305,0xf4000605,0xf367e704,0xf4000605,
		0xf4310305,0xf4000605,0xf363e804,0xf4000605,0xf42f0305,0xf4000605,0xf35fe904,0xf4000605,0xf42d0305,0xf4000605,
		0xf35bea04,0xf4000605,0xf42b0305,0xf4000605,0xf357eb04,0xf4000605,0xf4290305,0xf4000605,0xf353ec04,0xf4000605,
		0xf4270305,0xf4000605,0xf34fed04,0xf4000605,0xf4250305,0xf4000605,0xf34bee04,0xf4000605,0xf4230305,0xf4000605,
		0xf347ef04,0xf4000605,0xf4210305,0xf4000605,0xf343f004,0xf4000605,0xf41f0305,0xf4000605,0xf33ff104,0xf4000605,
		0xf41d0305,0xf4000605,0xf33bf204,0xf4000605,0xf41b0305,0xf4000605,0xf337f304,0xf4000605,0xf4190305,0xf4000605,
		0xf333f404,0xf4000605,0xf4170305,0xf4000605,0xf32ff504,0xf4000605,0xf4150305,0xf4000605,0xf32bf604,0xf4000605,
		0xf4130305,0xf4000605,0xf327f704,0xf4000605,0xf4110305,0xf4000605,0xf323f804,0xf4000605,0xf40f0305,0xf4000605,
		0xf31ff904,0xf4000605,0xf40d0305,0xf4000605,0xf31bfa04,0xf4000605,0xf40b0305,0xf4000605,0xf317fb04,0xf4000605,
		0xf4090305,0xf4000605,0xf313fc04,0xf4000605,0xf4070305,0xf4000605,0xf30ffd04,0xf4000605,0xf4050305,0xf4000605,
		0xf30bfe04,0xf4000605,0xf4030305,0xf4000605,0xf307ff04,0xf4000605,0xf4010305,0xf4000605,0xf30d0000,0xf30c0100,
		0xf30b0200,0xf30a0300,0xf3090400,0xf3080500,0xf3070600,0xf3060700,0xf3050800,0xf3040900,0xf3030a00,0xf3020b00,
		0xf3010c00,0xf3000d00,0xf2ff0e00,0xf2fe0f00,0xf2fd1000,0xf2fc1100,0xf2fb1200,0xf2fa1300,0xf2f91400,0xf2f81500,
		0xf2f71600,0xf2f61700,0xf2f51800,0xf2f41900,0xf2f31a00,0xf2f21b00,0xf2f11c00,0xf2f01d00,0xf2ef1e00,0xf2ee1f00,
		0xf2ed2000,0xf2ec2100,0xf2eb2200,0xf2ea2300,0xf2e92400,0xf2e82500,0xf2e72600,0xf2e62700,0xf2e52800,0xf2e42900,
		0xf2e32a00,0xf2e22b00,0xf2e12c00,0xf2e02d00,0xf2df2e00,0xf2de2f00,0xf2dd3000,0xf2dc3100,0xf2db3200,0xf2da3300,
		0xf2d93400,0xf2d83500,0xf2d73600,0xf2d63700,0xf2d53800,0xf2d43900,0xf2d33a00,0xf2d23b00,0xf2d13c00,0xf2d03d00,
		0xf2cf3e00,0xf2ce3f00,0xf2cd4000,0xf2cc4100,0xf2cb4200,0xf2ca4300,0xf2c94400,0xf2c84500,0xf2c74600,0xf2c64700,
		0xf2c54800,0xf2c44900,0xf2c34a00,0xf2c24b00,0xf2c14c00,0xf2c04d00,0xf2bf4e00,0xf2be4f00,0xf2bd5000,0xf2bc5100,
		0xf2bb5200,0xf2ba5300,0xf2b95400,0xf2b85500,0xf2b75600,0xf2b65700,0xf2b55800,0xf2b45900,0xf2b35a00,0xf2b25b00,
		0xf2b15c00,0xf2b05d00,0xf2af5e00,0xf2ae5f00,0xf2ad6000,0xf2ac6100,0xf2ab6200,0xf2aa6300,0xf2a96400,0xf2a86500,
		0xf2a76600,0xf2a66700,0xf2a56800,0xf2a46900,0xf2a36a00,0xf2a26b00,0xf2a16c00,0xf2a06d00,0xf29f6e00,0xf29e6f00,
		0xf29d7000,0xf29c7100,0xf29b7200,0xf29a7300,0xf2997400,0xf2987500,0xf2977600,0xf2967700,0xf2957800,0xf2947900,
		0xf2937a00,0xf2927b00,0xf2917c00,0xf2907d00,0xf28f7e00,0xf28e7f00,0xf28d8000,0xf28c8100,0xf28b8200,0xf28a8300,
		0xf2898400,0xf2888500,0xf2878600,0xf2868700,0xf2858800,0xf2848900,0xf2838a00,0xf2828b00,0xf2818c00,0xf2808d00,
		0xf27f8e00,0xf27e8f00,0xf27d9000,0xf27c9100,0xf27b9200,0xf27a9300,0xf2799400,0xf2789500,0xf2779600,0xf2769700,
		0xf2759800,0xf2749900,0xf2739a00,0xf2729b00,0xf2719c00,0xf2709d00,0xf26f9e00,0xf26e9f00,0xf26da000,0xf26ca100,
		0xf26ba200,0xf26aa300,0xf269a400,0xf268a500,0xf267a600,0xf266a700,0xf265a800,0xf264a900,0xf263aa00,0xf262ab00,
		0xf261ac00,0xf260ad00,0xf25fae00,0xf25eaf00,0xf25db000,0xf25cb100,0xf25bb200,0xf25ab300,0xf259b400,0xf258b500,
		0xf257b600,0xf256b700,0xf255b800,0xf254b900,0xf253ba00,0xf252bb00,0xf251bc00,0xf250bd00,0xf24fbe00,0xf24ebf00,
		0xf24dc000,0xf24cc100,0xf24bc200,0xf24ac300,0xf249c400,0xf248c500,0xf247c600,0xf246c700,0xf245c800,0xf244c900,
		0xf243ca00,0xf242cb00,0xf241cc00,0xf240cd00,0xf23fce00,0xf23ecf00,0xf23dd000,0xf23cd100,0xf23bd200,0xf23ad300,
		0xf239d400,0xf238d500,0xf237d600,0xf236d700,0xf235d800,0xf234d900,0xf233da00,0xf232db00,0xf231dc00,0xf230dd00,
		0xf22fde00,0xf22edf00,0xf22de000,0xf22ce100,0xf22be200,0xf22ae300,0xf229e400,0xf228e500,0xf227e600,0xf226e700,
		0xf225e800,0xf224e900,0xf223ea00,0xf222eb00,0xf221ec00,0xf220ed00,0xf21fee00,0xf21eef00,0xf21df000,0xf21cf100,
		0xf21bf200,0xf21af300,0xf219f400,0xf218f500,0xf217f600,0xf216f700,0xf215f800,0xf214f900,0xf213fa00,0xf212fb00,
		0xf211fc00,0xf210fd00,0xf20ffe00,0xf20eff00,0xf2070002,0xf2000703,0xf2050102,0xf2000703,0xf2030202,0xf2000703,
		0xf2010302,0xf2000703,0xf1ff0402,0xf2000703,0xf1fd0502,0xf2000703,0xf1fb0602,0xf2000703,0xf1f90702,0xf2000703,
		0xf1f70802,0xf2000703,0xf1f50902,0xf2000703,0xf1f30a02,0xf2000703,0xf1f10b02,0xf2000703,0xf1ef0c02,0xf2000703,
		0xf1ed0d02,0xf2000703,0xf1eb0e02,0xf2000703,0xf1e90f02,0xf2000703,0xf1e71002,0xf2000703,0xf1e51102,0xf2000703,
		0xf1e31202,0xf2000703,0xf1e11302,0xf2000703,0xf1df1402,0xf2000703,0xf1dd1502,0xf2000703,0xf1db1602,0xf2000703,
		0xf1d91702,0xf2000703,0xf1d71802,0xf2000703,0xf1d51902,0xf2000703,0xf1d31a02,0xf2000703,0xf1d11b02,0xf2000703,
		0xf1cf1c02,0xf2000703,0xf1cd1d02,0xf2000703,0xf1cb1e02,0xf2000703,0xf1c91f02,0xf2000703,0xf1c72002,0xf2000703,
		0xf1c52102,0xf2000703,0xf1c32202,0xf2000703,0xf1c12302,0xf2000703,0xf1bf2402,0xf2000703,0xf1bd2502,0xf2000703,
		0xf1bb2602,0xf2000703,0xf1b92702,0xf2000703,0xf1b72802,0xf2000703,0xf1b52902,0xf2000703,0xf1b32a02,0xf2000703,
		0xf1b12b02,0xf2000703,0xf1af2c02,0xf2000703,0xf1ad2d02,0xf2000703,0xf1ab2e02,0xf2000703,0xf1a92f02,0xf2000703,
		0xf1a73002,0xf2000703,0xf1a53102,0xf2000703,0xf1a33202,0xf2000703,0xf1a13302,0xf2000703,0xf19f3402,0xf2000703,
		0xf19d3502,0xf2000703,0xf19b3602,0xf2000703,0xf1993702,0xf2000703,0xf1973802,0xf2000703,0xf1953902,0xf2000703,
		0xf1933a02,0xf2000703,0xf1913b02,0xf2000703,0xf18f3c02,0xf2000703,0xf18d3d02,0xf2000703,0xf18b3e02,0xf2000703,
		0xf1893f02,0xf2000703,0xf187c002,0xf2000703,0xf185c102,0xf2000703,0xf183c202,0xf2000703,0xf181c302,0xf2000703,
		0xf17fc402,0xf2000703,0xf17dc502,0xf2000703,0xf17bc602,0xf2000703,0xf179c702,0xf2000703,0xf177c802,0xf2000703,
		0xf175c902,0xf2000703,0xf173ca02,0xf2000703,0xf171cb02,0xf2000703,0xf16fcc02,0xf2000703,0xf16dcd02,0xf2000703,
		0xf16bce02,0xf2000703,0xf169cf02,0xf2000703,0xf167d002,0xf2000703,0xf165d102,0xf2000703,0xf163d202,0xf2000703,
		0xf161d302,0xf2000703,0xf15fd402,0xf2000703,0xf15dd502,0xf2000703,0xf15bd602,0xf2000703,0xf159d702,0xf2000703,
		0xf157d802,0xf2000703,0xf155d902,0xf2000703,0xf153da02,0xf2000703,0xf151db02,0xf2000703,0xf14fdc02,0xf2000703,
		0xf14ddd02,0xf2000703,0xf14bde02,0xf2000703,0xf149df02,0xf2000703,0xf147e002,0xf2000703,0xf145e102,0xf2000703,
		0xf143e202,0xf2000703,0xf141e302,0xf2000703,0xf13fe402,0xf2000703,0xf13de502,0xf2000703,0xf13be602,0xf2000703,
		0xf139e702,0xf2000703,0xf137e802,0xf2000703,0xf135e902,0xf2000703,0xf133ea02,0xf2000703,0xf131eb02,0xf2000703,
		0xf12fec02,0xf2000703,0xf12ded02,0xf2000703,0xf12bee02,0xf2000703,0xf129ef02,0xf2000703,0xf127f002,0xf2000703,
		0xf125f102,0xf2000703,0xf123f202,0xf2000703,0xf121f302,0xf2000703,0xf11ff402,0xf2000703,0xf11df502,0xf2000703,
		0xf11bf602,0xf2000703,0xf119f702,0xf2000703,0xf117f802,0xf2000703,0xf115f902,0xf2000703,0xf113fa02,0xf2000703,
		0xf111fb02,0xf2000703,0xf10ffc02,0xf2000703,0xf10dfd02,0xf2000703,0xf10bfe02,0xf2000703,0xf109ff02,0xf2000703,
		0xf10f0000,0xf10e0100,0xf10d0200,0xf10c0300,0xf10b0400,0xf10a0500,0xf1090600,0xf1080700,0xf1070800,0xf1060900,
		0xf1050a00,0xf1040b00,0xf1030c00,0xf1020d00,0xf1010e00,0xf1000f00,0xf0ff1000,0xf0fe1100,0xf0fd1200,0xf0fc1300,
		0xf0fb1400,0xf0fa1500,0xf0f91600,0xf0f81700,0xf0f71800,0xf0f61900,0xf0f51a00,0xf0f41b00,0xf0f31c00,0xf0f21d00,
		0xf0f11e00,0xf0f01f00,0xf0ef2000,0xf0ee2100,0xf0ed2200,0xf0ec2300,0xf0eb2400,0xf0ea2500,0xf0e92600,0xf0e82700,
		0xf0e72800,0xf0e62900,0xf0e52a00,0xf0e42b00,0xf0e32c00,0xf0e22d00,0xf0e12e00,0xf0e02f00,0xf0df3000,0xf0de3100,
		0xf0dd3200,0xf0dc3300,0xf0db3400,0xf0da3500,0xf0d93600,0xf0d83700,0xf0d73800,0xf0d63900,0xf0d53a00,0xf0d43b00,
		0xf0d33c00,0xf0d23d00,0xf0d13e00,0xf0d03f00,0xf0cf4000,0xf0ce4100,0xf0cd4200,0xf0cc4300,0xf0cb4400,0xf0ca4500,
		0xf0c94600,0xf0c84700,0xf0c74800,0xf0c64900,0xf0c54a00,0xf0c44b00,0xf0c34c00,0xf0c24d00,0xf0c14e00,0xf0c04f00,
		0xf0bf5000,0xf0be5100,0xf0bd5200,0xf0bc5300,0xf0bb5400,0xf0ba5500,0xf0b95600,0xf0b85700,0xf0b75800,0xf0b65900,
		0xf0b55a00,0xf0b45b00,0xf0b35c00,0xf0b25d00,0xf0b15e00,0xf0b05f00,0xf0af6000,0xf0ae6100,0xf0ad6200,0xf0ac6300,
		0xf0ab6400,0xf0aa6500,0xf0a96600,0xf0a86700,0xf0a76800,0xf0a66900,0xf0a56a00,0xf0a46b00,0xf0a36c00,0xf0a26d00,
		0xf0a16e00,0xf0a06f00,0xf09f7000,0xf09e7100,0xf09d7200,0xf09c7300,0xf09b7400,0xf09a7500,0xf0997600,0xf0987700,
		0xf0977800,0xf0967900,0xf0957a00,0xf0947b00,0xf0937c00,0xf0927d00,0xf0917e00,0xf0907f00,0xf08f8000,0xf08e8100,
		0xf08d8200,0xf08c8300,0xf08b8400,0xf08a8500,0xf0898600,0xf0888700,0xf0878800,0xf0868900,0xf0858a00,0xf0848b00,
		0xf0838c00,0xf0828d00,0xf0818e00,0xf0808f00,0xf07f9000,0xf07e9100,0xf07d9200,0xf07c9300,0xf07b9400,0xf07a9500,
		0xf0799600,0xf0789700,0xf0779800,0xf0769900,0xf0759a00,0xf0749b00,0xf0739c00,0xf0729d00,0xf0719e00,0xf0709f00,
		0xf06fa000,0xf06ea100,0xf06da200,0xf06ca300,0xf06ba400,0xf06aa500,0xf069a600,0xf068a700,0xf067a800,0xf066a900,
		0xf065aa00,0xf064ab00,0xf063ac00,0xf062ad00,0xf061ae00,0xf060af00,0xf05fb000,0xf05eb100,0xf05db200,0xf05cb300,
		0xf05bb400,0xf05ab500,0xf059b600,0xf058b700,0xf057b800,0xf056b900,0xf055ba00,0xf054bb00,0xf053bc00,0xf052bd00,
		0xf051be00,0xf050bf00,0xf04fc000,0xf04ec100,0xf04dc200,0xf04cc300,0xf04bc400,0xf04ac500,0xf049c600,0xf048c700,
		0xf047c800,0xf046c900,0xf045ca00,0xf044cb00,0xf043cc00,0xf042cd00,0xf041ce00,0xf040cf00,0xf03fd000,0xf03ed100,
		0xf03dd200,0xf03cd300,0xf03bd400,0xf03ad500,0xf039d600,0xf038d700,0xf037d800,0xf036d900,0xf035da00,0xf034db00,
		0xf033dc00,0xf032dd00,0xf031de00,0xf030df00,0xf02fe000,0xf02ee100,0xf02de200,0xf02ce300,0xf02be400,0xf02ae500,
		0xf029e600,0xf028e700,0xf027e800,0xf026e900,0xf025ea00,0xf024eb00,0xf023ec00,0xf022ed00,0xf021ee00,0xf020ef00,
		0xf01ff000,0xf01ef100,0xf01df200,0xf01cf300,0xf01bf400,0xf01af500,0xf019f600,0xf018f700,0xf017f800,0xf016f900,
		0xf015fa00,0xf014fb00,0xf013fc00,0xf012fd00,0xf011fe00,0xf010ff00,0xf0010008,0xf0000809,0xefff0409,0xf0000809,
		0xeffd0209,0xf0000809,0xeffd0409,0xf0000809,0xeff90109,0xf0000809,0xeffb0409,0xf0000809,0xeff70209,0xf0000809,
		0xeff90409,0xf0000809,0xeff10108,0xf0000809,0xeff70409,0xf0000809,0xeff10209,0xf0000809,0xeff50409,0xf0000809,
		0xefeb0109,0xf0000809,0xeff30409,0xf0000809,0xefeb0209,0xf0000809,0xeff10409,0xf0000809,0xefe10208,0xf0000809,
		0xefef0409,0xf0000809,0xefe50209,0xf0000809,0xefed0409,0xf0000809,0xefdd0109,0xf0000809,0xefeb0409,0xf0000809,
		0xefdf0209,0xf0000809,0xefe90409,0xf0000809,0xefd10308,0xf0000809,0xefe70409,0xf0000809,0xefd90209,0xf0000809,
		0xefe50409,0xf0000809,0xefcf0109,0xf0000809,0xefe30409,0xf0000809,0xefd30209,0xf0000809,0xefe10409,0xf0000809,
		0xefc10408,0xf0000809,0xefdf0409,0xf0000809,0xefcd0209,0xf0000809,0xefdd0409,0xf0000809,0xefc10109,0xf0000809,
		0xefdb0409,0xf0000809,0xefc70209,0xf0000809,0xefd90409,0xf0000809,0xefb10508,0xf0000809,0xefd70409,0xf0000809,
		0xefc10209,0xf0000809,0xefd50409,0xf0000809,0xefb30109,0xf0000809,0xefd30409,0xf0000809,0xefbb0209,0xf0000809,
		0xefd10409,0xf0000809,0xefa10608,0xf0000809,0xefcf0409,0xf0000809,0xefb50209,0xf0000809,0xefcd0409,0xf0000809,
		0xefa50109,0xf0000809,0xefcb0409,0xf0000809,0xefaf0209,0xf0000809,0xefc90409,0xf0000809,0xef910708,0xf0000809,
		0xefc70409,0xf0000809,0xefa90209,0xf0000809,0xefc50409,0xf0000809,0xef970109,0xf0000809,0xefc30409,0xf0000809,
		0xefa30209,0xf0000809,0xefc10409,0xf0000809,0xef81f808,0xf0000809,0xf03f0409,0xf0000809,0xf05d0209,0xf0000809,
		0xf03d0409,0xf0000809,0xf0690109,0xf0000809,0xf03b0409,0xf0000809,0xf0570209,0xf0000809,0xf0390409,0xf0000809,
		0xef71f908,0xf0000809,0xf0370409,0xf0000809,0xf0510209,0xf0000809,0xf0350409,0xf0000809,0xf05b0109,0xf0000809,
		0xf0330409,0xf0000809,0xf04b0209,0xf0000809,0xf0310409,0xf0000809,0xef61fa08,0xf0000809,0xf02f0409,0xf0000809,
		0xf0450209,0xf0000809,0xf02d0409,0xf0000809,0xf04d0109,0xf0000809,0xf02b0409,0xf0000809,0xf03f0209,0xf0000809,
		0xf0290409,0xf0000809,0xef51fb08,0xf0000809,0xf0270409,0xf0000809,0xf0390209,0xf0000809,0xf0250409,0xf0000809,
		0xf03f0109,0xf0000809,0xf0230409,0xf0000809,0xf0330209,0xf0000809,0xf0210409,0xf0000809,0xef41fc08,0xf0000809,
		0xf01f0409,0xf0000809,0xf02d0209,0xf0000809,0xf01d0409,0xf0000809,0xf0310109,0xf0000809,0xf01b0409,0xf0000809,
		0xf0270209,0xf0000809,0xf0190409,0xf0000809,0xef31fd08,0xf0000809,0xf0170409,0xf0000809,0xf0210209,0xf0000809,
		0xf0150409,0xf0000809,0xf0230109,0xf0000809,0xf0130409,0xf0000809,0xf01b0209,0xf0000809,0xf0110409,0xf0000809,
		0xef21fe08,0xf0000809,0xf00f0409,0xf0000809,0xf0150209,0xf0000809,0xf00d0409,0xf0000809,0xf0150109,0xf0000809,
		0xf00b0409,0xf0000809,0xf00f0209,0xf0000809,0xf0090409,0xf0000809,0xef11ff08,0xf0000809,0xf0070409,0xf0000809,
		0xf0090209,0xf0000809,0xf0050409,0xf0000809,0xf0070109,0xf0000809,0xf0030409,0xf0000809,0xf0030209,0xf0000809,
		0xf0010409,0xf0000809,0xef110000,0xef100100,0xef0f0200,0xef0e0300,0xef0d0400,0xef0c0500,0xef0b0600,0xef0a0700,
		0xef090800,0xef080900,0xef070a00,0xef060b00,0xef050c00,0xef040d00,0xef030e00,0xef020f00,0xef011000,0xef001100,
		0xeeff1200,0xeefe1300,0xeefd1400,0xeefc1500,0xeefb1600,0xeefa1700,0xeef91800,0xeef81900,0xeef71a00,0xeef61b00,
		0xeef51c00,0xeef41d00,0xeef31e00,0xeef21f00,0xeef12000,0xeef02100,0xeeef2200,0xeeee2300,0xeeed2400,0xeeec2500,
		0xeeeb2600,0xeeea2700,0xeee92800,0xeee82900,0xeee72a00,0xeee62b00,0xeee52c00,0xeee42d00,0xeee32e00,0xeee22f00,
		0xeee13000,0xeee03100,0xeedf3200,0xeede3300,0xeedd3400,0xeedc3500,0xeedb3600,0xeeda3700,0xeed93800,0xeed83900,
		0xeed73a00,0xeed63b00,0xeed53c00,0xeed43d00,0xeed33e00,0xeed23f00,0xeed14000,0xeed04100,0xeecf4200,0xeece4300,
		0xeecd4400,0xeecc4500,0xeecb4600,0xeeca4700,0xeec94800,0xeec84900,0xeec74a00,0xeec64b00,0xeec54c00,0xeec44d00,
		0xeec34e00,0xeec24f00,0xeec15000,0xeec05100,0xeebf5200,0xeebe5300,0xeebd5400,0xeebc5500,0xeebb5600,0xeeba5700,
		0xeeb95800,0xeeb85900,0xeeb75a00,0xeeb65b00,0xeeb55c00,0xeeb45d00,0xeeb35e00,0xeeb25f00,0xeeb16000,0xeeb06100,
		0xeeaf6200,0xeeae6300,0xeead6400,0xeeac6500,0xeeab6600,0xeeaa6700,0xeea96800,0xeea86900,0xeea76a00,0xeea66b00,
		0xeea56c00,0xeea46d00,0xeea36e00,0xeea26f00,0xeea17000,0xeea07100,0xee9f7200,0xee9e7300,0xee9d7400,0xee9c7500,
		0xee9b7600,0xee9a7700,0xee997800,0xee987900,0xee977a00,0xee967b00,0xee957c00,0xee947d00,0xee937e00,0xee927f00,
		0xee918000,0xee908100,0xee8f8200,0xee8e8300,0xee8d8400,0xee8c8500,0xee8b8600,0xee8a8700,0xee898800,0xee888900,
		0xee878a00,0xee868b00,0xee858c00,0xee848d00,0xee838e00,0xee828f00,0xee819000,0xee809100,0xee7f9200,0xee7e9300,
		0xee7d9400,0xee7c9500,0xee7b9600,0xee7a9700,0xee799800,0xee789900,0xee779a00,0xee769b00,0xee759c00,0xee749d00,
		0xee739e00,0xee729f00,0xee71a000,0xee70a100,0xee6fa200,0xee6ea300,0xee6da400,0xee6ca500,0xee6ba600,0xee6aa700,
		0xee69a800,0xee68a900,0xee67aa00,0xee66ab00,0xee65ac00,0xee64ad00,0xee63ae00,0xee62af00,0xee61b000,0xee60b100,
		0xee5fb200,0xee5eb300,0xee5db400,0xee5cb500,0xee5bb600,0xee5ab700,0xee59b800,0xee58b900,0xee57ba00,0xee56bb00,
		0xee55bc00,0xee54bd00,0xee53be00,0xee52bf00,0xee51c000,0xee50c100,0xee4fc200,0xee4ec300,0xee4dc400,0xee4cc500,
		0xee4bc600,0xee4ac700,0xee49c800,0xee48c900,0xee47ca00,0xee46cb00,0xee45cc00,0xee44cd00,0xee43ce00,0xee42cf00,
		0xee41d000,0xee40d100,0xee3fd200,0xee3ed300,0xee3dd400,0xee3cd500,0xee3bd600,0xee3ad700,0xee39d800,0xee38d900,
		0xee37da00,0xee36db00,0xee35dc00,0xee34dd00,0xee33de00,0xee32df00,0xee31e000,0xee30e100,0xee2fe200,0xee2ee300,
		0xee2de400,0xee2ce500,0xee2be600,0xee2ae700,0xee29e800,0xee28e900,0xee27ea00,0xee26eb00,0xee25ec00,0xee24ed00,
		0xee23ee00,0xee22ef00,0xee21f000,0xee20f100,0xee1ff200,0xee1ef300,0xee1df400,0xee1cf500,0xee1bf600,0xee1af700,
		0xee19f800,0xee18f900,0xee17fa00,0xee16fb00,0xee15fc00,0xee14fd00,0xee13fe00,0xee12ff00,0xee090002,0xee000903,
		0xee070102,0xee000903,0xee050202,0xee000903,0xee030302,0xee000903,0xee010402,0xee000903,0xedff0502,0xee000903,
		0xedfd0602,0xee000903,0xedfb0702,0xee000903,0xedf90802,0xee000903,0xedf70902,0xee000903,0xedf50a02,0xee000903,
		0xedf30b02,0xee000903,0xedf10c02,0xee000903,0xedef0d02,0xee000903,0xeded0e02,0xee000903,0xedeb0f02,0xee000903,
		0xede91002,0xee000903,0xede71102,0xee000903,0xede51202,0xee000903,0xede31302,0xee000903,0xede11402,0xee000903,
		0xeddf1502,0xee000903,0xeddd1602,0xee000903,0xeddb1702,0xee000903,0xedd91802,0xee000903,0xedd71902,0xee000903,
		0xedd51a02,0xee000903,0xedd31b02,0xee000903,0xedd11c02,0xee000903,0xedcf1d02,0xee000903,0xedcd1e02,0xee000903,
		0xedcb1f02,0xee000903,0xedc92002,0xee000903,0xedc72102,0xee000903,0xedc52202,0xee000903,0xedc32302,0xee000903,
		0xedc12402,0xee000903,0xedbf2502,0xee000903,0xedbd2602,0xee000903,0xedbb2702,0xee000903,0xedb92802,0xee000903,
		0xedb72902,0xee000903,0xedb52a02,0xee000903,0xedb32b02,0xee000903,0xedb12c02,0xee000903,0xedaf2d02,0xee000903,
		0xedad2e02,0xee000903,0xedab2f02,0xee000903,0xeda93002,0xee000903,0xeda73102,0xee000903,0xeda53202,0xee000903,
		0xeda33302,0xee000903,0xeda13402,0xee000903,0xed9f3502,0xee000903,0xed9d3602,0xee000903,0xed9b3702,0xee000903,
		0xed993802,0xee000903,0xed973902,0xee000903,0xed953a02,0xee000903,0xed933b02,0xee000903,0xed913c02,0xee000903,
		0xed8f3d02,0xee000903,0xed8d3e02,0xee000903,0xed8b3f02,0xee000903,0xed89c002,0xee000903,0xed87c102,0xee000903,
		0xed85c202,0xee000903,0xed83c302,0xee000903,0xed81c402,0xee000903,0xed7fc502,0xee000903,0xed7dc602,0xee000903,
		0xed7bc702,0xee000903,0xed79c802,0xee000903,0xed77c902,0xee000903,0xed75ca02,0xee000903,0xed73cb02,0xee000903,
		0xed71cc02,0xee000903,0xed6fcd02,0xee000903,0xed6dce02,0xee000903,0xed6bcf02,0xee000903,0xed69d002,0xee000903,
		0xed67d102,0xee000903,0xed65d202,0xee000903,0xed63d302,0xee000903,0xed61d402,0xee000903,0xed5fd502,0xee000903,
		0xed5dd602,0xee000903,0xed5bd702,0xee000903,0xed59d802,0xee000903,0xed57d902,0xee000903,0xed55da02,0xee000903,
		0xed53db02,0xee000903,0xed51dc02,0xee000903,0xed4fdd02,0xee000903,0xed4dde02,0xee000903,0xed4bdf02,0xee000903,
		0xed49e002,0xee000903,0xed47e102,0xee000903,0xed45e202,0xee000903,0xed43e302,0xee000903,0xed41e402,0xee000903,
		0xed3fe502,0xee000903,0xed3de602,0xee000903,0xed3be702,0xee000903,0xed39e802,0xee000903,0xed37e902,0xee000903,
		0xed35ea02,0xee000903,0xed33eb02,0xee000903,0xed31ec02,0xee000903,0xed2fed02,0xee000903,0xed2dee02,0xee000903,
		0xed2bef02,0xee000903,0xed29f002,0xee000903,0xed27f102,0xee000903,0xed25f202,0xee000903,0xed23f302,0xee000903,
		0xed21f402,0xee000903,0xed1ff502,0xee000903,0xed1df602,0xee000903,0xed1bf702,0xee000903,0xed19f802,0xee000903,
		0xed17f902,0xee000903,0xed15fa02,0xee000903,0xed13fb02,0xee000903,0xed11fc02,0xee000903,0xed0ffd02,0xee000903,
		0xed0dfe02,0xee000903,0xed0bff02,0xee000903,0xed130000,0xed120100,0xed110200,0xed100300,0xed0f0400,0xed0e0500,
		0xed0d0600,0xed0c0700,0xed0b0800,0xed0a0900,0xed090a00,0xed080b00,0xed070c00,0xed060d00,0xed050e00,0xed040f00,
		0xed031000,0xed021100,0xed011200,0xed001300,0xecff1400,0xecfe1500,0xecfd1600,0xecfc1700,0xecfb1800,0xecfa1900,
		0xecf91a00,0xecf81b00,0xecf71c00,0xecf61d00,0xecf51e00,0xecf41f00,0xecf32000,0xecf22100,0xecf12200,0xecf02300,
		0xecef2400,0xecee2500,0xeced2600,0xecec2700,0xeceb2800,0xecea2900,0xece92a00,0xece82b00,0xece72c00,0xece62d00,
		0xece52e00,0xece42f00,0xece33000,0xece23100,0xece13200,0xece03300,0xecdf3400,0xecde3500,0xecdd3600,0xecdc3700,
		0xecdb3800,0xecda3900,0xecd93a00,0xecd83b00,0xecd73c00,0xecd63d00,0xecd53e00,0xecd43f00,0xecd34000,0xecd24100,
		0xecd14200,0xecd04300,0xeccf4400,0xecce4500,0xeccd4600,0xeccc4700,0xeccb4800,0xecca4900,0xecc94a00,0xecc84b00,
		0xecc74c00,0xecc64d00,0xecc54e00,0xecc44f00,0xecc35000,0xecc25100,0xecc15200,0xecc05300,0xecbf5400,0xecbe5500,
		0xecbd5600,0xecbc5700,0xecbb5800,0xecba5900,0xecb95a00,0xecb85b00,0xecb75c00,0xecb65d00,0xecb55e00,0xecb45f00,
		0xecb36000,0xecb26100,0xecb16200,0xecb06300,0xecaf6400,0xecae6500,0xecad6600,0xecac6700,0xecab6800,0xecaa6900,
		0xeca96a00,0xeca86b00,0xeca76c00,0xeca66d00,0xeca56e00,0xeca46f00,0xeca37000,0xeca27100,0xeca17200,0xeca07300,
		0xec9f7400,0xec9e7500,0xec9d7600,0xec9c7700,0xec9b7800,0xec9a7900,0xec997a00,0xec987b00,0xec977c00,0xec967d00,
		0xec957e00,0xec947f00,0xec938000,0xec928100,0xec918200,0xec908300,0xec8f8400,0xec8e8500,0xec8d8600,0xec8c8700,
		0xec8b8800,0xec8a8900,0xec898a00,0xec888b00,0xec878c00,0xec868d00,0xec858e00,0xec848f00,0xec839000,0xec829100,
		0xec819200,0xec809300,0xec7f9400,0xec7e9500,0xec7d9600,0xec7c9700,0xec7b9800,0xec7a9900,0xec799a00,0xec789b00,
		0xec779c00,0xec769d00,0xec759e00,0xec749f00,0xec73a000,0xec72a100,0xec71a200,0xec70a300,0xec6fa400,0xec6ea500,
		0xec6da600,0xec6ca700,0xec6ba800,0xec6aa900,0xec69aa00,0xec68ab00,0xec67ac00,0xec66ad00,0xec65ae00,0xec64af00,
		0xec63b000,0xec62b100,0xec61b200,0xec60b300,0xec5fb400,0xec5eb500,0xec5db600,0xec5cb700,0xec5bb800,0xec5ab900,
		0xec59ba00,0xec58bb00,0xec57bc00,0xec56bd00,0xec55be00,0xec54bf00,0xec53c000,0xec52c100,0xec51c200,0xec50c300,
		0xec4fc400,0xec4ec500,0xec4dc600,0xec4cc700,0xec4bc800,0xec4ac900,0xec49ca00,0xec48cb00,0xec47cc00,0xec46cd00,
		0xec45ce00,0xec44cf00,0xec43d000,0xec42d100,0xec41d200,0xec40d300,0xec3fd400,0xec3ed500,0xec3dd600,0xec3cd700,
		0xec3bd800,0xec3ad900,0xec39da00,0xec38db00,0xec37dc00,0xec36dd00,0xec35de00,0xec34df00,0xec33e000,0xec32e100,
		0xec31e200,0xec30e300,0xec2fe400,0xec2ee500,0xec2de600,0xec2ce700,0xec2be800,0xec2ae900,0xec29ea00,0xec28eb00,
		0xec27ec00,0xec26ed00,0xec25ee00,0xec24ef00,0xec23f000,0xec22f100,0xec21f200,0xec20f300,0xec1ff400,0xec1ef500,
		0xec1df600,0xec1cf700,0xec1bf800,0xec1af900,0xec19fa00,0xec18fb00,0xec17fc00,0xec16fd00,0xec15fe00,0xec14ff00,
		0xec050004,0xec000a05,0xebff0505,0xec000a05,0xec010104,0xec000a05,0xebfd0505,0xec000a05,0xebfd0204,0xec000a05,
		0xebfb0505,0xec000a05,0xebf90304,0xec000a05,0xebf90505,0xec000a05,0xebf50404,0xec000a05,0xebf70505,0xec000a05,
		0xebf10504,0xec000a05,0xebf50505,0xec000a05,0xebed0604,0xec000a05,0xebf30505,0xec000a05,0xebe90704,0xec000a05,
		0xebf10505,0xec000a05,0xebe50804,0xec000a05,0xebef0505,0xec000a05,0xebe10904,0xec000a05,0xebed0505,0xec000a05,
		0xebdd0a04,0xec000a05,0xebeb0505,0xec000a05,0xebd90b04,0xec000a05,0xebe90505,0xec000a05,0xebd50c04,0xec000a05,
		0xebe70505,0xec000a05,0xebd10d04,0xec000a05,0xebe50505,0xec000a05,0xebcd0e04,0xec000a05,0xebe30505,0xec000a05,
		0xebc90f04,0xec000a05,0xebe10505,0xec000a05,0xebc51004,0xec000a05,0xebdf0505,0xec000a05,0xebc11104,0xec000a05,
		0xebdd0505,0xec000a05,0xebbd1204,0xec000a05,0xebdb0505,0xec000a05,0xebb91304,0xec000a05,0xebd90505,0xec000a05,
		0xebb51404,0xec000a05,0xebd70505,0xec000a05,0xebb11504,0xec000a05,0xebd50505,0xec000a05,0xebad1604,0xec000a05,
		0xebd30505,0xec000a05,0xeba91704,0xec000a05,0xebd10505,0xec000a05,0xeba51804,0xec000a05,0xebcf0505,0xec000a05,
		0xeba11904,0xec000a05,0xebcd0505,0xec000a05,0xeb9d1a04,0xec000a05,0xebcb0505,0xec000a05,0xeb991b04,0xec000a05,
		0xebc90505,0xec000a05,0xeb951c04,0xec000a05,0xebc70505,0xec000a05,0xeb911d04,0xec000a05,0xebc50505,0xec000a05,
		0xeb8d1e04,0xec000a05,0xebc30505,0xec000a05,0xeb891f04,0xec000a05,0xebc10505,0xec000a05,0xeb85e004,0xec000a05,
		0xec3f0505,0xec000a05,0xeb81e104,0xec000a05,0xec3d0505,0xec000a05,0xeb7de204,0xec000a05,0xec3b0505,0xec000a05,
		0xeb79e304,0xec000a05,0xec390505,0xec000a05,0xeb75e404,0xec000a05,0xec370505,0xec000a05,0xeb71e504,0xec000a05,
		0xec350505,0xec000a05,0xeb6de604,0xec000a05,0xec330505,0xec000a05,0xeb69e704,0xec000a05,0xec310505,0xec000a05,
		0xeb65e804,0xec000a05,0xec2f0505,0xec000a05,0xeb61e904,0xec000a05,0xec2d0505,0xec000a05,0xeb5dea04,0xec000a05,
		0xec2b0505,0xec000a05,0xeb59eb04,0xec000a05,0xec290505,0xec000a05,0xeb55ec04,0xec000a05,0xec270505,0xec000a05,
		0xeb51ed04,0xec000a05,0xec250505,0xec000a05,0xeb4dee04,0xec000a05,0xec230505,0xec000a05,0xeb49ef04,0xec000a05,
		0xec210505,0xec000a05,0xeb45f004,0xec000a05,0xec1f0505,0xec000a05,0xeb41f104,0xec000a05,0xec1d0505,0xec000a05,
		0xeb3df204,0xec000a05,0xec1b0505,0xec000a05,0xeb39f304,0xec000a05,0xec190505,0xec000a05,0xeb35f404,0xec000a05,
		0xec170505,0xec000a05,0xeb31f504,0xec000a05,0xec150505,0xec000a05,0xeb2df604,0xec000a05,0xec130505,0xec000a05,
		0xeb29f704,0xec000a05,0xec110505,0xec000a05,0xeb25f804,0xec000a05,0xec0f0505,0xec000a05,0xeb21f904,0xec000a05,
		0xec0d0505,0xec000a05,0xeb1dfa04,0xec000a05,0xec0b0505,0xec000a05,0xeb19fb04,0xec000a05,0xec090505,0xec000a05,
		0xeb15fc04,0xec000a05,0xec070505,0xec000a05,0xeb11fd04,0xec000a05,0xec050505,0xec000a05,0xeb0dfe04,0xec000a05,
		0xec030505,0xec000a05,0xeb09ff04,0xec000a05,0xec010505,0xec000a05,0xeb150000,0xeb140100,0xeb130200,0xeb120300,
		0xeb110400,0xeb100500,0xeb0f0600,0xeb0e0700,0xeb0d0800,0xeb0c0900,0xeb0b0a00,0xeb0a0b00,0xeb090c00,0xeb080d00,
		0xeb070e00,0xeb060f00,0xeb051000,0xeb041100,0xeb031200,0xeb021300,0xeb011400,0xeb001500,0xeaff1600,0xeafe1700,
		0xeafd1800,0xeafc1900,0xeafb1a00,0xeafa1b00,0xeaf91c00,0xeaf81d00,0xeaf71e00,0xeaf61f00,0xeaf52000,0xeaf42100,
		0xeaf32200,0xeaf22300,0xeaf12400,0xeaf02500,0xeaef2600,0xeaee2700,0xeaed2800,0xeaec2900,0xeaeb2a00,0xeaea2b00,
		0xeae92c00,0xeae82d00,0xeae72e00,0xeae62f00,0xeae53000,0xeae43100,0xeae33200,0xeae23300,0xeae13400,0xeae03500,
		0xeadf3600,0xeade3700,0xeadd3800,0xeadc3900,0xeadb3a00,0xeada3b00,0xead93c00,0xead83d00,0xead73e00,0xead63f00,
		0xead54000,0xead44100,0xead34200,0xead24300,0xead14400,0xead04500,0xeacf4600,0xeace4700,0xeacd4800,0xeacc4900,
		0xeacb4a00,0xeaca4b00,0xeac94c00,0xeac84d00,0xeac74e00,0xeac64f00,0xeac55000,0xeac45100,0xeac35200,0xeac25300,
		0xeac15400,0xeac05500,0xeabf5600,0xeabe5700,0xeabd5800,0xeabc5900,0xeabb5a00,0xeaba5b00,0xeab95c00,0xeab85d00,
		0xeab75e00,0xeab65f00,0xeab56000,0xeab46100,0xeab36200,0xeab26300,0xeab16400,0xeab06500,0xeaaf6600,0xeaae6700,
		0xeaad6800,0xeaac6900,0xeaab6a00,0xeaaa6b00,0xeaa96c00,0xeaa86d00,0xeaa76e00,0xeaa66f00,0xeaa57000,0xeaa47100,
		0xeaa37200,0xeaa27300,0xeaa17400,0xeaa07500,0xea9f7600,0xea9e7700,0xea9d7800,0xea9c7900,0xea9b7a00,0xea9a7b00,
		0xea997c00,0xea987d00,0xea977e00,0xea967f00,0xea958000,0xea948100,0xea938200,0xea928300,0xea918400,0xea908500,
		0xea8f8600,0xea8e8700,0xea8d8800,0xea8c8900,0xea8b8a00,0xea8a8b00,0xea898c00,0xea888d00,0xea878e00,0xea868f00,
		0xea859000,0xea849100,0xea839200,0xea829300,0xea819400,0xea809500,0xea7f9600,0xea7e9700,0xea7d9800,0xea7c9900,
		0xea7b9a00,0xea7a9b00,0xea799c00,0xea789d00,0xea779e00,0xea769f00,0xea75a000,0xea74a100,0xea73a200,0xea72a300,
		0xea71a400,0xea70a500,0xea6fa600,0xea6ea700,0xea6da800,0xea6ca900,0xea6baa00,0xea6aab00,0xea69ac00,0xea68ad00,
		0xea67ae00,0xea66af00,0xea65b000,0xea64b100,0xea63b200,0xea62b300,0xea61b400,0xea60b500,0xea5fb600,0xea5eb700,
		0xea5db800,0xea5cb900,0xea5bba00,0xea5abb00,0xea59bc00,0xea58bd00,0xea57be00,0xea56bf00,0xea55c000,0xea54c100,
		0xea53c200,0xea52c300,0xea51c400,0xea50c500,0xea4fc600,0xea4ec700,0xea4dc800,0xea4cc900,0xea4bca00,0xea4acb00,
		0xea49cc00,0xea48cd00,0xea47ce00,0xea46cf00,0xea45d000,0xea44d100,0xea43d200,0xea42d300,0xea41d400,0xea40d500,
		0xea3fd600,0xea3ed700,0xea3dd800,0xea3cd900,0xea3bda00,0xea3adb00,0xea39dc00,0xea38dd00,0xea37de00,0xea36df00,
		0xea35e000,0xea34e100,0xea33e200,0xea32e300,0xea31e400,0xea30e500,0xea2fe600,0xea2ee700,0xea2de800,0xea2ce900,
		0xea2bea00,0xea2aeb00,0xea29ec00,0xea28ed00,0xea27ee00,0xea26ef00,0xea25f000,0xea24f100,0xea23f200,0xea22f300,
		0xea21f400,0xea20f500,0xea1ff600,0xea1ef700,0xea1df800,0xea1cf900,0xea1bfa00,0xea1afb00,0xea19fc00,0xea18fd00,
		0xea17fe00,0xea16ff00,0xea0b0002,0xea000b03,0xea090102,0xea000b03,0xea070202,0xea000b03,0xea050302,0xea000b03,
		0xea030402,0xea000b03,0xea010502,0xea000b03,0xe9ff0602,0xea000b03,0xe9fd0702,0xea000b03,0xe9fb0802,0xea000b03,
		0xe9f90902,0xea000b03,0xe9f70a02,0xea000b03,0xe9f50b02,0xea000b03,0xe9f30c02,0xea000b03,0xe9f10d02,0xea000b03,
		0xe9ef0e02,0xea000b03,0xe9ed0f02,0xea000b03,0xe9eb1002,0xea000b03,0xe9e91102,0xea000b03,0xe9e71202,0xea000b03,
		0xe9e51302,0xea000b03,0xe9e31402,0xea000b03,0xe9e11502,0xea000b03,0xe9df1602,0xea000b03,0xe9dd1702,0xea000b03,
		0xe9db1802,0xea000b03,0xe9d91902,0xea000b03,0xe9d71a02,0xea000b03,0xe9d51b02,0xea000b03,0xe9d31c02,0xea000b03,
		0xe9d11d02,0xea000b03,0xe9cf1e02,0xea000b03,0xe9cd1f02,0xea000b03,0xe9cb2002,0xea000b03,0xe9c92102,0xea000b03,
		0xe9c72202,0xea000b03,0xe9c52302,0xea000b03,0xe9c32402,0xea000b03,0xe9c12502,0xea000b03,0xe9bf2602,0xea000b03,
		0xe9bd2702,0xea000b03,0xe9bb2802,0xea000b03,0xe9b92902,0xea000b03,0xe9b72a02,0xea000b03,0xe9b52b02,0xea000b03,
		0xe9b32c02,0xea000b03,0xe9b12d02,0xea000b03,0xe9af2e02,0xea000b03,0xe9ad2f02,0xea000b03,0xe9ab3002,0xea000b03,
		0xe9a93102,0xea000b03,0xe9a73202,0xea000b03,0xe9a53302,0xea000b03,0xe9a33402,0xea000b03,0xe9a13502,0xea000b03,
		0xe99f3602,0xea000b03,0xe99d3702,0xea000b03,0xe99b3802,0xea000b03,0xe9993902,0xea000b03,0xe9973a02,0xea000b03,
		0xe9953b02,0xea000b03,0xe9933c02,0xea000b03,0xe9913d02,0xea000b03,0xe98f3e02,0xea000b03,0xe98d3f02,0xea000b03,
		0xe98bc002,0xea000b03,0xe989c102,0xea000b03,0xe987c202,0xea000b03,0xe985c302,0xea000b03,0xe983c402,0xea000b03,
		0xe981c502,0xea000b03,0xe97fc602,0xea000b03,0xe97dc702,0xea000b03,0xe97bc802,0xea000b03,0xe979c902,0xea000b03,
		0xe977ca02,0xea000b03,0xe975cb02,0xea000b03,0xe973cc02,0xea000b03,0xe971cd02,0xea000b03,0xe96fce02,0xea000b03,
		0xe96dcf02,0xea000b03,0xe96bd002,0xea000b03,0xe969d102,0xea000b03,0xe967d202,0xea000b03,0xe965d302,0xea000b03,
		0xe963d402,0xea000b03,0xe961d502,0xea000b03,0xe95fd602,0xea000b03,0xe95dd702,0xea000b03,0xe95bd802,0xea000b03,
		0xe959d902,0xea000b03,0xe957da02,0xea000b03,0xe955db02,0xea000b03,0xe953dc02,0xea000b03,0xe951dd02,0xea000b03,
		0xe94fde02,0xea000b03,0xe94ddf02,0xea000b03,0xe94be002,0xea000b03,0xe949e102,0xea000b03,0xe947e202,0xea000b03,
		0xe945e302,0xea000b03,0xe943e402,0xea000b03,0xe941e502,0xea000b03,0xe93fe602,0xea000b03,0xe93de702,0xea000b03,
		0xe93be802,0xea000b03,0xe939e902,0xea000b03,0xe937ea02,0xea000b03,0xe935eb02,0xea000b03,0xe933ec02,0xea000b03,
		0xe931ed02,0xea000b03,0xe92fee02,0xea000b03,0xe92def02,0xea000b03,0xe92bf002,0xea000b03,0xe929f102,0xea000b03,
		0xe927f202,0xea000b03,0xe925f302,0xea000b03,0xe923f402,0xea000b03,0xe921f502,0xea000b03,0xe91ff602,0xea000b03,
		0xe91df702,0xea000b03,0xe91bf802,0xea000b03,0xe919f902,0xea000b03,0xe917fa02,0xea000b03,0xe915fb02,0xea000b03,
		0xe913fc02,0xea000b03,0xe911fd02,0xea000b03,0xe90ffe02,0xea000b03,0xe90dff02,0xea000b03,0xe9170000,0xe9160100,
		0xe9150200,0xe9140300,0xe9130400,0xe9120500,0xe9110600,0xe9100700,0xe90f0800,0xe90e0900,0xe90d0a00,0xe90c0b00,
		0xe90b0c00,0xe90a0d00,0xe9090e00,0xe9080f00,0xe9071000,0xe9061100,0xe9051200,0xe9041300,0xe9031400,0xe9021500,
		0xe9011600,0xe9001700,0xe8ff1800,0xe8fe1900,0xe8fd1a00,0xe8fc1b00,0xe8fb1c00,0xe8fa1d00,0xe8f91e00,0xe8f81f00,
		0xe8f72000,0xe8f62100,0xe8f52200,0xe8f42300,0xe8f32400,0xe8f22500,0xe8f12600,0xe8f02700,0xe8ef2800,0xe8ee2900,
		0xe8ed2a00,0xe8ec2b00,0xe8eb2c00,0xe8ea2d00,0xe8e92e00,0xe8e82f00,0xe8e73000,0xe8e63100,0xe8e53200,0xe8e43300,
		0xe8e33400,0xe8e23500,0xe8e13600,0xe8e03700,0xe8df3800,0xe8de3900,0xe8dd3a00,0xe8dc3b00,0xe8db3c00,0xe8da3d00,
		0xe8d93e00,0xe8d83f00,0xe8d74000,0xe8d64100,0xe8d54200,0xe8d44300,0xe8d34400,0xe8d24500,0xe8d14600,0xe8d04700,
		0xe8cf4800,0xe8ce4900,0xe8cd4a00,0xe8cc4b00,0xe8cb4c00,0xe8ca4d00,0xe8c94e00,0xe8c84f00,0xe8c75000,0xe8c65100,
		0xe8c55200,0xe8c45300,0xe8c35400,0xe8c25500,0xe8c15600,0xe8c05700,0xe8bf5800,0xe8be5900,0xe8bd5a00,0xe8bc5b00,
		0xe8bb5c00,0xe8ba5d00,0xe8b95e00,0xe8b85f00,0xe8b76000,0xe8b66100,0xe8b56200,0xe8b46300,0xe8b36400,0xe8b26500,
		0xe8b16600,0xe8b06700,0xe8af6800,0xe8ae6900,0xe8ad6a00,0xe8ac6b00,0xe8ab6c00,0xe8aa6d00,0xe8a96e00,0xe8a86f00,
		0xe8a77000,0xe8a67100,0xe8a57200,0xe8a47300,0xe8a37400,0xe8a27500,0xe8a17600,0xe8a07700,0xe89f7800,0xe89e7900,
		0xe89d7a00,0xe89c7b00,0xe89b7c00,0xe89a7d00,0xe8997e00,0xe8987f00,0xe8978000,0xe8968100,0xe8958200,0xe8948300,
		0xe8938400,0xe8928500,0xe8918600,0xe8908700,0xe88f8800,0xe88e8900,0xe88d8a00,0xe88c8b00,0xe88b8c00,0xe88a8d00,
		0xe8898e00,0xe8888f00,0xe8879000,0xe8869100,0xe8859200,0xe8849300,0xe8839400,0xe8829500,0xe8819600,0xe8809700,
		0xe87f9800,0xe87e9900,0xe87d9a00,0xe87c9b00,0xe87b9c00,0xe87a9d00,0xe8799e00,0xe8789f00,0xe877a000,0xe876a100,
		0xe875a200,0xe874a300,0xe873a400,0xe872a500,0xe871a600,0xe870a700,0xe86fa800,0xe86ea900,0xe86daa00,0xe86cab00,
		0xe86bac00,0xe86aad00,0xe869ae00,0xe868af00,0xe867b000,0xe866b100,0xe865b200,0xe864b300,0xe863b400,0xe862b500,
		0xe861b600,0xe860b700,0xe85fb800,0xe85eb900,0xe85dba00,0xe85cbb00,0xe85bbc00,0xe85abd00,0xe859be00,0xe858bf00,
		0xe857c000,0xe856c100,0xe855c200,0xe854c300,0xe853c400,0xe852c500,0xe851c600,0xe850c700,0xe84fc800,0xe84ec900,
		0xe84dca00,0xe84ccb00,0xe84bcc00,0xe84acd00,0xe849ce00,0xe848cf00,0xe847d000,0xe846d100,0xe845d200,0xe844d300,
		0xe843d400,0xe842d500,0xe841d600,0xe840d700,0xe83fd800,0xe83ed900,0xe83dda00,0xe83cdb00,0xe83bdc00,0xe83add00,
		0xe839de00,0xe838df00,0xe837e000,0xe836e100,0xe835e200,0xe834e300,0xe833e400,0xe832e500,0xe831e600,0xe830e700,
		0xe82fe800,0xe82ee900,0xe82dea00,0xe82ceb00,0xe82bec00,0xe82aed00,0xe829ee00,0xe828ef00,0xe827f000,0xe826f100,
		0xe825f200,0xe824f300,0xe823f400,0xe822f500,0xe821f600,0xe820f700,0xe81ff800,0xe81ef900,0xe81dfa00,0xe81cfb00,
		0xe81bfc00,0xe81afd00,0xe819fe00,0xe818ff00,0xe8030006,0xe8000c07,0xe7ff0607,0xe8000c07,0xe7fd0307,0xe8000c07,
		0xe7fd0607,0xe8000c07,0xe7fb0106,0xe8000c07,0xe7fb0607,0xe8000c07,0xe7f70307,0xe8000c07,0xe7f90607,0xe8000c07,
		0xe7f30206,0xe8000c07,0xe7f70607,0xe8000c07,0xe7f10307,0xe8000c07,0xe7f50607,0xe8000c07,0xe7eb0306,0xe8000c07,
		0xe7f30607,0xe8000c07,0xe7eb0307,0xe8000c07,0xe7f10607,0xe8000c07,0xe7e30406,0xe8000c07,0xe7ef0607,0xe8000c07,
		0xe7e50307,0xe8000c07,0xe7ed0607,0xe8000c07,0xe7db0506,0xe8000c07,0xe7eb0607,0xe8000c07,0xe7df0307,0xe8000c07,
		0xe7e90607,0xe8000c07,0xe7d30606,0xe8000c07,0xe7e70607,0xe8000c07,0xe7d90307,0xe8000c07,0xe7e50607,0xe8000c07,
		0xe7cb0706,0xe8000c07,0xe7e30607,0xe8000c07,0xe7d30307,0xe8000c07,0xe7e10607,0xe8000c07,0xe7c30806,0xe8000c07,
		0xe7df0607,0xe8000c07,0xe7cd0307,0xe8000c07,0xe7dd0607,0xe8000c07,0xe7bb0906,0xe8000c07,0xe7db0607,0xe8000c07,
		0xe7c70307,0xe8000c07,0xe7d90607,0xe8000c07,0xe7b30a06,0xe8000c07,0xe7d70607,0xe8000c07,0xe7c10307,0xe8000c07,
		0xe7d50607,0xe8000c07,0xe7ab0b06,0xe8000c07,0xe7d30607,0xe8000c07,0xe7bb0307,0xe8000c07,0xe7d10607,0xe8000c07,
		0xe7a30c06,0xe8000c07,0xe7cf0607,0xe8000c07,0xe7b50307,0xe8000c07,0xe7cd0607,0xe8000c07,0xe79b0d06,0xe8000c07,
		0xe7cb0607,0xe8000c07,0xe7af0307,0xe8000c07,0xe7c90607,0xe8000c07,0xe7930e06,0xe8000c07,0xe7c70607,0xe8000c07,
		0xe7a90307,0xe8000c07,0xe7c50607,0xe8000c07,0xe78b0f06,0xe8000c07,0xe7c30607,0xe8000c07,0xe7a30307,0xe8000c07,
		0xe7c10607,0xe8000c07,0xe783f006,0xe8000c07,0xe83f0607,0xe8000c07,0xe85d0307,0xe8000c07,0xe83d0607,0xe8000c07,
		0xe77bf106,0xe8000c07,0xe83b0607,0xe8000c07,0xe8570307,0xe8000c07,0xe8390607,0xe8000c07,0xe773f206,0xe8000c07,
		0xe8370607,0xe8000c07,0xe8510307,0xe8000c07,0xe8350607,0xe8000c07,0xe76bf306,0xe8000c07,0xe8330607,0xe8000c07,
		0xe84b0307,0xe8000c07,0xe8310607,0xe8000c07,0xe763f406,0xe8000c07,0xe82f0607,0xe8000c07,0xe8450307,0xe8000c07,
		0xe82d0607,0xe8000c07,0xe75bf506,0xe8000c07,0xe82b0607,0xe8000c07,0xe83f0307,0xe8000c07,0xe8290607,0xe8000c07,
		0xe753f606,0xe8000c07,0xe8270607,0xe8000c07,0xe8390307,0xe8000c07,0xe8250607,0xe8000c07,0xe74bf706,0xe8000c07,
		0xe8230607,0xe8000c07,0xe8330307,0xe8000c07,0xe8210607,0xe8000c07,0xe743f806,0xe8000c07,0xe81f0607,0xe8000c07,
		0xe82d0307,0xe8000c07,0xe81d0607,0xe8000c07,0xe73bf906,0xe8000c07,0xe81b0607,0xe8000c07,0xe8270307,0xe8000c07,
		0xe8190607,0xe8000c07,0xe733fa06,0xe8000c07,0xe8170607,0xe8000c07,0xe8210307,0xe8000c07,0xe8150607,0xe8000c07,
		0xe72bfb06,0xe8000c07,0xe8130607,0xe8000c07,0xe81b0307,0xe8000c07,0xe8110607,0xe8000c07,0xe723fc06,0xe8000c07,
		0xe80f0607,0xe8000c07,0xe8150307,0xe8000c07,0xe80d0607,0xe8000c07,0xe71bfd06,0xe8000c07,0xe80b0607,0xe8000c07,
		0xe80f0307,0xe8000c07,0xe8090607,0xe8000c07,0xe713fe06,0xe8000c07,0xe8070607,0xe8000c07,0xe8090307,0xe8000c07,
		0xe8050607,0xe8000c07,0xe70bff06,0xe8000c07,0xe8030607,0xe8000c07,0xe8030307,0xe8000c07,0xe8010607,0xe8000c07,
		0xe7190000,0xe7180100,0xe7170200,0xe7160300,0xe7150400,0xe7140500,0xe7130600,0xe7120700,0xe7110800,0xe7100900,
		0xe70f0a00,0xe70e0b00,0xe70d0c00,0xe70c0d00,0xe70b0e00,0xe70a0f00,0xe7091000,0xe7081100,0xe7071200,0xe7061300,
		0xe7051400,0xe7041500,0xe7031600,0xe7021700,0xe7011800,0xe7001900,0xe6ff1a00,0xe6fe1b00,0xe6fd1c00,0xe6fc1d00,
		0xe6fb1e00,0xe6fa1f00,0xe6f92000,0xe6f82100,0xe6f72200,0xe6f62300,0xe6f52400,0xe6f42500,0xe6f32600,0xe6f22700,
		0xe6f12800,0xe6f02900,0xe6ef2a00,0xe6ee2b00,0xe6ed2c00,0xe6ec2d00,0xe6eb2e00,0xe6ea2f00,0xe6e93000,0xe6e83100,
		0xe6e73200,0xe6e63300,0xe6e53400,0xe6e43500,0xe6e33600,0xe6e23700,0xe6e13800,0xe6e03900,0xe6df3a00,0xe6de3b00,
		0xe6dd3c00,0xe6dc3d00,0xe6db3e00,0xe6da3f00,0xe6d94000,0xe6d84100,0xe6d74200,0xe6d64300,0xe6d54400,0xe6d44500,
		0xe6d34600,0xe6d24700,0xe6d14800,0xe6d04900,0xe6cf4a00,0xe6ce4b00,0xe6cd4c00,0xe6cc4d00,0xe6cb4e00,0xe6ca4f00,
		0xe6c95000,0xe6c85100,0xe6c75200,0xe6c65300,0xe6c55400,0xe6c45500,0xe6c35600,0xe6c25700,0xe6c15800,0xe6c05900,
		0xe6bf5a00,0xe6be5b00,0xe6bd5c00,0xe6bc5d00,0xe6bb5e00,0xe6ba5f00,0xe6b96000,0xe6b86100,0xe6b76200,0xe6b66300,
		0xe6b56400,0xe6b46500,0xe6b36600,0xe6b26700,0xe6b16800,0xe6b06900,0xe6af6a00,0xe6ae6b00,0xe6ad6c00,0xe6ac6d00,
		0xe6ab6e00,0xe6aa6f00,0xe6a97000,0xe6a87100,0xe6a77200,0xe6a67300,0xe6a57400,0xe6a47500,0xe6a37600,0xe6a27700,
		0xe6a17800,0xe6a07900,0xe69f7a00,0xe69e7b00,0xe69d7c00,0xe69c7d00,0xe69b7e00,0xe69a7f00,0xe6998000,0xe6988100,
		0xe6978200,0xe6968300,0xe6958400,0xe6948500,0xe6938600,0xe6928700,0xe6918800,0xe6908900,0xe68f8a00,0xe68e8b00,
		0xe68d8c00,0xe68c8d00,0xe68b8e00,0xe68a8f00,0xe6899000,0xe6889100,0xe6879200,0xe6869300,0xe6859400,0xe6849500,
		0xe6839600,0xe6829700,0xe6819800,0xe6809900,0xe67f9a00,0xe67e9b00,0xe67d9c00,0xe67c9d00,0xe67b9e00,0xe67a9f00,
		0xe679a000,0xe678a100,0xe677a200,0xe676a300,0xe675a400,0xe674a500,0xe673a600,0xe672a700,0xe671a800,0xe670a900,
		0xe66faa00,0xe66eab00,0xe66dac00,0xe66cad00,0xe66bae00,0xe66aaf00,0xe669b000,0xe668b100,0xe667b200,0xe666b300,
		0xe665b400,0xe664b500,0xe663b600,0xe662b700,0xe661b800,0xe660b900,0xe65fba00,0xe65ebb00,0xe65dbc00,0xe65cbd00,
		0xe65bbe00,0xe65abf00,0xe659c000,0xe658c100,0xe657c200,0xe656c300,0xe655c400,0xe654c500,0xe653c600,0xe652c700,
		0xe651c800,0xe650c900,0xe64fca00,0xe64ecb00,0xe64dcc00,0xe64ccd00,0xe64bce00,0xe64acf00,0xe649d000,0xe648d100,
		0xe647d200,0xe646d300,0xe645d400,0xe644d500,0xe643d600,0xe642d700,0xe641d800,0xe640d900,0xe63fda00,0xe63edb00,
		0xe63ddc00,0xe63cdd00,0xe63bde00,0xe63adf00,0xe639e000,0xe638e100,0xe637e200,0xe636e300,0xe635e400,0xe634e500,
		0xe633e600,0xe632e700,0xe631e800,0xe630e900,0xe62fea00,0xe62eeb00,0xe62dec00,0xe62ced00,0xe62bee00,0xe62aef00,
		0xe629f000,0xe628f100,0xe627f200,0xe626f300,0xe625f400,0xe624f500,0xe623f600,0xe622f700,0xe621f800,0xe620f900,
		0xe61ffa00,0xe61efb00,0xe61dfc00,0xe61cfd00,0xe61bfe00,0xe61aff00,0xe60d0002,0xe6000d03,0xe60b0102,0xe6000d03,
		0xe6090202,0xe6000d03,0xe6070302,0xe6000d03,0xe6050402,0xe6000d03,0xe6030502,0xe6000d03,0xe6010602,0xe6000d03,
		0xe5ff0702,0xe6000d03,0xe5fd0802,0xe6000d03,0xe5fb0902,0xe6000d03,0xe5f90a02,0xe6000d03,0xe5f70b02,0xe6000d03,
		0xe5f50c02,0xe6000d03,0xe5f30d02,0xe6000d03,0xe5f10e02,0xe6000d03,0xe5ef0f02,0xe6000d03,0xe5ed1002,0xe6000d03,
		0xe5eb1102,0xe6000d03,0xe5e91202,0xe6000d03,0xe5e71302,0xe6000d03,0xe5e51402,0xe6000d03,0xe5e31502,0xe6000d03,
		0xe5e11602,0xe6000d03,0xe5df1702,0xe6000d03,0xe5dd1802,0xe6000d03,0xe5db1902,0xe6000d03,0xe5d91a02,0xe6000d03,
		0xe5d71b02,0xe6000d03,0xe5d51c02,0xe6000d03,0xe5d31d02,0xe6000d03,0xe5d11e02,0xe6000d03,0xe5cf1f02,0xe6000d03,
		0xe5cd2002,0xe6000d03,0xe5cb2102,0xe6000d03,0xe5c92202,0xe6000d03,0xe5c72302,0xe6000d03,0xe5c52402,0xe6000d03,
		0xe5c32502,0xe6000d03,0xe5c12602,0xe6000d03,0xe5bf2702,0xe6000d03,0xe5bd2802,0xe6000d03,0xe5bb2902,0xe6000d03,
		0xe5b92a02,0xe6000d03,0xe5b72b02,0xe6000d03,0xe5b52c02,0xe6000d03,0xe5b32d02,0xe6000d03,0xe5b12e02,0xe6000d03,
		0xe5af2f02,0xe6000d03,0xe5ad3002,0xe6000d03,0xe5ab3102,0xe6000d03,0xe5a93202,0xe6000d03,0xe5a73302,0xe6000d03,
		0xe5a53402,0xe6000d03,0xe5a33502,0xe6000d03,0xe5a13602,0xe6000d03,0xe59f3702,0xe6000d03,0xe59d3802,0xe6000d03,
		0xe59b3902,0xe6000d03,0xe5993a02,0xe6000d03,0xe5973b02,0xe6000d03,0xe5953c02,0xe6000d03,0xe5933d02,0xe6000d03,
		0xe5913e02,0xe6000d03,0xe58f3f02,0xe6000d03,0xe58dc002,0xe6000d03,0xe58bc102,0xe6000d03,0xe589c202,0xe6000d03,
		0xe587c302,0xe6000d03,0xe585c402,0xe6000d03,0xe583c502,0xe6000d03,0xe581c602,0xe6000d03,0xe57fc702,0xe6000d03,
		0xe57dc802,0xe6000d03,0xe57bc902,0xe6000d03,0xe579ca02,0xe6000d03,0xe577cb02,0xe6000d03,0xe575cc02,0xe6000d03,
		0xe573cd02,0xe6000d03,0xe571ce02,0xe6000d03,0xe56fcf02,0xe6000d03,0xe56dd002,0xe6000d03,0xe56bd102,0xe6000d03,
		0xe569d202,0xe6000d03,0xe567d302,0xe6000d03,0xe565d402,0xe6000d03,0xe563d502,0xe6000d03,0xe561d602,0xe6000d03,
		0xe55fd702,0xe6000d03,0xe55dd802,0xe6000d03,0xe55bd902,0xe6000d03,0xe559da02,0xe6000d03,0xe557db02,0xe6000d03,
		0xe555dc02,0xe6000d03,0xe553dd02,0xe6000d03,0xe551de02,0xe6000d03,0xe54fdf02,0xe6000d03,0xe54de002,0xe6000d03,
		0xe54be102,0xe6000d03,0xe549e202,0xe6000d03,0xe547e302,0xe6000d03,0xe545e402,0xe6000d03,0xe543e502,0xe6000d03,
		0xe541e602,0xe6000d03,0xe53fe702,0xe6000d03,0xe53de802,0xe6000d03,0xe53be902,0xe6000d03,0xe539ea02,0xe6000d03,
		0xe537eb02,0xe6000d03,0xe535ec02,0xe6000d03,0xe533ed02,0xe6000d03,0xe531ee02,0xe6000d03,0xe52fef02,0xe6000d03,
		0xe52df002,0xe6000d03,0xe52bf102,0xe6000d03,0xe529f202,0xe6000d03,0xe527f302,0xe6000d03,0xe525f402,0xe6000d03,
		0xe523f502,0xe6000d03,0xe521f602,0xe6000d03,0xe51ff702,0xe6000d03,0xe51df802,0xe6000d03,0xe51bf902,0xe6000d03,
		0xe519fa02,0xe6000d03,0xe517fb02,0xe6000d03,0xe515fc02,0xe6000d03,0xe513fd02,0xe6000d03,0xe511fe02,0xe6000d03,
		0xe50fff02,0xe6000d03,0xe51b0000,0xe51a0100,0xe5190200,0xe5180300,0xe5170400,0xe5160500,0xe5150600,0xe5140700,
		0xe5130800,0xe5120900,0xe5110a00,0xe5100b00,0xe50f0c00,0xe50e0d00,0xe50d0e00,0xe50c0f00,0xe50b1000,0xe50a1100,
		0xe5091200,0xe5081300,0xe5071400,0xe5061500,0xe5051600,0xe5041700,0xe5031800,0xe5021900,0xe5011a00,0xe5001b00,
		0xe4ff1c00,0xe4fe1d00,0xe4fd1e00,0xe4fc1f00,0xe4fb2000,0xe4fa2100,0xe4f92200,0xe4f82300,0xe4f72400,0xe4f62500,
		0xe4f52600,0xe4f42700,0xe4f32800,0xe4f22900,0xe4f12a00,0xe4f02b00,0xe4ef2c00,0xe4ee2d00,0xe4ed2e00,0xe4ec2f00,
		0xe4eb3000,0xe4ea3100,0xe4e93200,0xe4e83300,0xe4e73400,0xe4e63500,0xe4e53600,0xe4e43700,0xe4e33800,0xe4e23900,
		0xe4e13a00,0xe4e03b00,0xe4df3c00,0xe4de3d00,0xe4dd3e00,0xe4dc3f00,0xe4db4000,0xe4da4100,0xe4d94200,0xe4d84300,
		0xe4d74400,0xe4d64500,0xe4d54600,0xe4d44700,0xe4d34800,0xe4d24900,0xe4d14a00,0xe4d04b00,0xe4cf4c00,0xe4ce4d00,
		0xe4cd4e00,0xe4cc4f00,0xe4cb5000,0xe4ca5100,0xe4c95200,0xe4c85300,0xe4c75400,0xe4c65500,0xe4c55600,0xe4c45700,
		0xe4c35800,0xe4c25900,0xe4c15a00,0xe4c05b00,0xe4bf5c00,0xe4be5d00,0xe4bd5e00,0xe4bc5f00,0xe4bb6000,0xe4ba6100,
		0xe4b96200,0xe4b86300,0xe4b76400,0xe4b66500,0xe4b56600,0xe4b46700,0xe4b36800,0xe4b26900,0xe4b16a00,0xe4b06b00,
		0xe4af6c00,0xe4ae6d00,0xe4ad6e00,0xe4ac6f00,0xe4ab7000,0xe4aa7100,0xe4a97200,0xe4a87300,0xe4a77400,0xe4a67500,
		0xe4a57600,0xe4a47700,0xe4a37800,0xe4a27900,0xe4a17a00,0xe4a07b00,0xe49f7c00,0xe49e7d00,0xe49d7e00,0xe49c7f00,
		0xe49b8000,0xe49a8100,0xe4998200,0xe4988300,0xe4978400,0xe4968500,0xe4958600,0xe4948700,0xe4938800,0xe4928900,
		0xe4918a00,0xe4908b00,0xe48f8c00,0xe48e8d00,0xe48d8e00,0xe48c8f00,0xe48b9000,0xe48a9100,0xe4899200,0xe4889300,
		0xe4879400,0xe4869500,0xe4859600,0xe4849700,0xe4839800,0xe4829900,0xe4819a00,0xe4809b00,0xe47f9c00,0xe47e9d00,
		0xe47d9e00,0xe47c9f00,0xe47ba000,0xe47aa100,0xe479a200,0xe478a300,0xe477a400,0xe476a500,0xe475a600,0xe474a700,
		0xe473a800,0xe472a900,0xe471aa00,0xe470ab00,0xe46fac00,0xe46ead00,0xe46dae00,0xe46caf00,0xe46bb000,0xe46ab100,
		0xe469b200,0xe468b300,0xe467b400,0xe466b500,0xe465b600,0xe464b700,0xe463b800,0xe462b900,0xe461ba00,0xe460bb00,
		0xe45fbc00,0xe45ebd00,0xe45dbe00,0xe45cbf00,0xe45bc000,0xe45ac100,0xe459c200,0xe458c300,0xe457c400,0xe456c500,
		0xe455c600,0xe454c700,0xe453c800,0xe452c900,0xe451ca00,0xe450cb00,0xe44fcc00,0xe44ecd00,0xe44dce00,0xe44ccf00,
		0xe44bd000,0xe44ad100,0xe449d200,0xe448d300,0xe447d400,0xe446d500,0xe445d600,0xe444d700,0xe443d800,0xe442d900,
		0xe441da00,0xe440db00,0xe43fdc00,0xe43edd00,0xe43dde00,0xe43cdf00,0xe43be000,0xe43ae100,0xe439e200,0xe438e300,
		0xe437e400,0xe436e500,0xe435e600,0xe434e700,0xe433e800,0xe432e900,0xe431ea00,0xe430eb00,0xe42fec00,0xe42eed00,
		0xe42dee00,0xe42cef00,0xe42bf000,0xe42af100,0xe429f200,0xe428f300,0xe427f400,0xe426f500,0xe425f600,0xe424f700,
		0xe423f800,0xe422f900,0xe421fa00,0xe420fb00,0xe41ffc00,0xe41efd00,0xe41dfe00,0xe41cff00,0xe4070004,0xe4000e05,
		0xe3ff0705,0xe4000e05,0xe4030104,0xe4000e05,0xe3fd0705,0xe4000e05,0xe3ff0204,0xe4000e05,0xe3fb0705,0xe4000e05,
		0xe3fb0304,0xe4000e05,0xe3f90705,0xe4000e05,0xe3f70404,0xe4000e05,0xe3f70705,0xe4000e05,0xe3f30504,0xe4000e05,
		0xe3f50705,0xe4000e05,0xe3ef0604,0xe4000e05,0xe3f30705,0xe4000e05,0xe3eb0704,0xe4000e05,0xe3f10705,0xe4000e05,
		0xe3e70804,0xe4000e05,0xe3ef0705,0xe4000e05,0xe3e30904,0xe4000e05,0xe3ed0705,0xe4000e05,0xe3df0a04,0xe4000e05,
		0xe3eb0705,0xe4000e05,0xe3db0b04,0xe4000e05,0xe3e90705,0xe4000e05,0xe3d70c04,0xe4000e05,0xe3e70705,0xe4000e05,
		0xe3d30d04,0xe4000e05,0xe3e50705,0xe4000e05,0xe3cf0e04,0xe4000e05,0xe3e30705,0xe4000e05,0xe3cb0f04,0xe4000e05,
		0xe3e10705,0xe4000e05,0xe3c71004,0xe4000e05,0xe3df0705,0xe4000e05,0xe3c31104,0xe4000e05,0xe3dd0705,0xe4000e05,
		0xe3bf1204,0xe4000e05,0xe3db0705,0xe4000e05,0xe3bb1304,0xe4000e05,0xe3d90705,0xe4000e05,0xe3b71404,0xe4000e05,
		0xe3d70705,0xe4000e05,0xe3b31504,0xe4000e05,0xe3d50705,0xe4000e05,0xe3af1604,0xe4000e05,0xe3d30705,0xe4000e05,
		0xe3ab1704,0xe4000e05,0xe3d10705,0xe4000e05,0xe3a71804,0xe4000e05,0xe3cf0705,0xe4000e05,0xe3a31904,0xe4000e05,
		0xe3cd0705,0xe4000e05,0xe39f1a04,0xe4000e05,0xe3cb0705,0xe4000e05,0xe39b1b04,0xe4000e05,0xe3c90705,0xe4000e05,
		0xe3971c04,0xe4000e05,0xe3c70705,0xe4000e05,0xe3931d04,0xe4000e05,0xe3c50705,0xe4000e05,0xe38f1e04,0xe4000e05,
		0xe3c30705,0xe4000e05,0xe38b1f04,0xe4000e05,0xe3c10705,0xe4000e05,0xe387e004,0xe4000e05,0xe43f0705,0xe4000e05,
		0xe383e104,0xe4000e05,0xe43d0705,0xe4000e05,0xe37fe204,0xe4000e05,0xe43b0705,0xe4000e05,0xe37be304,0xe4000e05,
		0xe4390705,0xe4000e05,0xe377e404,0xe4000e05,0xe4370705,0xe4000e05,0xe373e504,0xe4000e05,0xe4350705,0xe4000e05,
		0xe36fe604,0xe4000e05,0xe4330705,0xe4000e05,0xe36be704,0xe4000e05,0xe4310705,0xe4000e05,0xe367e804,0xe4000e05,
		0xe42f0705,0xe4000e05,0xe363e904,0xe4000e05,0xe42d0705,0xe4000e05,0xe35fea04,0xe4000e05,0xe42b0705,0xe4000e05,
		0xe35beb04,0xe4000e05,0xe4290705,0xe4000e05,0xe357ec04,0xe4000e05,0xe4270705,0xe4000e05,0xe353ed04,0xe4000e05,
		0xe4250705,0xe4000e05,0xe34fee04,0xe4000e05,0xe4230705,0xe4000e05,0xe34bef04,0xe4000e05,0xe4210705,0xe4000e05,
		0xe347f004,0xe4000e05,0xe41f0705,0xe4000e05,0xe343f104,0xe4000e05,0xe41d0705,0xe4000e05,0xe33ff204,0xe4000e05,
		0xe41b0705,0xe4000e05,0xe33bf304,0xe4000e05,0xe4190705,0xe4000e05,0xe337f404,0xe4000e05,0xe4170705,0xe4000e05,
		0xe333f504,0xe4000e05,0xe4150705,0xe4000e05,0xe32ff604,0xe4000e05,0xe4130705,0xe4000e05,0xe32bf704,0xe4000e05,
		0xe4110705,0xe4000e05,0xe327f804,0xe4000e05,0xe40f0705,0xe4000e05,0xe323f904,0xe4000e05,0xe40d0705,0xe4000e05,
		0xe31ffa04,0xe4000e05,0xe40b0705,0xe4000e05,0xe31bfb04,0xe4000e05,0xe4090705,0xe4000e05,0xe317fc04,0xe4000e05,
		0xe4070705,0xe4000e05,0xe313fd04,0xe4000e05,0xe4050705,0xe4000e05,0xe30ffe04,0xe4000e05,0xe4030705,0xe4000e05,
		0xe30bff04,0xe4000e05,0xe4010705,0xe4000e05,0xe31d0000,0xe31c0100,0xe31b0200,0xe31a0300,0xe3190400,0xe3180500,
		0xe3170600,0xe3160700,0xe3150800,0xe3140900,0xe3130a00,0xe3120b00,0xe3110c00,0xe3100d00,0xe30f0e00,0xe30e0f00,
		0xe30d1000,0xe30c1100,0xe30b1200,0xe30a1300,0xe3091400,0xe3081500,0xe3071600,0xe3061700,0xe3051800,0xe3041900,
		0xe3031a00,0xe3021b00,0xe3011c00,0xe3001d00,0xe2ff1e00,0xe2fe1f00,0xe2fd2000,0xe2fc2100,0xe2fb2200,0xe2fa2300,
		0xe2f92400,0xe2f82500,0xe2f72600,0xe2f62700,0xe2f52800,0xe2f42900,0xe2f32a00,0xe2f22b00,0xe2f12c00,0xe2f02d00,
		0xe2ef2e00,0xe2ee2f00,0xe2ed3000,0xe2ec3100,0xe2eb3200,0xe2ea3300,0xe2e93400,0xe2e83500,0xe2e73600,0xe2e63700,
		0xe2e53800,0xe2e43900,0xe2e33a00,0xe2e23b00,0xe2e13c00,0xe2e03d00,0xe2df3e00,0xe2de3f00,0xe2dd4000,0xe2dc4100,
		0xe2db4200,0xe2da4300,0xe2d94400,0xe2d84500,0xe2d74600,0xe2d64700,0xe2d54800,0xe2d44900,0xe2d34a00,0xe2d24b00,
		0xe2d14c00,0xe2d04d00,0xe2cf4e00,0xe2ce4f00,0xe2cd5000,0xe2cc5100,0xe2cb5200,0xe2ca5300,0xe2c95400,0xe2c85500,
		0xe2c75600,0xe2c65700,0xe2c55800,0xe2c45900,0xe2c35a00,0xe2c25b00,0xe2c15c00,0xe2c05d00,0xe2bf5e00,0xe2be5f00,
		0xe2bd6000,0xe2bc6100,0xe2bb6200,0xe2ba6300,0xe2b96400,0xe2b86500,0xe2b76600,0xe2b66700,0xe2b56800,0xe2b46900,
		0xe2b36a00,0xe2b26b00,0xe2b16c00,0xe2b06d00,0xe2af6e00,0xe2ae6f00,0xe2ad7000,0xe2ac7100,0xe2ab7200,0xe2aa7300,
		0xe2a97400,0xe2a87500,0xe2a77600,0xe2a67700,0xe2a57800,0xe2a47900,0xe2a37a00,0xe2a27b00,0xe2a17c00,0xe2a07d00,
		0xe29f7e00,0xe29e7f00,0xe29d8000,0xe29c8100,0xe29b8200,0xe29a8300,0xe2998400,0xe2988500,0xe2978600,0xe2968700,
		0xe2958800,0xe2948900,0xe2938a00,0xe2928b00,0xe2918c00,0xe2908d00,0xe28f8e00,0xe28e8f00,0xe28d9000,0xe28c9100,
		0xe28b9200,0xe28a9300,0xe2899400,0xe2889500,0xe2879600,0xe2869700,0xe2859800,0xe2849900,0xe2839a00,0xe2829b00,
		0xe2819c00,0xe2809d00,0xe27f9e00,0xe27e9f00,0xe27da000,0xe27ca100,0xe27ba200,0xe27aa300,0xe279a400,0xe278a500,
		0xe277a600,0xe276a700,0xe275a800,0xe274a900,0xe273aa00,0xe272ab00,0xe271ac00,0xe270ad00,0xe26fae00,0xe26eaf00,
		0xe26db000,0xe26cb100,0xe26bb200,0xe26ab300,0xe269b400,0xe268b500,0xe267b600,0xe266b700,0xe265b800,0xe264b900,
		0xe263ba00,0xe262bb00,0xe261bc00,0xe260bd00,0xe25fbe00,0xe25ebf00,0xe25dc000,0xe25cc100,0xe25bc200,0xe25ac300,
		0xe259c400,0xe258c500,0xe257c600,0xe256c700,0xe255c800,0xe254c900,0xe253ca00,0xe252cb00,0xe251cc00,0xe250cd00,
		0xe24fce00,0xe24ecf00,0xe24dd000,0xe24cd100,0xe24bd200,0xe24ad300,0xe249d400,0xe248d500,0xe247d600,0xe246d700,
		0xe245d800,0xe244d900,0xe243da00,0xe242db00,0xe241dc00,0xe240dd00,0xe23fde00,0xe23edf00,0xe23de000,0xe23ce100,
		0xe23be200,0xe23ae300,0xe239e400,0xe238e500,0xe237e600,0xe236e700,0xe235e800,0xe234e900,0xe233ea00,0xe232eb00,
		0xe231ec00,0xe230ed00,0xe22fee00,0xe22eef00,0xe22df000,0xe22cf100,0xe22bf200,0xe22af300,0xe229f400,0xe228f500,
		0xe227f600,0xe226f700,0xe225f800,0xe224f900,0xe223fa00,0xe222fb00,0xe221fc00,0xe220fd00,0xe21ffe00,0xe21eff00,
		0xe20f0002,0xe2000f03,0xe20d0102,0xe2000f03,0xe20b0202,0xe2000f03,0xe2090302,0xe2000f03,0xe2070402,0xe2000f03,
		0xe2050502,0xe2000f03,0xe2030602,0xe2000f03,0xe2010702,0xe2000f03,0xe1ff0802,0xe2000f03,0xe1fd0902,0xe2000f03,
		0xe1fb0a02,0xe2000f03,0xe1f90b02,0xe2000f03,0xe1f70c02,0xe2000f03,0xe1f50d02,0xe2000f03,0xe1f30e02,0xe2000f03,
		0xe1f10f02,0xe2000f03,0xe1ef1002,0xe2000f03,0xe1ed1102,0xe2000f03,0xe1eb1202,0xe2000f03,0xe1e91302,0xe2000f03,
		0xe1e71402,0xe2000f03,0xe1e51502,0xe2000f03,0xe1e31602,0xe2000f03,0xe1e11702,0xe2000f03,0xe1df1802,0xe2000f03,
		0xe1dd1902,0xe2000f03,0xe1db1a02,0xe2000f03,0xe1d91b02,0xe2000f03,0xe1d71c02,0xe2000f03,0xe1d51d02,0xe2000f03,
		0xe1d31e02,0xe2000f03,0xe1d11f02,0xe2000f03,0xe1cf2002,0xe2000f03,0xe1cd2102,0xe2000f03,0xe1cb2202,0xe2000f03,
		0xe1c92302,0xe2000f03,0xe1c72402,0xe2000f03,0xe1c52502,0xe2000f03,0xe1c32602,0xe2000f03,0xe1c12702,0xe2000f03,
		0xe1bf2802,0xe2000f03,0xe1bd2902,0xe2000f03,0xe1bb2a02,0xe2000f03,0xe1b92b02,0xe2000f03,0xe1b72c02,0xe2000f03,
		0xe1b52d02,0xe2000f03,0xe1b32e02,0xe2000f03,0xe1b12f02,0xe2000f03,0xe1af3002,0xe2000f03,0xe1ad3102,0xe2000f03,
		0xe1ab3202,0xe2000f03,0xe1a93302,0xe2000f03,0xe1a73402,0xe2000f03,0xe1a53502,0xe2000f03,0xe1a33602,0xe2000f03,
		0xe1a13702,0xe2000f03,0xe19f3802,0xe2000f03,0xe19d3902,0xe2000f03,0xe19b3a02,0xe2000f03,0xe1993b02,0xe2000f03,
		0xe1973c02,0xe2000f03,0xe1953d02,0xe2000f03,0xe1933e02,0xe2000f03,0xe1913f02,0xe2000f03,0xe18fc002,0xe2000f03,
		0xe18dc102,0xe2000f03,0xe18bc202,0xe2000f03,0xe189c302,0xe2000f03,0xe187c402,0xe2000f03,0xe185c502,0xe2000f03,
		0xe183c602,0xe2000f03,0xe181c702,0xe2000f03,0xe17fc802,0xe2000f03,0xe17dc902,0xe2000f03,0xe17bca02,0xe2000f03,
		0xe179cb02,0xe2000f03,0xe177cc02,0xe2000f03,0xe175cd02,0xe2000f03,0xe173ce02,0xe2000f03,0xe171cf02,0xe2000f03,
		0xe16fd002,0xe2000f03,0xe16dd102,0xe2000f03,0xe16bd202,0xe2000f03,0xe169d302,0xe2000f03,0xe167d402,0xe2000f03,
		0xe165d502,0xe2000f03,0xe163d602,0xe2000f03,0xe161d702,0xe2000f03,0xe15fd802,0xe2000f03,0xe15dd902,0xe2000f03,
		0xe15bda02,0xe2000f03,0xe159db02,0xe2000f03,0xe157dc02,0xe2000f03,0xe155dd02,0xe2000f03,0xe153de02,0xe2000f03,
		0xe151df02,0xe2000f03,0xe14fe002,0xe2000f03,0xe14de102,0xe2000f03,0xe14be202,0xe2000f03,0xe149e302,0xe2000f03,
		0xe147e402,0xe2000f03,0xe145e502,0xe2000f03,0xe143e602,0xe2000f03,0xe141e702,0xe2000f03,0xe13fe802,0xe2000f03,
		0xe13de902,0xe2000f03,0xe13bea02,0xe2000f03,0xe139eb02,0xe2000f03,0xe137ec02,0xe2000f03,0xe135ed02,0xe2000f03,
		0xe133ee02,0xe2000f03,0xe131ef02,0xe2000f03,0xe12ff002,0xe2000f03,0xe12df102,0xe2000f03,0xe12bf202,0xe2000f03,
		0xe129f302,0xe2000f03,0xe127f402,0xe2000f03,0xe125f502,0xe2000f03,0xe123f602,0xe2000f03,0xe121f702,0xe2000f03,
		0xe11ff802,0xe2000f03,0xe11df902,0xe2000f03,0xe11bfa02,0xe2000f03,0xe119fb02,0xe2000f03,0xe117fc02,0xe2000f03,
		0xe115fd02,0xe2000f03,0xe113fe02,0xe2000f03,0xe111ff02,0xe2000f03,0xe11f0000,0xe11e0100,0xe11d0200,0xe11c0300,
		0xe11b0400,0xe11a0500,0xe1190600,0xe1180700,0xe1170800,0xe1160900,0xe1150a00,0xe1140b00,0xe1130c00,0xe1120d00,
		0xe1110e00,0xe1100f00,0xe10f1000,0xe10e1100,0xe10d1200,0xe10c1300,0xe10b1400,0xe10a1500,0xe1091600,0xe1081700,
		0xe1071800,0xe1061900,0xe1051a00,0xe1041b00,0xe1031c00,0xe1021d00,0xe1011e00,0xe1001f00,0xe0ff2000,0xe0fe2100,
		0xe0fd2200,0xe0fc2300,0xe0fb2400,0xe0fa2500,0xe0f92600,0xe0f82700,0xe0f72800,0xe0f62900,0xe0f52a00,0xe0f42b00,
		0xe0f32c00,0xe0f22d00,0xe0f12e00,0xe0f02f00,0xe0ef3000,0xe0ee3100,0xe0ed3200,0xe0ec3300,0xe0eb3400,0xe0ea3500,
		0xe0e93600,0xe0e83700,0xe0e73800,0xe0e63900,0xe0e53a00,0xe0e43b00,0xe0e33c00,0xe0e23d00,0xe0e13e00,0xe0e03f00,
		0xe0df4000,0xe0de4100,0xe0dd4200,0xe0dc4300,0xe0db4400,0xe0da4500,0xe0d94600,0xe0d84700,0xe0d74800,0xe0d64900,
		0xe0d54a00,0xe0d44b00,0xe0d34c00,0xe0d24d00,0xe0d14e00,0xe0d04f00,0xe0cf5000,0xe0ce5100,0xe0cd5200,0xe0cc5300,
		0xe0cb5400,0xe0ca5500,0xe0c95600,0xe0c85700,0xe0c75800,0xe0c65900,0xe0c55a00,0xe0c45b00,0xe0c35c00,0xe0c25d00,
		0xe0c15e00,0xe0c05f00,0xe0bf6000,0xe0be6100,0xe0bd6200,0xe0bc6300,0xe0bb6400,0xe0ba6500,0xe0b96600,0xe0b86700,
		0xe0b76800,0xe0b66900,0xe0b56a00,0xe0b46b00,0xe0b36c00,0xe0b26d00,0xe0b16e00,0xe0b06f00,0xe0af7000,0xe0ae7100,
		0xe0ad7200,0xe0ac7300,0xe0ab7400,0xe0aa7500,0xe0a97600,0xe0a87700,0xe0a77800,0xe0a67900,0xe0a57a00,0xe0a47b00,
		0xe0a37c00,0xe0a27d00,0xe0a17e00,0xe0a07f00,0xe09f8000,0xe09e8100,0xe09d8200,0xe09c8300,0xe09b8400,0xe09a8500,
		0xe0998600,0xe0988700,0xe0978800,0xe0968900,0xe0958a00,0xe0948b00,0xe0938c00,0xe0928d00,0xe0918e00,0xe0908f00,
		0xe08f9000,0xe08e9100,0xe08d9200,0xe08c9300,0xe08b9400,0xe08a9500,0xe0899600,0xe0889700,0xe0879800,0xe0869900,
		0xe0859a00,0xe0849b00,0xe0839c00,0xe0829d00,0xe0819e00,0xe0809f00,0xe07fa000,0xe07ea100,0xe07da200,0xe07ca300,
		0xe07ba400,0xe07aa500,0xe079a600,0xe078a700,0xe077a800,0xe076a900,0xe075aa00,0xe074ab00,0xe073ac00,0xe072ad00,
		0xe071ae00,0xe070af00,0xe06fb000,0xe06eb100,0xe06db200,0xe06cb300,0xe06bb400,0xe06ab500,0xe069b600,0xe068b700,
		0xe067b800,0xe066b900,0xe065ba00,0xe064bb00,0xe063bc00,0xe062bd00,0xe061be00,0xe060bf00,0xe05fc000,0xe05ec100,
		0xe05dc200,0xe05cc300,0xe05bc400,0xe05ac500,0xe059c600,0xe058c700,0xe057c800,0xe056c900,0xe055ca00,0xe054cb00,
		0xe053cc00,0xe052cd00,0xe051ce00,0xe050cf00,0xe04fd000,0xe04ed100,0xe04dd200,0xe04cd300,0xe04bd400,0xe04ad500,
		0xe049d600,0xe048d700,0xe047d800,0xe046d900,0xe045da00,0xe044db00,0xe043dc00,0xe042dd00,0xe041de00,0xe040df00,
		0xe03fe000,0xe03ee100,0xe03de200,0xe03ce300,0xe03be400,0xe03ae500,0xe039e600,0xe038e700,0xe037e800,0xe036e900,
		0xe035ea00,0xe034eb00,0xe033ec00,0xe032ed00,0xe031ee00,0xe030ef00,0xe02ff000,0xe02ef100,0xe02df200,0xe02cf300,
		0xe02bf400,0xe02af500,0xe029f600,0xe028f700,0xe027f800,0xe026f900,0xe025fa00,0xe024fb00,0xe023fc00,0xe022fd00,
		0xe021fe00,0xe020ff00,0xe001000a,0xe000100b,0xdfff080b,0xe000100b,0xdffd040b,0xe000100b,0xdffd080b,0xe000100b,
		0xdff9020b,0xe000100b,0xdffb080b,0xe000100b,0xdff7040b,0xe000100b,0xdff9080b,0xe000100b,0xdff1010b,0xe000100b,
		0xdff7080b,0xe000100b,0xdff1040b,0xe000100b,0xdff5080b,0xe000100b,0xdfeb020b,0xe000100b,0xdff3080b,0xe000100b,
		0xdfeb040b,0xe000100b,0xdff1080b,0xe000100b,0xdfe1010a,0xe000100b,0xdfef080b,0xe000100b,0xdfe5040b,0xe000100b,
		0xdfed080b,0xe000100b,0xdfdd020b,0xe000100b,0xdfeb080b,0xe000100b,0xdfdf040b,0xe000100b,0xdfe9080b,0xe000100b,
		0xdfd3010b,0xe000100b,0xdfe7080b,0xe000100b,0xdfd9040b,0xe000100b,0xdfe5080b,0xe000100b,0xdfcf020b,0xe000100b,
		0xdfe3080b,0xe000100b,0xdfd3040b,0xe000100b,0xdfe1080b,0xe000100b,0xdfc1020a,0xe000100b,0xdfdf080b,0xe000100b,
		0xdfcd040b,0xe000100b,0xdfdd080b,0xe000100b,0xdfc1020b,0xe000100b,0xdfdb080b,0xe000100b,0xdfc7040b,0xe000100b,
		0xdfd9080b,0xe000100b,0xdfb5010b,0xe000100b,0xdfd7080b,0xe000100b,0xdfc1040b,0xe000100b,0xdfd5080b,0xe000100b,
		0xdfb3020b,0xe000100b,0xdfd3080b,0xe000100b,0xdfbb040b,0xe000100b,0xdfd1080b,0xe000100b,0xdfa1030a,0xe000100b,
		0xdfcf080b,0xe000100b,0xdfb5040b,0xe000100b,0xdfcd080b,0xe000100b,0xdfa5020b,0xe000100b,0xdfcb080b,0xe000100b,
		0xdfaf040b,0xe000100b,0xdfc9080b,0xe000100b,0xdf97010b,0xe000100b,0xdfc7080b,0xe000100b,0xdfa9040b,0xe000100b,
		0xdfc5080b,0xe000100b,0xdf97020b,0xe000100b,0xdfc3080b,0xe000100b,0xdfa3040b,0xe000100b,0xdfc1080b,0xe000100b,
		0xdf81fc0a,0xe000100b,0xe03f080b,0xe000100b,0xe05d040b,0xe000100b,0xe03d080b,0xe000100b,0xe069020b,0xe000100b,
		0xe03b080b,0xe000100b,0xe057040b,0xe000100b,0xe039080b,0xe000100b,0xe069010b,0xe000100b,0xe037080b,0xe000100b,
		0xe051040b,0xe000100b,0xe035080b,0xe000100b,0xe05b020b,0xe000100b,0xe033080b,0xe000100b,0xe04b040b,0xe000100b,
		0xe031080b,0xe000100b,0xdf61fd0a,0xe000100b,0xe02f080b,0xe000100b,0xe045040b,0xe000100b,0xe02d080b,0xe000100b,
		0xe04d020b,0xe000100b,0xe02b080b,0xe000100b,0xe03f040b,0xe000100b,0xe029080b,0xe000100b,0xe04b010b,0xe000100b,
		0xe027080b,0xe000100b,0xe039040b,0xe000100b,0xe025080b,0xe000100b,0xe03f020b,0xe000100b,0xe023080b,0xe000100b,
		0xe033040b,0xe000100b,0xe021080b,0xe000100b,0xdf41fe0a,0xe000100b,0xe01f080b,0xe000100b,0xe02d040b,0xe000100b,
		0xe01d080b,0xe000100b,0xe031020b,0xe000100b,0xe01b080b,0xe000100b,0xe027040b,0xe000100b,0xe019080b,0xe000100b,
		0xe02d010b,0xe000100b,0xe017080b,0xe000100b,0xe021040b,0xe000100b,0xe015080b,0xe000100b,0xe023020b,0xe000100b,
		0xe013080b,0xe000100b,0xe01b040b,0xe000100b,0xe011080b,0xe000100b,0xdf21ff0a,0xe000100b,0xe00f080b,0xe000100b,
		0xe015040b,0xe000100b,0xe00d080b,0xe000100b,0xe015020b,0xe000100b,0xe00b080b,0xe000100b,0xe00f040b,0xe000100b,
		0xe009080b,0xe000100b,0xe00f010b,0xe000100b,0xe007080b,0xe000100b,0xe009040b,0xe000100b,0xe005080b,0xe000100b,
		0xe007020b,0xe000100b,0xe003080b,0xe000100b,0xe003040b,0xe000100b,0xe001080b,0xe000100b,0xdf210000,0xdf200100,
		0xdf1f0200,0xdf1e0300,0xdf1d0400,0xdf1c0500,0xdf1b0600,0xdf1a0700,0xdf190800,0xdf180900,0xdf170a00,0xdf160b00,
		0xdf150c00,0xdf140d00,0xdf130e00,0xdf120f00,0xdf111000,0xdf101100,0xdf0f1200,0xdf0e1300,0xdf0d1400,0xdf0c1500,
		0xdf0b1600,0xdf0a1700,0xdf091800,0xdf081900,0xdf071a00,0xdf061b00,0xdf051c00,0xdf041d00,0xdf031e00,0xdf021f00,
		0xdf012000,0xdf002100,0xdeff2200,0xdefe2300,0xdefd2400,0xdefc2500,0xdefb2600,0xdefa2700,0xdef92800,0xdef82900,
		0xdef72a00,0xdef62b00,0xdef52c00,0xdef42d00,0xdef32e00,0xdef22f00,0xdef13000,0xdef03100,0xdeef3200,0xdeee3300,
		0xdeed3400,0xdeec3500,0xdeeb3600,0xdeea3700,0xdee93800,0xdee83900,0xdee73a00,0xdee63b00,0xdee53c00,0xdee43d00,
		0xdee33e00,0xdee23f00,0xdee14000,0xdee04100,0xdedf4200,0xdede4300,0xdedd4400,0xdedc4500,0xdedb4600,0xdeda4700,
		0xded94800,0xded84900,0xded74a00,0xded64b00,0xded54c00,0xded44d00,0xded34e00,0xded24f00,0xded15000,0xded05100,
		0xdecf5200,0xdece5300,0xdecd5400,0xdecc5500,0xdecb5600,0xdeca5700,0xdec95800,0xdec85900,0xdec75a00,0xdec65b00,
		0xdec55c00,0xdec45d00,0xdec35e00,0xdec25f00,0xdec16000,0xdec06100,0xdebf6200,0xdebe6300,0xdebd6400,0xdebc6500,
		0xdebb6600,0xdeba6700,0xdeb96800,0xdeb86900,0xdeb76a00,0xdeb66b00,0xdeb56c00,0xdeb46d00,0xdeb36e00,0xdeb26f00,
		0xdeb17000,0xdeb07100,0xdeaf7200,0xdeae7300,0xdead7400,0xdeac7500,0xdeab7600,0xdeaa7700,0xdea97800,0xdea87900,
		0xdea77a00,0xdea67b00,0xdea57c00,0xdea47d00,0xdea37e00,0xdea27f00,0xdea18000,0xdea08100,0xde9f8200,0xde9e8300,
		0xde9d8400,0xde9c8500,0xde9b8600,0xde9a8700,0xde998800,0xde988900,0xde978a00,0xde968b00,0xde958c00,0xde948d00,
		0xde938e00,0xde928f00,0xde919000,0xde909100,0xde8f9200,0xde8e9300,0xde8d9400,0xde8c9500,0xde8b9600,0xde8a9700,
		0xde899800,0xde889900,0xde879a00,0xde869b00,0xde859c00,0xde849d00,0xde839e00,0xde829f00,0xde81a000,0xde80a100,
		0xde7fa200,0xde7ea300,0xde7da400,0xde7ca500,0xde7ba600,0xde7aa700,0xde79a800,0xde78a900,0xde77aa00,0xde76ab00,
		0xde75ac00,0xde74ad00,0xde73ae00,0xde72af00,0xde71b000,0xde70b100,0xde6fb200,0xde6eb300,0xde6db400,0xde6cb500,
		0xde6bb600,0xde6ab700,0xde69b800,0xde68b900,0xde67ba00,0xde66bb00,0xde65bc00,0xde64bd00,0xde63be00,0xde62bf00,
		0xde61c000,0xde60c100,0xde5fc200,0xde5ec300,0xde5dc400,0xde5cc500,0xde5bc600,0xde5ac700,0xde59c800,0xde58c900,
		0xde57ca00,0xde56cb00,0xde55cc00,0xde54cd00,0xde53ce00,0xde52cf00,0xde51d000,0xde50d100,0xde4fd200,0xde4ed300,
		0xde4dd400,0xde4cd500,0xde4bd600,0xde4ad700,0xde49d800,0xde48d900,0xde47da00,0xde46db00,0xde45dc00,0xde44dd00,
		0xde43de00,0xde42df00,0xde41e000,0xde40e100,0xde3fe200,0xde3ee300,0xde3de400,0xde3ce500,0xde3be600,0xde3ae700,
		0xde39e800,0xde38e900,0xde37ea00,0xde36eb00,0xde35ec00,0xde34ed00,0xde33ee00,0xde32ef00,0xde31f000,0xde30f100,
		0xde2ff200,0xde2ef300,0xde2df400,0xde2cf500,0xde2bf600,0xde2af700,0xde29f800,0xde28f900,0xde27fa00,0xde26fb00,
		0xde25fc00,0xde24fd00,0xde23fe00,0xde22ff00,0xde110002,0xde001103,0xde0f0102,0xde001103,0xde0d0202,0xde001103,
		0xde0b0302,0xde001103,0xde090402,0xde001103,0xde070502,0xde001103,0xde050602,0xde001103,0xde030702,0xde001103,
		0xde010802,0xde001103,0xddff0902,0xde001103,0xddfd0a02,0xde001103,0xddfb0b02,0xde001103,0xddf90c02,0xde001103,
		0xddf70d02,0xde001103,0xddf50e02,0xde001103,0xddf30f02,0xde001103,0xddf11002,0xde001103,0xddef1102,0xde001103,
		0xdded1202,0xde001103,0xddeb1302,0xde001103,0xdde91402,0xde001103,0xdde71502,0xde001103,0xdde51602,0xde001103,
		0xdde31702,0xde001103,0xdde11802,0xde001103,0xdddf1902,0xde001103,0xdddd1a02,0xde001103,0xdddb1b02,0xde001103,
		0xddd91c02,0xde001103,0xddd71d02,0xde001103,0xddd51e02,0xde001103,0xddd31f02,0xde001103,0xddd12002,0xde001103,
		0xddcf2102,0xde001103,0xddcd2202,0xde001103,0xddcb2302,0xde001103,0xddc92402,0xde001103,0xddc72502,0xde001103,
		0xddc52602,0xde001103,0xddc32702,0xde001103,0xddc12802,0xde001103,0xddbf2902,0xde001103,0xddbd2a02,0xde001103,
		0xddbb2b02,0xde001103,0xddb92c02,0xde001103,0xddb72d02,0xde001103,0xddb52e02,0xde001103,0xddb32f02,0xde001103,
		0xddb13002,0xde001103,0xddaf3102,0xde001103,0xddad3202,0xde001103,0xddab3302,0xde001103,0xdda93402,0xde001103,
		0xdda73502,0xde001103,0xdda53602,0xde001103,0xdda33702,0xde001103,0xdda13802,0xde001103,0xdd9f3902,0xde001103,
		0xdd9d3a02,0xde001103,0xdd9b3b02,0xde001103,0xdd993c02,0xde001103,0xdd973d02,0xde001103,0xdd953e02,0xde001103,
		0xdd933f02,0xde001103,0xdd91c002,0xde001103,0xdd8fc102,0xde001103,0xdd8dc202,0xde001103,0xdd8bc302,0xde001103,
		0xdd89c402,0xde001103,0xdd87c502,0xde001103,0xdd85c602,0xde001103,0xdd83c702,0xde001103,0xdd81c802,0xde001103,
		0xdd7fc902,0xde001103,0xdd7dca02,0xde001103,0xdd7bcb02,0xde001103,0xdd79cc02,0xde001103,0xdd77cd02,0xde001103,
		0xdd75ce02,0xde001103,0xdd73cf02,0xde001103,0xdd71d002,0xde001103,0xdd6fd102,0xde001103,0xdd6dd202,0xde001103,
		0xdd6bd302,0xde001103,0xdd69d402,0xde001103,0xdd67d502,0xde001103,0xdd65d602,0xde001103,0xdd63d702,0xde001103,
		0xdd61d802,0xde001103,0xdd5fd902,0xde001103,0xdd5dda02,0xde001103,0xdd5bdb02,0xde001103,0xdd59dc02,0xde001103,
		0xdd57dd02,0xde001103,0xdd55de02,0xde001103,0xdd53df02,0xde001103,0xdd51e002,0xde001103,0xdd4fe102,0xde001103,
		0xdd4de202,0xde001103,0xdd4be302,0xde001103,0xdd49e402,0xde001103,0xdd47e502,0xde001103,0xdd45e602,0xde001103,
		0xdd43e702,0xde001103,0xdd41e802,0xde001103,0xdd3fe902,0xde001103,0xdd3dea02,0xde001103,0xdd3beb02,0xde001103,
		0xdd39ec02,0xde001103,0xdd37ed02,0xde001103,0xdd35ee02,0xde001103,0xdd33ef02,0xde001103,0xdd31f002,0xde001103,
		0xdd2ff102,0xde001103,0xdd2df202,0xde001103,0xdd2bf302,0xde001103,0xdd29f402,0xde001103,0xdd27f502,0xde001103,
		0xdd25f602,0xde001103,0xdd23f702,0xde001103,0xdd21f802,0xde001103,0xdd1ff902,0xde001103,0xdd1dfa02,0xde001103,
		0xdd1bfb02,0xde001103,0xdd19fc02,0xde001103,0xdd17fd02,0xde001103,0xdd15fe02,0xde001103,0xdd13ff02,0xde001103,
		0xdd230000,0xdd220100,0xdd210200,0xdd200300,0xdd1f0400,0xdd1e0500,0xdd1d0600,0xdd1c0700,0xdd1b0800,0xdd1a0900,
		0xdd190a00,0xdd180b00,0xdd170c00,0xdd160d00,0xdd150e00,0xdd140f00,0xdd131000,0xdd121100,0xdd111200,0xdd101300,
		0xdd0f1400,0xdd0e1500,0xdd0d1600,0xdd0c1700,0xdd0b1800,0xdd0a1900,0xdd091a00,0xdd081b00,0xdd071c00,0xdd061d00,
		0xdd051e00,0xdd041f00,0xdd032000,0xdd022100,0xdd012200,0xdd002300,0xdcff2400,0xdcfe2500,0xdcfd2600,0xdcfc2700,
		0xdcfb2800,0xdcfa2900,0xdcf92a00,0xdcf82b00,0xdcf72c00,0xdcf62d00,0xdcf52e00,0xdcf42f00,0xdcf33000,0xdcf23100,
		0xdcf13200,0xdcf03300,0xdcef3400,0xdcee3500,0xdced3600,0xdcec3700,0xdceb3800,0xdcea3900,0xdce93a00,0xdce83b00,
		0xdce73c00,0xdce63d00,0xdce53e00,0xdce43f00,0xdce34000,0xdce24100,0xdce14200,0xdce04300,0xdcdf4400,0xdcde4500,
		0xdcdd4600,0xdcdc4700,0xdcdb4800,0xdcda4900,0xdcd94a00,0xdcd84b00,0xdcd74c00,0xdcd64d00,0xdcd54e00,0xdcd44f00,
		0xdcd35000,0xdcd25100,0xdcd15200,0xdcd05300,0xdccf5400,0xdcce5500,0xdccd5600,0xdccc5700,0xdccb5800,0xdcca5900,
		0xdcc95a00,0xdcc85b00,0xdcc75c00,0xdcc65d00,0xdcc55e00,0xdcc45f00,0xdcc36000,0xdcc26100,0xdcc16200,0xdcc06300,
		0xdcbf6400,0xdcbe6500,0xdcbd6600,0xdcbc6700,0xdcbb6800,0xdcba6900,0xdcb96a00,0xdcb86b00,0xdcb76c00,0xdcb66d00,
		0xdcb56e00,0xdcb46f00,0xdcb37000,0xdcb27100,0xdcb17200,0xdcb07300,0xdcaf7400,0xdcae7500,0xdcad7600,0xdcac7700,
		0xdcab7800,0xdcaa7900,0xdca97a00,0xdca87b00,0xdca77c00,0xdca67d00,0xdca57e00,0xdca47f00,0xdca38000,0xdca28100,
		0xdca18200,0xdca08300,0xdc9f8400,0xdc9e8500,0xdc9d8600,0xdc9c8700,0xdc9b8800,0xdc9a8900,0xdc998a00,0xdc988b00,
		0xdc978c00,0xdc968d00,0xdc958e00,0xdc948f00,0xdc939000,0xdc929100,0xdc919200,0xdc909300,0xdc8f9400,0xdc8e9500,
		0xdc8d9600,0xdc8c9700,0xdc8b9800,0xdc8a9900,0xdc899a00,0xdc889b00,0xdc879c00,0xdc869d00,0xdc859e00,0xdc849f00,
		0xdc83a000,0xdc82a100,0xdc81a200,0xdc80a300,0xdc7fa400,0xdc7ea500,0xdc7da600,0xdc7ca700,0xdc7ba800,0xdc7aa900,
		0xdc79aa00,0xdc78ab00,0xdc77ac00,0xdc76ad00,0xdc75ae00,0xdc74af00,0xdc73b000,0xdc72b100,0xdc71b200,0xdc70b300,
		0xdc6fb400,0xdc6eb500,0xdc6db600,0xdc6cb700,0xdc6bb800,0xdc6ab900,0xdc69ba00,0xdc68bb00,0xdc67bc00,0xdc66bd00,
		0xdc65be00,0xdc64bf00,0xdc63c000,0xdc62c100,0xdc61c200,0xdc60c300,0xdc5fc400,0xdc5ec500,0xdc5dc600,0xdc5cc700,
		0xdc5bc800,0xdc5ac900,0xdc59ca00,0xdc58cb00,0xdc57cc00,0xdc56cd00,0xdc55ce00,0xdc54cf00,0xdc53d000,0xdc52d100,
		0xdc51d200,0xdc50d300,0xdc4fd400,0xdc4ed500,0xdc4dd600,0xdc4cd700,0xdc4bd800,0xdc4ad900,0xdc49da00,0xdc48db00,
		0xdc47dc00,0xdc46dd00,0xdc45de00,0xdc44df00,0xdc43e000,0xdc42e100,0xdc41e200,0xdc40e300,0xdc3fe400,0xdc3ee500,
		0xdc3de600,0xdc3ce700,0xdc3be800,0xdc3ae900,0xdc39ea00,0xdc38eb00,0xdc37ec00,0xdc36ed00,0xdc35ee00,0xdc34ef00,
		0xdc33f000,0xdc32f100,0xdc31f200,0xdc30f300,0xdc2ff400,0xdc2ef500,0xdc2df600,0xdc2cf700,0xdc2bf800,0xdc2af900,
		0xdc29fa00,0xdc28fb00,0xdc27fc00,0xdc26fd00,0xdc25fe00,0xdc24ff00,0xdc090004,0xdc001205,0xdbff0905,0xdc001205,
		0xdc050104,0xdc001205,0xdbfd0905,0xdc001205,0xdc010204,0xdc001205,0xdbfb0905,0xdc001205,0xdbfd0304,0xdc001205,
		0xdbf90905,0xdc001205,0xdbf90404,0xdc001205,0xdbf70905,0xdc001205,0xdbf50504,0xdc001205,0xdbf50905,0xdc001205,
		0xdbf10604,0xdc001205,0xdbf30905,0xdc001205,0xdbed0704,0xdc001205,0xdbf10905,0xdc001205,0xdbe90804,0xdc001205,
		0xdbef0905,0xdc001205,0xdbe50904,0xdc001205,0xdbed0905,0xdc001205,0xdbe10a04,0xdc001205,0xdbeb0905,0xdc001205,
		0xdbdd0b04,0xdc001205,0xdbe90905,0xdc001205,0xdbd90c04,0xdc001205,0xdbe70905,0xdc001205,0xdbd50d04,0xdc001205,
		0xdbe50905,0xdc001205,0xdbd10e04,0xdc001205,0xdbe30905,0xdc001205,0xdbcd0f04,0xdc001205,0xdbe10905,0xdc001205,
		0xdbc91004,0xdc001205,0xdbdf0905,0xdc001205,0xdbc51104,0xdc001205,0xdbdd0905,0xdc001205,0xdbc11204,0xdc001205,
		0xdbdb0905,0xdc001205,0xdbbd1304,0xdc001205,0xdbd90905,0xdc001205,0xdbb91404,0xdc001205,0xdbd70905,0xdc001205,
		0xdbb51504,0xdc001205,0xdbd50905,0xdc001205,0xdbb11604,0xdc001205,0xdbd30905,0xdc001205,0xdbad1704,0xdc001205,
		0xdbd10905,0xdc001205,0xdba91804,0xdc001205,0xdbcf0905,0xdc001205,0xdba51904,0xdc001205,0xdbcd0905,0xdc001205,
		0xdba11a04,0xdc001205,0xdbcb0905,0xdc001205,0xdb9d1b04,0xdc001205,0xdbc90905,0xdc001205,0xdb991c04,0xdc001205,
		0xdbc70905,0xdc001205,0xdb951d04,0xdc001205,0xdbc50905,0xdc001205,0xdb911e04,0xdc001205,0xdbc30905,0xdc001205,
		0xdb8d1f04,0xdc001205,0xdbc10905,0xdc001205,0xdb89e004,0xdc001205,0xdc3f0905,0xdc001205,0xdb85e104,0xdc001205,
		0xdc3d0905,0xdc001205,0xdb81e204,0xdc001205,0xdc3b0905,0xdc001205,0xdb7de304,0xdc001205,0xdc390905,0xdc001205,
		0xdb79e404,0xdc001205,0xdc370905,0xdc001205,0xdb75e504,0xdc001205,0xdc350905,0xdc001205,0xdb71e604,0xdc001205,
		0xdc330905,0xdc001205,0xdb6de704,0xdc001205,0xdc310905,0xdc001205,0xdb69e804,0xdc001205,0xdc2f0905,0xdc001205,
		0xdb65e904,0xdc001205,0xdc2d0905,0xdc001205,0xdb61ea04,0xdc001205,0xdc2b0905,0xdc001205,0xdb5deb04,0xdc001205,
		0xdc290905,0xdc001205,0xdb59ec04,0xdc001205,0xdc270905,0xdc001205,0xdb55ed04,0xdc001205,0xdc250905,0xdc001205,
		0xdb51ee04,0xdc001205,0xdc230905,0xdc001205,0xdb4def04,0xdc001205,0xdc210905,0xdc001205,0xdb49f004,0xdc001205,
		0xdc1f0905,0xdc001205,0xdb45f104,0xdc001205,0xdc1d0905,0xdc001205,0xdb41f204,0xdc001205,0xdc1b0905,0xdc001205,
		0xdb3df304,0xdc001205,0xdc190905,0xdc001205,0xdb39f404,0xdc001205,0xdc170905,0xdc001205,0xdb35f504,0xdc001205,
		0xdc150905,0xdc001205,0xdb31f604,0xdc001205,0xdc130905,0xdc001205,0xdb2df704,0xdc001205,0xdc110905,0xdc001205,
		0xdb29f804,0xdc001205,0xdc0f0905,0xdc001205,0xdb25f904,0xdc001205,0xdc0d0905,0xdc001205,0xdb21fa04,0xdc001205,
		0xdc0b0905,0xdc001205,0xdb1dfb04,0xdc001205,0xdc090905,0xdc001205,0xdb19fc04,0xdc001205,0xdc070905,0xdc001205,
		0xdb15fd04,0xdc001205,0xdc050905,0xdc001205,0xdb11fe04,0xdc001205,0xdc030905,0xdc001205,0xdb0dff04,0xdc001205,
		0xdc010905,0xdc001205,0xdb250000,0xdb240100,0xdb230200,0xdb220300,0xdb210400,0xdb200500,0xdb1f0600,0xdb1e0700,
		0xdb1d0800,0xdb1c0900,0xdb1b0a00,0xdb1a0b00,0xdb190c00,0xdb180d00,0xdb170e00,0xdb160f00,0xdb151000,0xdb141100,
		0xdb131200,0xdb121300,0xdb111400,0xdb101500,0xdb0f1600,0xdb0e1700,0xdb0d1800,0xdb0c1900,0xdb0b1a00,0xdb0a1b00,
		0xdb091c00,0xdb081d00,0xdb071e00,0xdb061f00,0xdb052000,0xdb042100,0xdb032200,0xdb022300,0xdb012400,0xdb002500,
		0xdaff2600,0xdafe2700,0xdafd2800,0xdafc2900,0xdafb2a00,0xdafa2b00,0xdaf92c00,0xdaf82d00,0xdaf72e00,0xdaf62f00,
		0xdaf53000,0xdaf43100,0xdaf33200,0xdaf23300,0xdaf13400,0xdaf03500,0xdaef3600,0xdaee3700,0xdaed3800,0xdaec3900,
		0xdaeb3a00,0xdaea3b00,0xdae93c00,0xdae83d00,0xdae73e00,0xdae63f00,0xdae54000,0xdae44100,0xdae34200,0xdae24300,
		0xdae14400,0xdae04500,0xdadf4600,0xdade4700,0xdadd4800,0xdadc4900,0xdadb4a00,0xdada4b00,0xdad94c00,0xdad84d00,
		0xdad74e00,0xdad64f00,0xdad55000,0xdad45100,0xdad35200,0xdad25300,0xdad15400,0xdad05500,0xdacf5600,0xdace5700,
		0xdacd5800,0xdacc5900,0xdacb5a00,0xdaca5b00,0xdac95c00,0xdac85d00,0xdac75e00,0xdac65f00,0xdac56000,0xdac46100,
		0xdac36200,0xdac26300,0xdac16400,0xdac06500,0xdabf6600,0xdabe6700,0xdabd6800,0xdabc6900,0xdabb6a00,0xdaba6b00,
		0xdab96c00,0xdab86d00,0xdab76e00,0xdab66f00,0xdab57000,0xdab47100,0xdab37200,0xdab27300,0xdab17400,0xdab07500,
		0xdaaf7600,0xdaae7700,0xdaad7800,0xdaac7900,0xdaab7a00,0xdaaa7b00,0xdaa97c00,0xdaa87d00,0xdaa77e00,0xdaa67f00,
		0xdaa58000,0xdaa48100,0xdaa38200,0xdaa28300,0xdaa18400,0xdaa08500,0xda9f8600,0xda9e8700,0xda9d8800,0xda9c8900,
		0xda9b8a00,0xda9a8b00,0xda998c00,0xda988d00,0xda978e00,0xda968f00,0xda959000,0xda949100,0xda939200,0xda929300,
		0xda919400,0xda909500,0xda8f9600,0xda8e9700,0xda8d9800,0xda8c9900,0xda8b9a00,0xda8a9b00,0xda899c00,0xda889d00,
		0xda879e00,0xda869f00,0xda85a000,0xda84a100,0xda83a200,0xda82a300,0xda81a400,0xda80a500,0xda7fa600,0xda7ea700,
		0xda7da800,0xda7ca900,0xda7baa00,0xda7aab00,0xda79ac00,0xda78ad00,0xda77ae00,0xda76af00,0xda75b000,0xda74b100,
		0xda73b200,0xda72b300,0xda71b400,0xda70b500,0xda6fb600,0xda6eb700,0xda6db800,0xda6cb900,0xda6bba00,0xda6abb00,
		0xda69bc00,0xda68bd00,0xda67be00,0xda66bf00,0xda65c000,0xda64c100,0xda63c200,0xda62c300,0xda61c400,0xda60c500,
		0xda5fc600,0xda5ec700,0xda5dc800,0xda5cc900,0xda5bca00,0xda5acb00,0xda59cc00,0xda58cd00,0xda57ce00,0xda56cf00,
		0xda55d000,0xda54d100,0xda53d200,0xda52d300,0xda51d400,0xda50d500,0xda4fd600,0xda4ed700,0xda4dd800,0xda4cd900,
		0xda4bda00,0xda4adb00,0xda49dc00,0xda48dd00,0xda47de00,0xda46df00,0xda45e000,0xda44e100,0xda43e200,0xda42e300,
		0xda41e400,0xda40e500,0xda3fe600,0xda3ee700,0xda3de800,0xda3ce900,0xda3bea00,0xda3aeb00,0xda39ec00,0xda38ed00,
		0xda37ee00,0xda36ef00,0xda35f000,0xda34f100,0xda33f200,0xda32f300,0xda31f400,0xda30f500,0xda2ff600,0xda2ef700,
		0xda2df800,0xda2cf900,0xda2bfa00,0xda2afb00,0xda29fc00,0xda28fd00,0xda27fe00,0xda26ff00,0xda130002,0xda001303,
		0xda110102,0xda001303,0xda0f0202,0xda001303,0xda0d0302,0xda001303,0xda0b0402,0xda001303,0xda090502,0xda001303,
		0xda070602,0xda001303,0xda050702,0xda001303,0xda030802,0xda001303,0xda010902,0xda001303,0xd9ff0a02,0xda001303,
		0xd9fd0b02,0xda001303,0xd9fb0c02,0xda001303,0xd9f90d02,0xda001303,0xd9f70e02,0xda001303,0xd9f50f02,0xda001303,
		0xd9f31002,0xda001303,0xd9f11102,0xda001303,0xd9ef1202,0xda001303,0xd9ed1302,0xda001303,0xd9eb1402,0xda001303,
		0xd9e91502,0xda001303,0xd9e71602,0xda001303,0xd9e51702,0xda001303,0xd9e31802,0xda001303,0xd9e11902,0xda001303,
		0xd9df1a02,0xda001303,0xd9dd1b02,0xda001303,0xd9db1c02,0xda001303,0xd9d91d02,0xda001303,0xd9d71e02,0xda001303,
		0xd9d51f02,0xda001303,0xd9d32002,0xda001303,0xd9d12102,0xda001303,0xd9cf2202,0xda001303,0xd9cd2302,0xda001303,
		0xd9cb2402,0xda001303,0xd9c92502,0xda001303,0xd9c72602,0xda001303,0xd9c52702,0xda001303,0xd9c32802,0xda001303,
		0xd9c12902,0xda001303,0xd9bf2a02,0xda001303,0xd9bd2b02,0xda001303,0xd9bb2c02,0xda001303,0xd9b92d02,0xda001303,
		0xd9b72e02,0xda001303,0xd9b52f02,0xda001303,0xd9b33002,0xda001303,0xd9b13102,0xda001303,0xd9af3202,0xda001303,
		0xd9ad3302,0xda001303,0xd9ab3402,0xda001303,0xd9a93502,0xda001303,0xd9a73602,0xda001303,0xd9a53702,0xda001303,
		0xd9a33802,0xda001303,0xd9a13902,0xda001303,0xd99f3a02,0xda001303,0xd99d3b02,0xda001303,0xd99b3c02,0xda001303,
		0xd9993d02,0xda001303,0xd9973e02,0xda001303,0xd9953f02,0xda001303,0xd993c002,0xda001303,0xd991c102,0xda001303,
		0xd98fc202,0xda001303,0xd98dc302,0xda001303,0xd98bc402,0xda001303,0xd989c502,0xda001303,0xd987c602,0xda001303,
		0xd985c702,0xda001303,0xd983c802,0xda001303,0xd981c902,0xda001303,0xd97fca02,0xda001303,0xd97dcb02,0xda001303,
		0xd97bcc02,0xda001303,0xd979cd02,0xda001303,0xd977ce02,0xda001303,0xd975cf02,0xda001303,0xd973d002,0xda001303,
		0xd971d102,0xda001303,0xd96fd202,0xda001303,0xd96dd302,0xda001303,0xd96bd402,0xda001303,0xd969d502,0xda001303,
		0xd967d602,0xda001303,0xd965d702,0xda001303,0xd963d802,0xda001303,0xd961d902,0xda001303,0xd95fda02,0xda001303,
		0xd95ddb02,0xda001303,0xd95bdc02,0xda001303,0xd959dd02,0xda001303,0xd957de02,0xda001303,0xd955df02,0xda001303,
		0xd953e002,0xda001303,0xd951e102,0xda001303,0xd94fe202,0xda001303,0xd94de302,0xda001303,0xd94be402,0xda001303,
		0xd949e502,0xda001303,0xd947e602,0xda001303,0xd945e702,0xda001303,0xd943e802,0xda001303,0xd941e902,0xda001303,
		0xd93fea02,0xda001303,0xd93deb02,0xda001303,0xd93bec02,0xda001303,0xd939ed02,0xda001303,0xd937ee02,0xda001303,
		0xd935ef02,0xda001303,0xd933f002,0xda001303,0xd931f102,0xda001303,0xd92ff202,0xda001303,0xd92df302,0xda001303,
		0xd92bf402,0xda001303,0xd929f502,0xda001303,0xd927f602,0xda001303,0xd925f702,0xda001303,0xd923f802,0xda001303,
		0xd921f902,0xda001303,0xd91ffa02,0xda001303,0xd91dfb02,0xda001303,0xd91bfc02,0xda001303,0xd919fd02,0xda001303,
		0xd917fe02,0xda001303,0xd915ff02,0xda001303,0xd9270000,0xd9260100,0xd9250200,0xd9240300,0xd9230400,0xd9220500,
		0xd9210600,0xd9200700,0xd91f0800,0xd91e0900,0xd91d0a00,0xd91c0b00,0xd91b0c00,0xd91a0d00,0xd9190e00,0xd9180f00,
		0xd9171000,0xd9161100,0xd9151200,0xd9141300,0xd9131400,0xd9121500,0xd9111600,0xd9101700,0xd90f1800,0xd90e1900,
		0xd90d1a00,0xd90c1b00,0xd90b1c00,0xd90a1d00,0xd9091e00,0xd9081f00,0xd9072000,0xd9062100,0xd9052200,0xd9042300,
		0xd9032400,0xd9022500,0xd9012600,0xd9002700,0xd8ff2800,0xd8fe2900,0xd8fd2a00,0xd8fc2b00,0xd8fb2c00,0xd8fa2d00,
		0xd8f92e00,0xd8f82f00,0xd8f73000,0xd8f63100,0xd8f53200,0xd8f43300,0xd8f33400,0xd8f23500,0xd8f13600,0xd8f03700,
		0xd8ef3800,0xd8ee3900,0xd8ed3a00,0xd8ec3b00,0xd8eb3c00,0xd8ea3d00,0xd8e93e00,0xd8e83f00,0xd8e74000,0xd8e64100,
		0xd8e54200,0xd8e44300,0xd8e34400,0xd8e24500,0xd8e14600,0xd8e04700,0xd8df4800,0xd8de4900,0xd8dd4a00,0xd8dc4b00,
		0xd8db4c00,0xd8da4d00,0xd8d94e00,0xd8d84f00,0xd8d75000,0xd8d65100,0xd8d55200,0xd8d45300,0xd8d35400,0xd8d25500,
		0xd8d15600,0xd8d05700,0xd8cf5800,0xd8ce5900,0xd8cd5a00,0xd8cc5b00,0xd8cb5c00,0xd8ca5d00,0xd8c95e00,0xd8c85f00,
		0xd8c76000,0xd8c66100,0xd8c56200,0xd8c46300,0xd8c36400,0xd8c26500,0xd8c16600,0xd8c06700,0xd8bf6800,0xd8be6900,
		0xd8bd6a00,0xd8bc6b00,0xd8bb6c00,0xd8ba6d00,0xd8b96e00,0xd8b86f00,0xd8b77000,0xd8b67100,0xd8b57200,0xd8b47300,
		0xd8b37400,0xd8b27500,0xd8b17600,0xd8b07700,0xd8af7800,0xd8ae7900,0xd8ad7a00,0xd8ac7b00,0xd8ab7c00,0xd8aa7d00,
		0xd8a97e00,0xd8a87f00,0xd8a78000,0xd8a68100,0xd8a58200,0xd8a48300,0xd8a38400,0xd8a28500,0xd8a18600,0xd8a08700,
		0xd89f8800,0xd89e8900,0xd89d8a00,0xd89c8b00,0xd89b8c00,0xd89a8d00,0xd8998e00,0xd8988f00,0xd8979000,0xd8969100,
		0xd8959200,0xd8949300,0xd8939400,0xd8929500,0xd8919600,0xd8909700,0xd88f9800,0xd88e9900,0xd88d9a00,0xd88c9b00,
		0xd88b9c00,0xd88a9d00,0xd8899e00,0xd8889f00,0xd887a000,0xd886a100,0xd885a200,0xd884a300,0xd883a400,0xd882a500,
		0xd881a600,0xd880a700,0xd87fa800,0xd87ea900,0xd87daa00,0xd87cab00,0xd87bac00,0xd87aad00,0xd879ae00,0xd878af00,
		0xd877b000,0xd876b100,0xd875b200,0xd874b300,0xd873b400,0xd872b500,0xd871b600,0xd870b700,0xd86fb800,0xd86eb900,
		0xd86dba00,0xd86cbb00,0xd86bbc00,0xd86abd00,0xd869be00,0xd868bf00,0xd867c000,0xd866c100,0xd865c200,0xd864c300,
		0xd863c400,0xd862c500,0xd861c600,0xd860c700,0xd85fc800,0xd85ec900,0xd85dca00,0xd85ccb00,0xd85bcc00,0xd85acd00,
		0xd859ce00,0xd858cf00,0xd857d000,0xd856d100,0xd855d200,0xd854d300,0xd853d400,0xd852d500,0xd851d600,0xd850d700,
		0xd84fd800,0xd84ed900,0xd84dda00,0xd84cdb00,0xd84bdc00,0xd84add00,0xd849de00,0xd848df00,0xd847e000,0xd846e100,
		0xd845e200,0xd844e300,0xd843e400,0xd842e500,0xd841e600,0xd840e700,0xd83fe800,0xd83ee900,0xd83dea00,0xd83ceb00,
		0xd83bec00,0xd83aed00,0xd839ee00,0xd838ef00,0xd837f000,0xd836f100,0xd835f200,0xd834f300,0xd833f400,0xd832f500,
		0xd831f600,0xd830f700,0xd82ff800,0xd82ef900,0xd82dfa00,0xd82cfb00,0xd82bfc00,0xd82afd00,0xd829fe00,0xd828ff00,
		0xd8050006,0xd8001407,0xd7ff0a07,0xd8001407,0xd7fd0507,0xd8001407,0xd7fd0a07,0xd8001407,0xd7fd0106,0xd8001407,
		0xd7fb0a07,0xd8001407,0xd7f70507,0xd8001407,0xd7f90a07,0xd8001407,0xd7f50206,0xd8001407,0xd7f70a07,0xd8001407,
		0xd7f10507,0xd8001407,0xd7f50a07,0xd8001407,0xd7ed0306,0xd8001407,0xd7f30a07,0xd8001407,0xd7eb0507,0xd8001407,
		0xd7f10a07,0xd8001407,0xd7e50406,0xd8001407,0xd7ef0a07,0xd8001407,0xd7e50507,0xd8001407,0xd7ed0a07,0xd8001407,
		0xd7dd0506,0xd8001407,0xd7eb0a07,0xd8001407,0xd7df0507,0xd8001407,0xd7e90a07,0xd8001407,0xd7d50606,0xd8001407,
		0xd7e70a07,0xd8001407,0xd7d90507,0xd8001407,0xd7e50a07,0xd8001407,0xd7cd0706,0xd8001407,0xd7e30a07,0xd8001407,
		0xd7d30507,0xd8001407,0xd7e10a07,0xd8001407,0xd7c50806,0xd8001407,0xd7df0a07,0xd8001407,0xd7cd0507,0xd8001407,
		0xd7dd0a07,0xd8001407,0xd7bd0906,0xd8001407,0xd7db0a07,0xd8001407,0xd7c70507,0xd8001407,0xd7d90a07,0xd8001407,
		0xd7b50a06,0xd8001407,0xd7d70a07,0xd8001407,0xd7c10507,0xd8001407,0xd7d50a07,0xd8001407,0xd7ad0b06,0xd8001407,
		0xd7d30a07,0xd8001407,0xd7bb0507,0xd8001407,0xd7d10a07,0xd8001407,0xd7a50c06,0xd8001407,0xd7cf0a07,0xd8001407,
		0xd7b50507,0xd8001407,0xd7cd0a07,0xd8001407,0xd79d0d06,0xd8001407,0xd7cb0a07,0xd8001407,0xd7af0507,0xd8001407,
		0xd7c90a07,0xd8001407,0xd7950e06,0xd8001407,0xd7c70a07,0xd8001407,0xd7a90507,0xd8001407,0xd7c50a07,0xd8001407,
		0xd78d0f06,0xd8001407,0xd7c30a07,0xd8001407,0xd7a30507,0xd8001407,0xd7c10a07,0xd8001407,0xd785f006,0xd8001407,
		0xd83f0a07,0xd8001407,0xd85d0507,0xd8001407,0xd83d0a07,0xd8001407,0xd77df106,0xd8001407,0xd83b0a07,0xd8001407,
		0xd8570507,0xd8001407,0xd8390a07,0xd8001407,0xd775f206,0xd8001407,0xd8370a07,0xd8001407,0xd8510507,0xd8001407,
		0xd8350a07,0xd8001407,0xd76df306,0xd8001407,0xd8330a07,0xd8001407,0xd84b0507,0xd8001407,0xd8310a07,0xd8001407,
		0xd765f406,0xd8001407,0xd82f0a07,0xd8001407,0xd8450507,0xd8001407,0xd82d0a07,0xd8001407,0xd75df506,0xd8001407,
		0xd82b0a07,0xd8001407,0xd83f0507,0xd8001407,0xd8290a07,0xd8001407,0xd755f606,0xd8001407,0xd8270a07,0xd8001407,
		0xd8390507,0xd8001407,0xd8250a07,0xd8001407,0xd74df706,0xd8001407,0xd8230a07,0xd8001407,0xd8330507,0xd8001407,
		0xd8210a07,0xd8001407,0xd745f806,0xd8001407,0xd81f0a07,0xd8001407,0xd82d0507,0xd8001407,0xd81d0a07,0xd8001407,
		0xd73df906,0xd8001407,0xd81b0a07,0xd8001407,0xd8270507,0xd8001407,0xd8190a07,0xd8001407,0xd735fa06,0xd8001407,
		0xd8170a07,0xd8001407,0xd8210507,0xd8001407,0xd8150a07,0xd8001407,0xd72dfb06,0xd8001407,0xd8130a07,0xd8001407,
		0xd81b0507,0xd8001407,0xd8110a07,0xd8001407,0xd725fc06,0xd8001407,0xd80f0a07,0xd8001407,0xd8150507,0xd8001407,
		0xd80d0a07,0xd8001407,0xd71dfd06,0xd8001407,0xd80b0a07,0xd8001407,0xd80f0507,0xd8001407,0xd8090a07,0xd8001407,
		0xd715fe06,0xd8001407,0xd8070a07,0xd8001407,0xd8090507,0xd8001407,0xd8050a07,0xd8001407,0xd70dff06,0xd8001407,
		0xd8030a07,0xd8001407,0xd8030507,0xd8001407,0xd8010a07,0xd8001407,0xd7290000,0xd7280100,0xd7270200,0xd7260300,
		0xd7250400,0xd7240500,0xd7230600,0xd7220700,0xd7210800,0xd7200900,0xd71f0a00,0xd71e0b00,0xd71d0c00,0xd71c0d00,
		0xd71b0e00,0xd71a0f00,0xd7191000,0xd7181100,0xd7171200,0xd7161300,0xd7151400,0xd7141500,0xd7131600,0xd7121700,
		0xd7111800,0xd7101900,0xd70f1a00,0xd70e1b00,0xd70d1c00,0xd70c1d00,0xd70b1e00,0xd70a1f00,0xd7092000,0xd7082100,
		0xd7072200,0xd7062300,0xd7052400,0xd7042500,0xd7032600,0xd7022700,0xd7012800,0xd7002900,0xd6ff2a00,0xd6fe2b00,
		0xd6fd2c00,0xd6fc2d00,0xd6fb2e00,0xd6fa2f00,0xd6f93000,0xd6f83100,0xd6f73200,0xd6f63300,0xd6f53400,0xd6f43500,
		0xd6f33600,0xd6f23700,0xd6f13800,0xd6f03900,0xd6ef3a00,0xd6ee3b00,0xd6ed3c00,0xd6ec3d00,0xd6eb3e00,0xd6ea3f00,
		0xd6e94000,0xd6e84100,0xd6e74200,0xd6e64300,0xd6e54400,0xd6e44500,0xd6e34600,0xd6e24700,0xd6e14800,0xd6e04900,
		0xd6df4a00,0xd6de4b00,0xd6dd4c00,0xd6dc4d00,0xd6db4e00,0xd6da4f00,0xd6d95000,0xd6d85100,0xd6d75200,0xd6d65300,
		0xd6d55400,0xd6d45500,0xd6d35600,0xd6d25700,0xd6d15800,0xd6d05900,0xd6cf5a00,0xd6ce5b00,0xd6cd5c00,0xd6cc5d00,
		0xd6cb5e00,0xd6ca5f00,0xd6c96000,0xd6c86100,0xd6c76200,0xd6c66300,0xd6c56400,0xd6c46500,0xd6c36600,0xd6c26700,
		0xd6c16800,0xd6c06900,0xd6bf6a00,0xd6be6b00,0xd6bd6c00,0xd6bc6d00,0xd6bb6e00,0xd6ba6f00,0xd6b97000,0xd6b87100,
		0xd6b77200,0xd6b67300,0xd6b57400,0xd6b47500,0xd6b37600,0xd6b27700,0xd6b17800,0xd6b07900,0xd6af7a00,0xd6ae7b00,
		0xd6ad7c00,0xd6ac7d00,0xd6ab7e00,0xd6aa7f00,0xd6a98000,0xd6a88100,0xd6a78200,0xd6a68300,0xd6a58400,0xd6a48500,
		0xd6a38600,0xd6a28700,0xd6a18800,0xd6a08900,0xd69f8a00,0xd69e8b00,0xd69d8c00,0xd69c8d00,0xd69b8e00,0xd69a8f00,
		0xd6999000,0xd6989100,0xd6979200,0xd6969300,0xd6959400,0xd6949500,0xd6939600,0xd6929700,0xd6919800,0xd6909900,
		0xd68f9a00,0xd68e9b00,0xd68d9c00,0xd68c9d00,0xd68b9e00,0xd68a9f00,0xd689a000,0xd688a100,0xd687a200,0xd686a300,
		0xd685a400,0xd684a500,0xd683a600,0xd682a700,0xd681a800,0xd680a900,0xd67faa00,0xd67eab00,0xd67dac00,0xd67cad00,
		0xd67bae00,0xd67aaf00,0xd679b000,0xd678b100,0xd677b200,0xd676b300,0xd675b400,0xd674b500,0xd673b600,0xd672b700,
		0xd671b800,0xd670b900,0xd66fba00,0xd66ebb00,0xd66dbc00,0xd66cbd00,0xd66bbe00,0xd66abf00,0xd669c000,0xd668c100,
		0xd667c200,0xd666c300,0xd665c400,0xd664c500,0xd663c600,0xd662c700,0xd661c800,0xd660c900,0xd65fca00,0xd65ecb00,
		0xd65dcc00,0xd65ccd00,0xd65bce00,0xd65acf00,0xd659d000,0xd658d100,0xd657d200,0xd656d300,0xd655d400,0xd654d500,
		0xd653d600,0xd652d700,0xd651d800,0xd650d900,0xd64fda00,0xd64edb00,0xd64ddc00,0xd64cdd00,0xd64bde00,0xd64adf00,
		0xd649e000,0xd648e100,0xd647e200,0xd646e300,0xd645e400,0xd644e500,0xd643e600,0xd642e700,0xd641e800,0xd640e900,
		0xd63fea00,0xd63eeb00,0xd63dec00,0xd63ced00,0xd63bee00,0xd63aef00,0xd639f000,0xd638f100,0xd637f200,0xd636f300,
		0xd635f400,0xd634f500,0xd633f600,0xd632f700,0xd631f800,0xd630f900,0xd62ffa00,0xd62efb00,0xd62dfc00,0xd62cfd00,
		0xd62bfe00,0xd62aff00,0xd6150002,0xd6001503,0xd6130102,0xd6001503,0xd6110202,0xd6001503,0xd60f0302,0xd6001503,
		0xd60d0402,0xd6001503,0xd60b0502,0xd6001503,0xd6090602,0xd6001503,0xd6070702,0xd6001503,0xd6050802,0xd6001503,
		0xd6030902,0xd6001503,0xd6010a02,0xd6001503,0xd5ff0b02,0xd6001503,0xd5fd0c02,0xd6001503,0xd5fb0d02,0xd6001503,
		0xd5f90e02,0xd6001503,0xd5f70f02,0xd6001503,0xd5f51002,0xd6001503,0xd5f31102,0xd6001503,0xd5f11202,0xd6001503,
		0xd5ef1302,0xd6001503,0xd5ed1402,0xd6001503,0xd5eb1502,0xd6001503,0xd5e91602,0xd6001503,0xd5e71702,0xd6001503,
		0xd5e51802,0xd6001503,0xd5e31902,0xd6001503,0xd5e11a02,0xd6001503,0xd5df1b02,0xd6001503,0xd5dd1c02,0xd6001503,
		0xd5db1d02,0xd6001503,0xd5d91e02,0xd6001503,0xd5d71f02,0xd6001503,0xd5d52002,0xd6001503,0xd5d32102,0xd6001503,
		0xd5d12202,0xd6001503,0xd5cf2302,0xd6001503,0xd5cd2402,0xd6001503,0xd5cb2502,0xd6001503,0xd5c92602,0xd6001503,
		0xd5c72702,0xd6001503,0xd5c52802,0xd6001503,0xd5c32902,0xd6001503,0xd5c12a02,0xd6001503,0xd5bf2b02,0xd6001503,
		0xd5bd2c02,0xd6001503,0xd5bb2d02,0xd6001503,0xd5b92e02,0xd6001503,0xd5b72f02,0xd6001503,0xd5b53002,0xd6001503,
		0xd5b33102,0xd6001503,0xd5b13202,0xd6001503,0xd5af3302,0xd6001503,0xd5ad3402,0xd6001503,0xd5ab3502,0xd6001503,
		0xd5a93602,0xd6001503,0xd5a73702,0xd6001503,0xd5a53802,0xd6001503,0xd5a33902,0xd6001503,0xd5a13a02,0xd6001503,
		0xd59f3b02,0xd6001503,0xd59d3c02,0xd6001503,0xd59b3d02,0xd6001503,0xd5993e02,0xd6001503,0xd5973f02,0xd6001503,
		0xd595c002,0xd6001503,0xd593c102,0xd6001503,0xd591c202,0xd6001503,0xd58fc302,0xd6001503,0xd58dc402,0xd6001503,
		0xd58bc502,0xd6001503,0xd589c602,0xd6001503,0xd587c702,0xd6001503,0xd585c802,0xd6001503,0xd583c902,0xd6001503,
		0xd581ca02,0xd6001503,0xd57fcb02,0xd6001503,0xd57dcc02,0xd6001503,0xd57bcd02,0xd6001503,0xd579ce02,0xd6001503,
		0xd577cf02,0xd6001503,0xd575d002,0xd6001503,0xd573d102,0xd6001503,0xd571d202,0xd6001503,0xd56fd302,0xd6001503,
		0xd56dd402,0xd6001503,0xd56bd502,0xd6001503,0xd569d602,0xd6001503,0xd567d702,0xd6001503,0xd565d802,0xd6001503,
		0xd563d902,0xd6001503,0xd561da02,0xd6001503,0xd55fdb02,0xd6001503,0xd55ddc02,0xd6001503,0xd55bdd02,0xd6001503,
		0xd559de02,0xd6001503,0xd557df02,0xd6001503,0xd555e002,0xd6001503,0xd553e102,0xd6001503,0xd551e202,0xd6001503,
		0xd54fe302,0xd6001503,0xd54de402,0xd6001503,0xd54be502,0xd6001503,0xd549e602,0xd6001503,0xd547e702,0xd6001503,
		0xd545e802,0xd6001503,0xd543e902,0xd6001503,0xd541ea02,0xd6001503,0xd53feb02,0xd6001503,0xd53dec02,0xd6001503,
		0xd53bed02,0xd6001503,0xd539ee02,0xd6001503,0xd537ef02,0xd6001503,0xd535f002,0xd6001503,0xd533f102,0xd6001503,
		0xd531f202,0xd6001503,0xd52ff302,0xd6001503,0xd52df402,0xd6001503,0xd52bf502,0xd6001503,0xd529f602,0xd6001503,
		0xd527f702,0xd6001503,0xd525f802,0xd6001503,0xd523f902,0xd6001503,0xd521fa02,0xd6001503,0xd51ffb02,0xd6001503,
		0xd51dfc02,0xd6001503,0xd51bfd02,0xd6001503,0xd519fe02,0xd6001503,0xd517ff02,0xd6001503,0xd52b0000,0xd52a0100,
		0xd5290200,0xd5280300,0xd5270400,0xd5260500,0xd5250600,0xd5240700,0xd5230800,0xd5220900,0xd5210a00,0xd5200b00,
		0xd51f0c00,0xd51e0d00,0xd51d0e00,0xd51c0f00,0xd51b1000,0xd51a1100,0xd5191200,0xd5181300,0xd5171400,0xd5161500,
		0xd5151600,0xd5141700,0xd5131800,0xd5121900,0xd5111a00,0xd5101b00,0xd50f1c00,0xd50e1d00,0xd50d1e00,0xd50c1f00,
		0xd50b2000,0xd50a2100,0xd5092200,0xd5082300,0xd5072400,0xd5062500,0xd5052600,0xd5042700,0xd5032800,0xd5022900,
		0xd5012a00,0xd5002b00,0xd4ff2c00,0xd4fe2d00,0xd4fd2e00,0xd4fc2f00,0xd4fb3000,0xd4fa3100,0xd4f93200,0xd4f83300,
		0xd4f73400,0xd4f63500,0xd4f53600,0xd4f43700,0xd4f33800,0xd4f23900,0xd4f13a00,0xd4f03b00,0xd4ef3c00,0xd4ee3d00,
		0xd4ed3e00,0xd4ec3f00,0xd4eb4000,0xd4ea4100,0xd4e94200,0xd4e84300,0xd4e74400,0xd4e64500,0xd4e54600,0xd4e44700,
		0xd4e34800,0xd4e24900,0xd4e14a00,0xd4e04b00,0xd4df4c00,0xd4de4d00,0xd4dd4e00,0xd4dc4f00,0xd4db5000,0xd4da5100,
		0xd4d95200,0xd4d85300,0xd4d75400,0xd4d65500,0xd4d55600,0xd4d45700,0xd4d35800,0xd4d25900,0xd4d15a00,0xd4d05b00,
		0xd4cf5c00,0xd4ce5d00,0xd4cd5e00,0xd4cc5f00,0xd4cb6000,0xd4ca6100,0xd4c96200,0xd4c86300,0xd4c76400,0xd4c66500,
		0xd4c56600,0xd4c46700,0xd4c36800,0xd4c26900,0xd4c16a00,0xd4c06b00,0xd4bf6c00,0xd4be6d00,0xd4bd6e00,0xd4bc6f00,
		0xd4bb7000,0xd4ba7100,0xd4b97200,0xd4b87300,0xd4b77400,0xd4b67500,0xd4b57600,0xd4b47700,0xd4b37800,0xd4b27900,
		0xd4b17a00,0xd4b07b00,0xd4af7c00,0xd4ae7d00,0xd4ad7e00,0xd4ac7f00,0xd4ab8000,0xd4aa8100,0xd4a98200,0xd4a88300,
		0xd4a78400,0xd4a68500,0xd4a58600,0xd4a48700,0xd4a38800,0xd4a28900,0xd4a18a00,0xd4a08b00,0xd49f8c00,0xd49e8d00,
		0xd49d8e00,0xd49c8f00,0xd49b9000,0xd49a9100,0xd4999200,0xd4989300,0xd4979400,0xd4969500,0xd4959600,0xd4949700,
		0xd4939800,0xd4929900,0xd4919a00,0xd4909b00,0xd48f9c00,0xd48e9d00,0xd48d9e00,0xd48c9f00,0xd48ba000,0xd48aa100,
		0xd489a200,0xd488a300,0xd487a400,0xd486a500,0xd485a600,0xd484a700,0xd483a800,0xd482a900,0xd481aa00,0xd480ab00,
		0xd47fac00,0xd47ead00,0xd47dae00,0xd47caf00,0xd47bb000,0xd47ab100,0xd479b200,0xd478b300,0xd477b400,0xd476b500,
		0xd475b600,0xd474b700,0xd473b800,0xd472b900,0xd471ba00,0xd470bb00,0xd46fbc00,0xd46ebd00,0xd46dbe00,0xd46cbf00,
		0xd46bc000,0xd46ac100,0xd469c200,0xd468c300,0xd467c400,0xd466c500,0xd465c600,0xd464c700,0xd463c800,0xd462c900,
		0xd461ca00,0xd460cb00,0xd45fcc00,0xd45ecd00,0xd45dce00,0xd45ccf00,0xd45bd000,0xd45ad100,0xd459d200,0xd458d300,
		0xd457d400,0xd456d500,0xd455d600,0xd454d700,0xd453d800,0xd452d900,0xd451da00,0xd450db00,0xd44fdc00,0xd44edd00,
		0xd44dde00,0xd44cdf00,0xd44be000,0xd44ae100,0xd449e200,0xd448e300,0xd447e400,0xd446e500,0xd445e600,0xd444e700,
		0xd443e800,0xd442e900,0xd441ea00,0xd440eb00,0xd43fec00,0xd43eed00,0xd43dee00,0xd43cef00,0xd43bf000,0xd43af100,
		0xd439f200,0xd438f300,0xd437f400,0xd436f500,0xd435f600,0xd434f700,0xd433f800,0xd432f900,0xd431fa00,0xd430fb00,
		0xd42ffc00,0xd42efd00,0xd42dfe00,0xd42cff00,0xd40b0004,0xd4001605,0xd3ff0b05,0xd4001605,0xd4070104,0xd4001605,
		0xd3fd0b05,0xd4001605,0xd4030204,0xd4001605,0xd3fb0b05,0xd4001605,0xd3ff0304,0xd4001605,0xd3f90b05,0xd4001605,
		0xd3fb0404,0xd4001605,0xd3f70b05,0xd4001605,0xd3f70504,0xd4001605,0xd3f50b05,0xd4001605,0xd3f30604,0xd4001605,
		0xd3f30b05,0xd4001605,0xd3ef0704,0xd4001605,0xd3f10b05,0xd4001605,0xd3eb0804,0xd4001605,0xd3ef0b05,0xd4001605,
		0xd3e70904,0xd4001605,0xd3ed0b05,0xd4001605,0xd3e30a04,0xd4001605,0xd3eb0b05,0xd4001605,0xd3df0b04,0xd4001605,
		0xd3e90b05,0xd4001605,0xd3db0c04,0xd4001605,0xd3e70b05,0xd4001605,0xd3d70d04,0xd4001605,0xd3e50b05,0xd4001605,
		0xd3d30e04,0xd4001605,0xd3e30b05,0xd4001605,0xd3cf0f04,0xd4001605,0xd3e10b05,0xd4001605,0xd3cb1004,0xd4001605,
		0xd3df0b05,0xd4001605,0xd3c71104,0xd4001605,0xd3dd0b05,0xd4001605,0xd3c31204,0xd4001605,0xd3db0b05,0xd4001605,
		0xd3bf1304,0xd4001605,0xd3d90b05,0xd4001605,0xd3bb1404,0xd4001605,0xd3d70b05,0xd4001605,0xd3b71504,0xd4001605,
		0xd3d50b05,0xd4001605,0xd3b31604,0xd4001605,0xd3d30b05,0xd4001605,0xd3af1704,0xd4001605,0xd3d10b05,0xd4001605,
		0xd3ab1804,0xd4001605,0xd3cf0b05,0xd4001605,0xd3a71904,0xd4001605,0xd3cd0b05,0xd4001605,0xd3a31a04,0xd4001605,
		0xd3cb0b05,0xd4001605,0xd39f1b04,0xd4001605,0xd3c90b05,0xd4001605,0xd39b1c04,0xd4001605,0xd3c70b05,0xd4001605,
		0xd3971d04,0xd4001605,0xd3c50b05,0xd4001605,0xd3931e04,0xd4001605,0xd3c30b05,0xd4001605,0xd38f1f04,0xd4001605,
		0xd3c10b05,0xd4001605,0xd38be004,0xd4001605,0xd43f0b05,0xd4001605,0xd387e104,0xd4001605,0xd43d0b05,0xd4001605,
		0xd383e204,0xd4001605,0xd43b0b05,0xd4001605,0xd37fe304,0xd4001605,0xd4390b05,0xd4001605,0xd37be404,0xd4001605,
		0xd4370b05,0xd4001605,0xd377e504,0xd4001605,0xd4350b05,0xd4001605,0xd373e604,0xd4001605,0xd4330b05,0xd4001605,
		0xd36fe704,0xd4001605,0xd4310b05,0xd4001605,0xd36be804,0xd4001605,0xd42f0b05,0xd4001605,0xd367e904,0xd4001605,
		0xd42d0b05,0xd4001605,0xd363ea04,0xd4001605,0xd42b0b05,0xd4001605,0xd35feb04,0xd4001605,0xd4290b05,0xd4001605,
		0xd35bec04,0xd4001605,0xd4270b05,0xd4001605,0xd357ed04,0xd4001605,0xd4250b05,0xd4001605,0xd353ee04,0xd4001605,
		0xd4230b05,0xd4001605,0xd34fef04,0xd4001605,0xd4210b05,0xd4001605,0xd34bf004,0xd4001605,0xd41f0b05,0xd4001605,
		0xd347f104,0xd4001605,0xd41d0b05,0xd4001605,0xd343f204,0xd4001605,0xd41b0b05,0xd4001605,0xd33ff304,0xd4001605,
		0xd4190b05,0xd4001605,0xd33bf404,0xd4001605,0xd4170b05,0xd4001605,0xd337f504,0xd4001605,0xd4150b05,0xd4001605,
		0xd333f604,0xd4001605,0xd4130b05,0xd4001605,0xd32ff704,0xd4001605,0xd4110b05,0xd4001605,0xd32bf804,0xd4001605,
		0xd40f0b05,0xd4001605,0xd327f904,0xd4001605,0xd40d0b05,0xd4001605,0xd323fa04,0xd4001605,0xd40b0b05,0xd4001605,
		0xd31ffb04,0xd4001605,0xd4090b05,0xd4001605,0xd31bfc04,0xd4001605,0xd4070b05,0xd4001605,0xd317fd04,0xd4001605,
		0xd4050b05,0xd4001605,0xd313fe04,0xd4001605,0xd4030b05,0xd4001605,0xd30fff04,0xd4001605,0xd4010b05,0xd4001605,
		0xd32d0000,0xd32c0100,0xd32b0200,0xd32a0300,0xd3290400,0xd3280500,0xd3270600,0xd3260700,0xd3250800,0xd3240900,
		0xd3230a00,0xd3220b00,0xd3210c00,0xd3200d00,0xd31f0e00,0xd31e0f00,0xd31d1000,0xd31c1100,0xd31b1200,0xd31a1300,
		0xd3191400,0xd3181500,0xd3171600,0xd3161700,0xd3151800,0xd3141900,0xd3131a00,0xd3121b00,0xd3111c00,0xd3101d00,
		0xd30f1e00,0xd30e1f00,0xd30d2000,0xd30c2100,0xd30b2200,0xd30a2300,0xd3092400,0xd3082500,0xd3072600,0xd3062700,
		0xd3052800,0xd3042900,0xd3032a00,0xd3022b00,0xd3012c00,0xd3002d00,0xd2ff2e00,0xd2fe2f00,0xd2fd3000,0xd2fc3100,
		0xd2fb3200,0xd2fa3300,0xd2f93400,0xd2f83500,0xd2f73600,0xd2f63700,0xd2f53800,0xd2f43900,0xd2f33a00,0xd2f23b00,
		0xd2f13c00,0xd2f03d00,0xd2ef3e00,0xd2ee3f00,0xd2ed4000,0xd2ec4100,0xd2eb4200,0xd2ea4300,0xd2e94400,0xd2e84500,
		0xd2e74600,0xd2e64700,0xd2e54800,0xd2e44900,0xd2e34a00,0xd2e24b00,0xd2e14c00,0xd2e04d00,0xd2df4e00,0xd2de4f00,
		0xd2dd5000,0xd2dc5100,0xd2db5200,0xd2da5300,0xd2d95400,0xd2d85500,0xd2d75600,0xd2d65700,0xd2d55800,0xd2d45900,
		0xd2d35a00,0xd2d25b00,0xd2d15c00,0xd2d05d00,0xd2cf5e00,0xd2ce5f00,0xd2cd6000,0xd2cc6100,0xd2cb6200,0xd2ca6300,
		0xd2c96400,0xd2c86500,0xd2c76600,0xd2c66700,0xd2c56800,0xd2c46900,0xd2c36a00,0xd2c26b00,0xd2c16c00,0xd2c06d00,
		0xd2bf6e00,0xd2be6f00,0xd2bd7000,0xd2bc7100,0xd2bb7200,0xd2ba7300,0xd2b97400,0xd2b87500,0xd2b77600,0xd2b67700,
		0xd2b57800,0xd2b47900,0xd2b37a00,0xd2b27b00,0xd2b17c00,0xd2b07d00,0xd2af7e00,0xd2ae7f00,0xd2ad8000,0xd2ac8100,
		0xd2ab8200,0xd2aa8300,0xd2a98400,0xd2a88500,0xd2a78600,0xd2a68700,0xd2a58800,0xd2a48900,0xd2a38a00,0xd2a28b00,
		0xd2a18c00,0xd2a08d00,0xd29f8e00,0xd29e8f00,0xd29d9000,0xd29c9100,0xd29b9200,0xd29a9300,0xd2999400,0xd2989500,
		0xd2979600,0xd2969700,0xd2959800,0xd2949900,0xd2939a00,0xd2929b00,0xd2919c00,0xd2909d00,0xd28f9e00,0xd28e9f00,
		0xd28da000,0xd28ca100,0xd28ba200,0xd28aa300,0xd289a400,0xd288a500,0xd287a600,0xd286a700,0xd285a800,0xd284a900,
		0xd283aa00,0xd282ab00,0xd281ac00,0xd280ad00,0xd27fae00,0xd27eaf00,0xd27db000,0xd27cb100,0xd27bb200,0xd27ab300,
		0xd279b400,0xd278b500,0xd277b600,0xd276b700,0xd275b800,0xd274b900,0xd273ba00,0xd272bb00,0xd271bc00,0xd270bd00,
		0xd26fbe00,0xd26ebf00,0xd26dc000,0xd26cc100,0xd26bc200,0xd26ac300,0xd269c400,0xd268c500,0xd267c600,0xd266c700,
		0xd265c800,0xd264c900,0xd263ca00,0xd262cb00,0xd261cc00,0xd260cd00,0xd25fce00,0xd25ecf00,0xd25dd000,0xd25cd100,
		0xd25bd200,0xd25ad300,0xd259d400,0xd258d500,0xd257d600,0xd256d700,0xd255d800,0xd254d900,0xd253da00,0xd252db00,
		0xd251dc00,0xd250dd00,0xd24fde00,0xd24edf00,0xd24de000,0xd24ce100,0xd24be200,0xd24ae300,0xd249e400,0xd248e500,
		0xd247e600,0xd246e700,0xd245e800,0xd244e900,0xd243ea00,0xd242eb00,0xd241ec00,0xd240ed00,0xd23fee00,0xd23eef00,
		0xd23df000,0xd23cf100,0xd23bf200,0xd23af300,0xd239f400,0xd238f500,0xd237f600,0xd236f700,0xd235f800,0xd234f900,
		0xd233fa00,0xd232fb00,0xd231fc00,0xd230fd00,0xd22ffe00,0xd22eff00,0xd2170002,0xd2001703,0xd2150102,0xd2001703,
		0xd2130202,0xd2001703,0xd2110302,0xd2001703,0xd20f0402,0xd2001703,0xd20d0502,0xd2001703,0xd20b0602,0xd2001703,
		0xd2090702,0xd2001703,0xd2070802,0xd2001703,0xd2050902,0xd2001703,0xd2030a02,0xd2001703,0xd2010b02,0xd2001703,
		0xd1ff0c02,0xd2001703,0xd1fd0d02,0xd2001703,0xd1fb0e02,0xd2001703,0xd1f90f02,0xd2001703,0xd1f71002,0xd2001703,
		0xd1f51102,0xd2001703,0xd1f31202,0xd2001703,0xd1f11302,0xd2001703,0xd1ef1402,0xd2001703,0xd1ed1502,0xd2001703,
		0xd1eb1602,0xd2001703,0xd1e91702,0xd2001703,0xd1e71802,0xd2001703,0xd1e51902,0xd2001703,0xd1e31a02,0xd2001703,
		0xd1e11b02,0xd2001703,0xd1df1c02,0xd2001703,0xd1dd1d02,0xd2001703,0xd1db1e02,0xd2001703,0xd1d91f02,0xd2001703,
		0xd1d72002,0xd2001703,0xd1d52102,0xd2001703,0xd1d32202,0xd2001703,0xd1d12302,0xd2001703,0xd1cf2402,0xd2001703,
		0xd1cd2502,0xd2001703,0xd1cb2602,0xd2001703,0xd1c92702,0xd2001703,0xd1c72802,0xd2001703,0xd1c52902,0xd2001703,
		0xd1c32a02,0xd2001703,0xd1c12b02,0xd2001703,0xd1bf2c02,0xd2001703,0xd1bd2d02,0xd2001703,0xd1bb2e02,0xd2001703,
		0xd1b92f02,0xd2001703,0xd1b73002,0xd2001703,0xd1b53102,0xd2001703,0xd1b33202,0xd2001703,0xd1b13302,0xd2001703,
		0xd1af3402,0xd2001703,0xd1ad3502,0xd2001703,0xd1ab3602,0xd2001703,0xd1a93702,0xd2001703,0xd1a73802,0xd2001703,
		0xd1a53902,0xd2001703,0xd1a33a02,0xd2001703,0xd1a13b02,0xd2001703,0xd19f3c02,0xd2001703,0xd19d3d02,0xd2001703,
		0xd19b3e02,0xd2001703,0xd1993f02,0xd2001703,0xd197c002,0xd2001703,0xd195c102,0xd2001703,0xd193c202,0xd2001703,
		0xd191c302,0xd2001703,0xd18fc402,0xd2001703,0xd18dc502,0xd2001703,0xd18bc602,0xd2001703,0xd189c702,0xd2001703,
		0xd187c802,0xd2001703,0xd185c902,0xd2001703,0xd183ca02,0xd2001703,0xd181cb02,0xd2001703,0xd17fcc02,0xd2001703,
		0xd17dcd02,0xd2001703,0xd17bce02,0xd2001703,0xd179cf02,0xd2001703,0xd177d002,0xd2001703,0xd175d102,0xd2001703,
		0xd173d202,0xd2001703,0xd171d302,0xd2001703,0xd16fd402,0xd2001703,0xd16dd502,0xd2001703,0xd16bd602,0xd2001703,
		0xd169d702,0xd2001703,0xd167d802,0xd2001703,0xd165d902,0xd2001703,0xd163da02,0xd2001703,0xd161db02,0xd2001703,
		0xd15fdc02,0xd2001703,0xd15ddd02,0xd2001703,0xd15bde02,0xd2001703,0xd159df02,0xd2001703,0xd157e002,0xd2001703,
		0xd155e102,0xd2001703,0xd153e202,0xd2001703,0xd151e302,0xd2001703,0xd14fe402,0xd2001703,0xd14de502,0xd2001703,
		0xd14be602,0xd2001703,0xd149e702,0xd2001703,0xd147e802,0xd2001703,0xd145e902,0xd2001703,0xd143ea02,0xd2001703,
		0xd141eb02,0xd2001703,0xd13fec02,0xd2001703,0xd13ded02,0xd2001703,0xd13bee02,0xd2001703,0xd139ef02,0xd2001703,
		0xd137f002,0xd2001703,0xd135f102,0xd2001703,0xd133f202,0xd2001703,0xd131f302,0xd2001703,0xd12ff402,0xd2001703,
		0xd12df502,0xd2001703,0xd12bf602,0xd2001703,0xd129f702,0xd2001703,0xd127f802,0xd2001703,0xd125f902,0xd2001703,
		0xd123fa02,0xd2001703,0xd121fb02,0xd2001703,0xd11ffc02,0xd2001703,0xd11dfd02,0xd2001703,0xd11bfe02,0xd2001703,
		0xd119ff02,0xd2001703,0xd12f0000,0xd12e0100,0xd12d0200,0xd12c0300,0xd12b0400,0xd12a0500,0xd1290600,0xd1280700,
		0xd1270800,0xd1260900,0xd1250a00,0xd1240b00,0xd1230c00,0xd1220d00,0xd1210e00,0xd1200f00,0xd11f1000,0xd11e1100,
		0xd11d1200,0xd11c1300,0xd11b1400,0xd11a1500,0xd1191600,0xd1181700,0xd1171800,0xd1161900,0xd1151a00,0xd1141b00,
		0xd1131c00,0xd1121d00,0xd1111e00,0xd1101f00,0xd10f2000,0xd10e2100,0xd10d2200,0xd10c2300,0xd10b2400,0xd10a2500,
		0xd1092600,0xd1082700,0xd1072800,0xd1062900,0xd1052a00,0xd1042b00,0xd1032c00,0xd1022d00,0xd1012e00,0xd1002f00,
		0xd0ff3000,0xd0fe3100,0xd0fd3200,0xd0fc3300,0xd0fb3400,0xd0fa3500,0xd0f93600,0xd0f83700,0xd0f73800,0xd0f63900,
		0xd0f53a00,0xd0f43b00,0xd0f33c00,0xd0f23d00,0xd0f13e00,0xd0f03f00,0xd0ef4000,0xd0ee4100,0xd0ed4200,0xd0ec4300,
		0xd0eb4400,0xd0ea4500,0xd0e94600,0xd0e84700,0xd0e74800,0xd0e64900,0xd0e54a00,0xd0e44b00,0xd0e34c00,0xd0e24d00,
		0xd0e14e00,0xd0e04f00,0xd0df5000,0xd0de5100,0xd0dd5200,0xd0dc5300,0xd0db5400,0xd0da5500,0xd0d95600,0xd0d85700,
		0xd0d75800,0xd0d65900,0xd0d55a00,0xd0d45b00,0xd0d35c00,0xd0d25d00,0xd0d15e00,0xd0d05f00,0xd0cf6000,0xd0ce6100,
		0xd0cd6200,0xd0cc6300,0xd0cb6400,0xd0ca6500,0xd0c96600,0xd0c86700,0xd0c76800,0xd0c66900,0xd0c56a00,0xd0c46b00,
		0xd0c36c00,0xd0c26d00,0xd0c16e00,0xd0c06f00,0xd0bf7000,0xd0be7100,0xd0bd7200,0xd0bc7300,0xd0bb7400,0xd0ba7500,
		0xd0b97600,0xd0b87700,0xd0b77800,0xd0b67900,0xd0b57a00,0xd0b47b00,0xd0b37c00,0xd0b27d00,0xd0b17e00,0xd0b07f00,
		0xd0af8000,0xd0ae8100,0xd0ad8200,0xd0ac8300,0xd0ab8400,0xd0aa8500,0xd0a98600,0xd0a88700,0xd0a78800,0xd0a68900,
		0xd0a58a00,0xd0a48b00,0xd0a38c00,0xd0a28d00,0xd0a18e00,0xd0a08f00,0xd09f9000,0xd09e9100,0xd09d9200,0xd09c9300,
		0xd09b9400,0xd09a9500,0xd0999600,0xd0989700,0xd0979800,0xd0969900,0xd0959a00,0xd0949b00,0xd0939c00,0xd0929d00,
		0xd0919e00,0xd0909f00,0xd08fa000,0xd08ea100,0xd08da200,0xd08ca300,0xd08ba400,0xd08aa500,0xd089a600,0xd088a700,
		0xd087a800,0xd086a900,0xd085aa00,0xd084ab00,0xd083ac00,0xd082ad00,0xd081ae00,0xd080af00,0xd07fb000,0xd07eb100,
		0xd07db200,0xd07cb300,0xd07bb400,0xd07ab500,0xd079b600,0xd078b700,0xd077b800,0xd076b900,0xd075ba00,0xd074bb00,
		0xd073bc00,0xd072bd00,0xd071be00,0xd070bf00,0xd06fc000,0xd06ec100,0xd06dc200,0xd06cc300,0xd06bc400,0xd06ac500,
		0xd069c600,0xd068c700,0xd067c800,0xd066c900,0xd065ca00,0xd064cb00,0xd063cc00,0xd062cd00,0xd061ce00,0xd060cf00,
		0xd05fd000,0xd05ed100,0xd05dd200,0xd05cd300,0xd05bd400,0xd05ad500,0xd059d600,0xd058d700,0xd057d800,0xd056d900,
		0xd055da00,0xd054db00,0xd053dc00,0xd052dd00,0xd051de00,0xd050df00,0xd04fe000,0xd04ee100,0xd04de200,0xd04ce300,
		0xd04be400,0xd04ae500,0xd049e600,0xd048e700,0xd047e800,0xd046e900,0xd045ea00,0xd044eb00,0xd043ec00,0xd042ed00,
		0xd041ee00,0xd040ef00,0xd03ff000,0xd03ef100,0xd03df200,0xd03cf300,0xd03bf400,0xd03af500,0xd039f600,0xd038f700,
		0xd037f800,0xd036f900,0xd035fa00,0xd034fb00,0xd033fc00,0xd032fd00,0xd031fe00,0xd030ff00,0xd0030008,0xd0001809,
		0xcfff0c09,0xd0001809,0xcffd0609,0xd0001809,0xcffd0c09,0xd0001809,0xcff90309,0xd0001809,0xcffb0c09,0xd0001809,
		0xcff70609,0xd0001809,0xcff90c09,0xd0001809,0xcff30108,0xd0001809,0xcff70c09,0xd0001809,0xcff10609,0xd0001809,
		0xcff50c09,0xd0001809,0xcfeb0309,0xd0001809,0xcff30c09,0xd0001809,0xcfeb0609,0xd0001809,0xcff10c09,0xd0001809,
		0xcfe30208,0xd0001809,0xcfef0c09,0xd0001809,0xcfe50609,0xd0001809,0xcfed0c09,0xd0001809,0xcfdd0309,0xd0001809,
		0xcfeb0c09,0xd0001809,0xcfdf0609,0xd0001809,0xcfe90c09,0xd0001809,0xcfd30308,0xd0001809,0xcfe70c09,0xd0001809,
		0xcfd90609,0xd0001809,0xcfe50c09,0xd0001809,0xcfcf0309,0xd0001809,0xcfe30c09,0xd0001809,0xcfd30609,0xd0001809,
		0xcfe10c09,0xd0001809,0xcfc30408,0xd0001809,0xcfdf0c09,0xd0001809,0xcfcd0609,0xd0001809,0xcfdd0c09,0xd0001809,
		0xcfc10309,0xd0001809,0xcfdb0c09,0xd0001809,0xcfc70609,0xd0001809,0xcfd90c09,0xd0001809,0xcfb30508,0xd0001809,
		0xcfd70c09,0xd0001809,0xcfc10609,0xd0001809,0xcfd50c09,0xd0001809,0xcfb30309,0xd0001809,0xcfd30c09,0xd0001809,
		0xcfbb0609,0xd0001809,0xcfd10c09,0xd0001809,0xcfa30608,0xd0001809,0xcfcf0c09,0xd0001809,0xcfb50609,0xd0001809,
		0xcfcd0c09,0xd0001809,0xcfa50309,0xd0001809,0xcfcb0c09,0xd0001809,0xcfaf0609,0xd0001809,0xcfc90c09,0xd0001809,
		0xcf930708,0xd0001809,0xcfc70c09,0xd0001809,0xcfa90609,0xd0001809,0xcfc50c09,0xd0001809,0xcf970309,0xd0001809,
		0xcfc30c09,0xd0001809,0xcfa30609,0xd0001809,0xcfc10c09,0xd0001809,0xcf83f808,0xd0001809,0xd03f0c09,0xd0001809,
		0xd05d0609,0xd0001809,0xd03d0c09,0xd0001809,0xd0690309,0xd0001809,0xd03b0c09,0xd0001809,0xd0570609,0xd0001809,
		0xd0390c09,0xd0001809,0xcf73f908,0xd0001809,0xd0370c09,0xd0001809,0xd0510609,0xd0001809,0xd0350c09,0xd0001809,
		0xd05b0309,0xd0001809,0xd0330c09,0xd0001809,0xd04b0609,0xd0001809,0xd0310c09,0xd0001809,0xcf63fa08,0xd0001809,
		0xd02f0c09,0xd0001809,0xd0450609,0xd0001809,0xd02d0c09,0xd0001809,0xd04d0309,0xd0001809,0xd02b0c09,0xd0001809,
		0xd03f0609,0xd0001809,0xd0290c09,0xd0001809,0xcf53fb08,0xd0001809,0xd0270c09,0xd0001809,0xd0390609,0xd0001809,
		0xd0250c09,0xd0001809,0xd03f0309,0xd0001809,0xd0230c09,0xd0001809,0xd0330609,0xd0001809,0xd0210c09,0xd0001809,
		0xcf43fc08,0xd0001809,0xd01f0c09,0xd0001809,0xd02d0609,0xd0001809,0xd01d0c09,0xd0001809,0xd0310309,0xd0001809,
		0xd01b0c09,0xd0001809,0xd0270609,0xd0001809,0xd0190c09,0xd0001809,0xcf33fd08,0xd0001809,0xd0170c09,0xd0001809,
		0xd0210609,0xd0001809,0xd0150c09,0xd0001809,0xd0230309,0xd0001809,0xd0130c09,0xd0001809,0xd01b0609,0xd0001809,
		0xd0110c09,0xd0001809,0xcf23fe08,0xd0001809,0xd00f0c09,0xd0001809,0xd0150609,0xd0001809,0xd00d0c09,0xd0001809,
		0xd0150309,0xd0001809,0xd00b0c09,0xd0001809,0xd00f0609,0xd0001809,0xd0090c09,0xd0001809,0xcf13ff08,0xd0001809,
		0xd0070c09,0xd0001809,0xd0090609,0xd0001809,0xd0050c09,0xd0001809,0xd0070309,0xd0001809,0xd0030c09,0xd0001809,
		0xd0030609,0xd0001809,0xd0010c09,0xd0001809,0xcf310000,0xcf300100,0xcf2f0200,0xcf2e0300,0xcf2d0400,0xcf2c0500,
		0xcf2b0600,0xcf2a0700,0xcf290800,0xcf280900,0xcf270a00,0xcf260b00,0xcf250c00,0xcf240d00,0xcf230e00,0xcf220f00,
		0xcf211000,0xcf201100,0xcf1f1200,0xcf1e1300,0xcf1d1400,0xcf1c1500,0xcf1b1600,0xcf1a1700,0xcf191800,0xcf181900,
		0xcf171a00,0xcf161b00,0xcf151c00,0xcf141d00,0xcf131e00,0xcf121f00,0xcf112000,0xcf102100,0xcf0f2200,0xcf0e2300,
		0xcf0d2400,0xcf0c2500,0xcf0b2600,0xcf0a2700,0xcf092800,0xcf082900,0xcf072a00,0xcf062b00,0xcf052c00,0xcf042d00,
		0xcf032e00,0xcf022f00,0xcf013000,0xcf003100,0xceff3200,0xcefe3300,0xcefd3400,0xcefc3500,0xcefb3600,0xcefa3700,
		0xcef93800,0xcef83900,0xcef73a00,0xcef63b00,0xcef53c00,0xcef43d00,0xcef33e00,0xcef23f00,0xcef14000,0xcef04100,
		0xceef4200,0xceee4300,0xceed4400,0xceec4500,0xceeb4600,0xceea4700,0xcee94800,0xcee84900,0xcee74a00,0xcee64b00,
		0xcee54c00,0xcee44d00,0xcee34e00,0xcee24f00,0xcee15000,0xcee05100,0xcedf5200,0xcede5300,0xcedd5400,0xcedc5500,
		0xcedb5600,0xceda5700,0xced95800,0xced85900,0xced75a00,0xced65b00,0xced55c00,0xced45d00,0xced35e00,0xced25f00,
		0xced16000,0xced06100,0xcecf6200,0xcece6300,0xcecd6400,0xcecc6500,0xcecb6600,0xceca6700,0xcec96800,0xcec86900,
		0xcec76a00,0xcec66b00,0xcec56c00,0xcec46d00,0xcec36e00,0xcec26f00,0xcec17000,0xcec07100,0xcebf7200,0xcebe7300,
		0xcebd7400,0xcebc7500,0xcebb7600,0xceba7700,0xceb97800,0xceb87900,0xceb77a00,0xceb67b00,0xceb57c00,0xceb47d00,
		0xceb37e00,0xceb27f00,0xceb18000,0xceb08100,0xceaf8200,0xceae8300,0xcead8400,0xceac8500,0xceab8600,0xceaa8700,
		0xcea98800,0xcea88900,0xcea78a00,0xcea68b00,0xcea58c00,0xcea48d00,0xcea38e00,0xcea28f00,0xcea19000,0xcea09100,
		0xce9f9200,0xce9e9300,0xce9d9400,0xce9c9500,0xce9b9600,0xce9a9700,0xce999800,0xce989900,0xce979a00,0xce969b00,
		0xce959c00,0xce949d00,0xce939e00,0xce929f00,0xce91a000,0xce90a100,0xce8fa200,0xce8ea300,0xce8da400,0xce8ca500,
		0xce8ba600,0xce8aa700,0xce89a800,0xce88a900,0xce87aa00,0xce86ab00,0xce85ac00,0xce84ad00,0xce83ae00,0xce82af00,
		0xce81b000,0xce80b100,0xce7fb200,0xce7eb300,0xce7db400,0xce7cb500,0xce7bb600,0xce7ab700,0xce79b800,0xce78b900,
		0xce77ba00,0xce76bb00,0xce75bc00,0xce74bd00,0xce73be00,0xce72bf00,0xce71c000,0xce70c100,0xce6fc200,0xce6ec300,
		0xce6dc400,0xce6cc500,0xce6bc600,0xce6ac700,0xce69c800,0xce68c900,0xce67ca00,0xce66cb00,0xce65cc00,0xce64cd00,
		0xce63ce00,0xce62cf00,0xce61d000,0xce60d100,0xce5fd200,0xce5ed300,0xce5dd400,0xce5cd500,0xce5bd600,0xce5ad700,
		0xce59d800,0xce58d900,0xce57da00,0xce56db00,0xce55dc00,0xce54dd00,0xce53de00,0xce52df00,0xce51e000,0xce50e100,
		0xce4fe200,0xce4ee300,0xce4de400,0xce4ce500,0xce4be600,0xce4ae700,0xce49e800,0xce48e900,0xce47ea00,0xce46eb00,
		0xce45ec00,0xce44ed00,0xce43ee00,0xce42ef00,0xce41f000,0xce40f100,0xce3ff200,0xce3ef300,0xce3df400,0xce3cf500,
		0xce3bf600,0xce3af700,0xce39f800,0xce38f900,0xce37fa00,0xce36fb00,0xce35fc00,0xce34fd00,0xce33fe00,0xce32ff00,
		0xce190002,0xce001903,0xce170102,0xce001903,0xce150202,0xce001903,0xce130302,0xce001903,0xce110402,0xce001903,
		0xce0f0502,0xce001903,0xce0d0602,0xce001903,0xce0b0702,0xce001903,0xce090802,0xce001903,0xce070902,0xce001903,
		0xce050a02,0xce001903,0xce030b02,0xce001903,0xce010c02,0xce001903,0xcdff0d02,0xce001903,0xcdfd0e02,0xce001903,
		0xcdfb0f02,0xce001903,0xcdf91002,0xce001903,0xcdf71102,0xce001903,0xcdf51202,0xce001903,0xcdf31302,0xce001903,
		0xcdf11402,0xce001903,0xcdef1502,0xce001903,0xcded1602,0xce001903,0xcdeb1702,0xce001903,0xcde91802,0xce001903,
		0xcde71902,0xce001903,0xcde51a02,0xce001903,0xcde31b02,0xce001903,0xcde11c02,0xce001903,0xcddf1d02,0xce001903,
		0xcddd1e02,0xce001903,0xcddb1f02,0xce001903,0xcdd92002,0xce001903,0xcdd72102,0xce001903,0xcdd52202,0xce001903,
		0xcdd32302,0xce001903,0xcdd12402,0xce001903,0xcdcf2502,0xce001903,0xcdcd2602,0xce001903,0xcdcb2702,0xce001903,
		0xcdc92802,0xce001903,0xcdc72902,0xce001903,0xcdc52a02,0xce001903,0xcdc32b02,0xce001903,0xcdc12c02,0xce001903,
		0xcdbf2d02,0xce001903,0xcdbd2e02,0xce001903,0xcdbb2f02,0xce001903,0xcdb93002,0xce001903,0xcdb73102,0xce001903,
		0xcdb53202,0xce001903,0xcdb33302,0xce001903,0xcdb13402,0xce001903,0xcdaf3502,0xce001903,0xcdad3602,0xce001903,
		0xcdab3702,0xce001903,0xcda93802,0xce001903,0xcda73902,0xce001903,0xcda53a02,0xce001903,0xcda33b02,0xce001903,
		0xcda13c02,0xce001903,0xcd9f3d02,0xce001903,0xcd9d3e02,0xce001903,0xcd9b3f02,0xce001903,0xcd99c002,0xce001903,
		0xcd97c102,0xce001903,0xcd95c202,0xce001903,0xcd93c302,0xce001903,0xcd91c402,0xce001903,0xcd8fc502,0xce001903,
		0xcd8dc602,0xce001903,0xcd8bc702,0xce001903,0xcd89c802,0xce001903,0xcd87c902,0xce001903,0xcd85ca02,0xce001903,
		0xcd83cb02,0xce001903,0xcd81cc02,0xce001903,0xcd7fcd02,0xce001903,0xcd7dce02,0xce001903,0xcd7bcf02,0xce001903,
		0xcd79d002,0xce001903,0xcd77d102,0xce001903,0xcd75d202,0xce001903,0xcd73d302,0xce001903,0xcd71d402,0xce001903,
		0xcd6fd502,0xce001903,0xcd6dd602,0xce001903,0xcd6bd702,0xce001903,0xcd69d802,0xce001903,0xcd67d902,0xce001903,
		0xcd65da02,0xce001903,0xcd63db02,0xce001903,0xcd61dc02,0xce001903,0xcd5fdd02,0xce001903,0xcd5dde02,0xce001903,
		0xcd5bdf02,0xce001903,0xcd59e002,0xce001903,0xcd57e102,0xce001903,0xcd55e202,0xce001903,0xcd53e302,0xce001903,
		0xcd51e402,0xce001903,0xcd4fe502,0xce001903,0xcd4de602,0xce001903,0xcd4be702,0xce001903,0xcd49e802,0xce001903,
		0xcd47e902,0xce001903,0xcd45ea02,0xce001903,0xcd43eb02,0xce001903,0xcd41ec02,0xce001903,0xcd3fed02,0xce001903,
		0xcd3dee02,0xce001903,0xcd3bef02,0xce001903,0xcd39f002,0xce001903,0xcd37f102,0xce001903,0xcd35f202,0xce001903,
		0xcd33f302,0xce001903,0xcd31f402,0xce001903,0xcd2ff502,0xce001903,0xcd2df602,0xce001903,0xcd2bf702,0xce001903,
		0xcd29f802,0xce001903,0xcd27f902,0xce001903,0xcd25fa02,0xce001903,0xcd23fb02,0xce001903,0xcd21fc02,0xce001903,
		0xcd1ffd02,0xce001903,0xcd1dfe02,0xce001903,0xcd1bff02,0xce001903,0xcd330000,0xcd320100,0xcd310200,0xcd300300,
		0xcd2f0400,0xcd2e0500,0xcd2d0600,0xcd2c0700,0xcd2b0800,0xcd2a0900,0xcd290a00,0xcd280b00,0xcd270c00,0xcd260d00,
		0xcd250e00,0xcd240f00,0xcd231000,0xcd221100,0xcd211200,0xcd201300,0xcd1f1400,0xcd1e1500,0xcd1d1600,0xcd1c1700,
		0xcd1b1800,0xcd1a1900,0xcd191a00,0xcd181b00,0xcd171c00,0xcd161d00,0xcd151e00,0xcd141f00,0xcd132000,0xcd122100,
		0xcd112200,0xcd102300,0xcd0f2400,0xcd0e2500,0xcd0d2600,0xcd0c2700,0xcd0b2800,0xcd0a2900,0xcd092a00,0xcd082b00,
		0xcd072c00,0xcd062d00,0xcd052e00,0xcd042f00,0xcd033000,0xcd023100,0xcd013200,0xcd003300,0xccff3400,0xccfe3500,
		0xccfd3600,0xccfc3700,0xccfb3800,0xccfa3900,0xccf93a00,0xccf83b00,0xccf73c00,0xccf63d00,0xccf53e00,0xccf43f00,
		0xccf34000,0xccf24100,0xccf14200,0xccf04300,0xccef4400,0xccee4500,0xcced4600,0xccec4700,0xcceb4800,0xccea4900,
		0xcce94a00,0xcce84b00,0xcce74c00,0xcce64d00,0xcce54e00,0xcce44f00,0xcce35000,0xcce25100,0xcce15200,0xcce05300,
		0xccdf5400,0xccde5500,0xccdd5600,0xccdc5700,0xccdb5800,0xccda5900,0xccd95a00,0xccd85b00,0xccd75c00,0xccd65d00,
		0xccd55e00,0xccd45f00,0xccd36000,0xccd26100,0xccd16200,0xccd06300,0xcccf6400,0xccce6500,0xcccd6600,0xcccc6700,
		0xcccb6800,0xccca6900,0xccc96a00,0xccc86b00,0xccc76c00,0xccc66d00,0xccc56e00,0xccc46f00,0xccc37000,0xccc27100,
		0xccc17200,0xccc07300,0xccbf7400,0xccbe7500,0xccbd7600,0xccbc7700,0xccbb7800,0xccba7900,0xccb97a00,0xccb87b00,
		0xccb77c00,0xccb67d00,0xccb57e00,0xccb47f00,0xccb38000,0xccb28100,0xccb18200,0xccb08300,0xccaf8400,0xccae8500,
		0xccad8600,0xccac8700,0xccab8800,0xccaa8900,0xcca98a00,0xcca88b00,0xcca78c00,0xcca68d00,0xcca58e00,0xcca48f00,
		0xcca39000,0xcca29100,0xcca19200,0xcca09300,0xcc9f9400,0xcc9e9500,0xcc9d9600,0xcc9c9700,0xcc9b9800,0xcc9a9900,
		0xcc999a00,0xcc989b00,0xcc979c00,0xcc969d00,0xcc959e00,0xcc949f00,0xcc93a000,0xcc92a100,0xcc91a200,0xcc90a300,
		0xcc8fa400,0xcc8ea500,0xcc8da600,0xcc8ca700,0xcc8ba800,0xcc8aa900,0xcc89aa00,0xcc88ab00,0xcc87ac00,0xcc86ad00,
		0xcc85ae00,0xcc84af00,0xcc83b000,0xcc82b100,0xcc81b200,0xcc80b300,0xcc7fb400,0xcc7eb500,0xcc7db600,0xcc7cb700,
		0xcc7bb800,0xcc7ab900,0xcc79ba00,0xcc78bb00,0xcc77bc00,0xcc76bd00,0xcc75be00,0xcc74bf00,0xcc73c000,0xcc72c100,
		0xcc71c200,0xcc70c300,0xcc6fc400,0xcc6ec500,0xcc6dc600,0xcc6cc700,0xcc6bc800,0xcc6ac900,0xcc69ca00,0xcc68cb00,
		0xcc67cc00,0xcc66cd00,0xcc65ce00,0xcc64cf00,0xcc63d000,0xcc62d100,0xcc61d200,0xcc60d300,0xcc5fd400,0xcc5ed500,
		0xcc5dd600,0xcc5cd700,0xcc5bd800,0xcc5ad900,0xcc59da00,0xcc58db00,0xcc57dc00,0xcc56dd00,0xcc55de00,0xcc54df00,
		0xcc53e000,0xcc52e100,0xcc51e200,0xcc50e300,0xcc4fe400,0xcc4ee500,0xcc4de600,0xcc4ce700,0xcc4be800,0xcc4ae900,
		0xcc49ea00,0xcc48eb00,0xcc47ec00,0xcc46ed00,0xcc45ee00,0xcc44ef00,0xcc43f000,0xcc42f100,0xcc41f200,0xcc40f300,
		0xcc3ff400,0xcc3ef500,0xcc3df600,0xcc3cf700,0xcc3bf800,0xcc3af900,0xcc39fa00,0xcc38fb00,0xcc37fc00,0xcc36fd00,
		0xcc35fe00,0xcc34ff00,0xcc0d0004,0xcc001a05,0xcbff0d05,0xcc001a05,0xcc090104,0xcc001a05,0xcbfd0d05,0xcc001a05,
		0xcc050204,0xcc001a05,0xcbfb0d05,0xcc001a05,0xcc010304,0xcc001a05,0xcbf90d05,0xcc001a05,0xcbfd0404,0xcc001a05,
		0xcbf70d05,0xcc001a05,0xcbf90504,0xcc001a05,0xcbf50d05,0xcc001a05,0xcbf50604,0xcc001a05,0xcbf30d05,0xcc001a05,
		0xcbf10704,0xcc001a05,0xcbf10d05,0xcc001a05,0xcbed0804,0xcc001a05,0xcbef0d05,0xcc001a05,0xcbe90904,0xcc001a05,
		0xcbed0d05,0xcc001a05,0xcbe50a04,0xcc001a05,0xcbeb0d05,0xcc001a05,0xcbe10b04,0xcc001a05,0xcbe90d05,0xcc001a05,
		0xcbdd0c04,0xcc001a05,0xcbe70d05,0xcc001a05,0xcbd90d04,0xcc001a05,0xcbe50d05,0xcc001a05,0xcbd50e04,0xcc001a05,
		0xcbe30d05,0xcc001a05,0xcbd10f04,0xcc001a05,0xcbe10d05,0xcc001a05,0xcbcd1004,0xcc001a05,0xcbdf0d05,0xcc001a05,
		0xcbc91104,0xcc001a05,0xcbdd0d05,0xcc001a05,0xcbc51204,0xcc001a05,0xcbdb0d05,0xcc001a05,0xcbc11304,0xcc001a05,
		0xcbd90d05,0xcc001a05,0xcbbd1404,0xcc001a05,0xcbd70d05,0xcc001a05,0xcbb91504,0xcc001a05,0xcbd50d05,0xcc001a05,
		0xcbb51604,0xcc001a05,0xcbd30d05,0xcc001a05,0xcbb11704,0xcc001a05,0xcbd10d05,0xcc001a05,0xcbad1804,0xcc001a05,
		0xcbcf0d05,0xcc001a05,0xcba91904,0xcc001a05,0xcbcd0d05,0xcc001a05,0xcba51a04,0xcc001a05,0xcbcb0d05,0xcc001a05,
		0xcba11b04,0xcc001a05,0xcbc90d05,0xcc001a05,0xcb9d1c04,0xcc001a05,0xcbc70d05,0xcc001a05,0xcb991d04,0xcc001a05,
		0xcbc50d05,0xcc001a05,0xcb951e04,0xcc001a05,0xcbc30d05,0xcc001a05,0xcb911f04,0xcc001a05,0xcbc10d05,0xcc001a05,
		0xcb8de004,0xcc001a05,0xcc3f0d05,0xcc001a05,0xcb89e104,0xcc001a05,0xcc3d0d05,0xcc001a05,0xcb85e204,0xcc001a05,
		0xcc3b0d05,0xcc001a05,0xcb81e304,0xcc001a05,0xcc390d05,0xcc001a05,0xcb7de404,0xcc001a05,0xcc370d05,0xcc001a05,
		0xcb79e504,0xcc001a05,0xcc350d05,0xcc001a05,0xcb75e604,0xcc001a05,0xcc330d05,0xcc001a05,0xcb71e704,0xcc001a05,
		0xcc310d05,0xcc001a05,0xcb6de804,0xcc001a05,0xcc2f0d05,0xcc001a05,0xcb69e904,0xcc001a05,0xcc2d0d05,0xcc001a05,
		0xcb65ea04,0xcc001a05,0xcc2b0d05,0xcc001a05,0xcb61eb04,0xcc001a05,0xcc290d05,0xcc001a05,0xcb5dec04,0xcc001a05,
		0xcc270d05,0xcc001a05,0xcb59ed04,0xcc001a05,0xcc250d05,0xcc001a05,0xcb55ee04,0xcc001a05,0xcc230d05,0xcc001a05,
		0xcb51ef04,0xcc001a05,0xcc210d05,0xcc001a05,0xcb4df004,0xcc001a05,0xcc1f0d05,0xcc001a05,0xcb49f104,0xcc001a05,
		0xcc1d0d05,0xcc001a05,0xcb45f204,0xcc001a05,0xcc1b0d05,0xcc001a05,0xcb41f304,0xcc001a05,0xcc190d05,0xcc001a05,
		0xcb3df404,0xcc001a05,0xcc170d05,0xcc001a05,0xcb39f504,0xcc001a05,0xcc150d05,0xcc001a05,0xcb35f604,0xcc001a05,
		0xcc130d05,0xcc001a05,0xcb31f704,0xcc001a05,0xcc110d05,0xcc001a05,0xcb2df804,0xcc001a05,0xcc0f0d05,0xcc001a05,
		0xcb29f904,0xcc001a05,0xcc0d0d05,0xcc001a05,0xcb25fa04,0xcc001a05,0xcc0b0d05,0xcc001a05,0xcb21fb04,0xcc001a05,
		0xcc090d05,0xcc001a05,0xcb1dfc04,0xcc001a05,0xcc070d05,0xcc001a05,0xcb19fd04,0xcc001a05,0xcc050d05,0xcc001a05,
		0xcb15fe04,0xcc001a05,0xcc030d05,0xcc001a05,0xcb11ff04,0xcc001a05,0xcc010d05,0xcc001a05,0xcb350000,0xcb340100,
		0xcb330200,0xcb320300,0xcb310400,0xcb300500,0xcb2f0600,0xcb2e0700,0xcb2d0800,0xcb2c0900,0xcb2b0a00,0xcb2a0b00,
		0xcb290c00,0xcb280d00,0xcb270e00,0xcb260f00,0xcb251000,0xcb241100,0xcb231200,0xcb221300,0xcb211400,0xcb201500,
		0xcb1f1600,0xcb1e1700,0xcb1d1800,0xcb1c1900,0xcb1b1a00,0xcb1a1b00,0xcb191c00,0xcb181d00,0xcb171e00,0xcb161f00,
		0xcb152000,0xcb142100,0xcb132200,0xcb122300,0xcb112400,0xcb102500,0xcb0f2600,0xcb0e2700,0xcb0d2800,0xcb0c2900,
		0xcb0b2a00,0xcb0a2b00,0xcb092c00,0xcb082d00,0xcb072e00,0xcb062f00,0xcb053000,0xcb043100,0xcb033200,0xcb023300,
		0xcb013400,0xcb003500,0xcaff3600,0xcafe3700,0xcafd3800,0xcafc3900,0xcafb3a00,0xcafa3b00,0xcaf93c00,0xcaf83d00,
		0xcaf73e00,0xcaf63f00,0xcaf54000,0xcaf44100,0xcaf34200,0xcaf24300,0xcaf14400,0xcaf04500,0xcaef4600,0xcaee4700,
		0xcaed4800,0xcaec4900,0xcaeb4a00,0xcaea4b00,0xcae94c00,0xcae84d00,0xcae74e00,0xcae64f00,0xcae55000,0xcae45100,
		0xcae35200,0xcae25300,0xcae15400,0xcae05500,0xcadf5600,0xcade5700,0xcadd5800,0xcadc5900,0xcadb5a00,0xcada5b00,
		0xcad95c00,0xcad85d00,0xcad75e00,0xcad65f00,0xcad56000,0xcad46100,0xcad36200,0xcad26300,0xcad16400,0xcad06500,
		0xcacf6600,0xcace6700,0xcacd6800,0xcacc6900,0xcacb6a00,0xcaca6b00,0xcac96c00,0xcac86d00,0xcac76e00,0xcac66f00,
		0xcac57000,0xcac47100,0xcac37200,0xcac27300,0xcac17400,0xcac07500,0xcabf7600,0xcabe7700,0xcabd7800,0xcabc7900,
		0xcabb7a00,0xcaba7b00,0xcab97c00,0xcab87d00,0xcab77e00,0xcab67f00,0xcab58000,0xcab48100,0xcab38200,0xcab28300,
		0xcab18400,0xcab08500,0xcaaf8600,0xcaae8700,0xcaad8800,0xcaac8900,0xcaab8a00,0xcaaa8b00,0xcaa98c00,0xcaa88d00,
		0xcaa78e00,0xcaa68f00,0xcaa59000,0xcaa49100,0xcaa39200,0xcaa29300,0xcaa19400,0xcaa09500,0xca9f9600,0xca9e9700,
		0xca9d9800,0xca9c9900,0xca9b9a00,0xca9a9b00,0xca999c00,0xca989d00,0xca979e00,0xca969f00,0xca95a000,0xca94a100,
		0xca93a200,0xca92a300,0xca91a400,0xca90a500,0xca8fa600,0xca8ea700,0xca8da800,0xca8ca900,0xca8baa00,0xca8aab00,
		0xca89ac00,0xca88ad00,0xca87ae00,0xca86af00,0xca85b000,0xca84b100,0xca83b200,0xca82b300,0xca81b400,0xca80b500,
		0xca7fb600,0xca7eb700,0xca7db800,0xca7cb900,0xca7bba00,0xca7abb00,0xca79bc00,0xca78bd00,0xca77be00,0xca76bf00,
		0xca75c000,0xca74c100,0xca73c200,0xca72c300,0xca71c400,0xca70c500,0xca6fc600,0xca6ec700,0xca6dc800,0xca6cc900,
		0xca6bca00,0xca6acb00,0xca69cc00,0xca68cd00,0xca67ce00,0xca66cf00,0xca65d000,0xca64d100,0xca63d200,0xca62d300,
		0xca61d400,0xca60d500,0xca5fd600,0xca5ed700,0xca5dd800,0xca5cd900,0xca5bda00,0xca5adb00,0xca59dc00,0xca58dd00,
		0xca57de00,0xca56df00,0xca55e000,0xca54e100,0xca53e200,0xca52e300,0xca51e400,0xca50e500,0xca4fe600,0xca4ee700,
		0xca4de800,0xca4ce900,0xca4bea00,0xca4aeb00,0xca49ec00,0xca48ed00,0xca47ee00,0xca46ef00,0xca45f000,0xca44f100,
		0xca43f200,0xca42f300,0xca41f400,0xca40f500,0xca3ff600,0xca3ef700,0xca3df800,0xca3cf900,0xca3bfa00,0xca3afb00,
		0xca39fc00,0xca38fd00,0xca37fe00,0xca36ff00,0xca1b0002,0xca001b03,0xca190102,0xca001b03,0xca170202,0xca001b03,
		0xca150302,0xca001b03,0xca130402,0xca001b03,0xca110502,0xca001b03,0xca0f0602,0xca001b03,0xca0d0702,0xca001b03,
		0xca0b0802,0xca001b03,0xca090902,0xca001b03,0xca070a02,0xca001b03,0xca050b02,0xca001b03,0xca030c02,0xca001b03,
		0xca010d02,0xca001b03,0xc9ff0e02,0xca001b03,0xc9fd0f02,0xca001b03,0xc9fb1002,0xca001b03,0xc9f91102,0xca001b03,
		0xc9f71202,0xca001b03,0xc9f51302,0xca001b03,0xc9f31402,0xca001b03,0xc9f11502,0xca001b03,0xc9ef1602,0xca001b03,
		0xc9ed1702,0xca001b03,0xc9eb1802,0xca001b03,0xc9e91902,0xca001b03,0xc9e71a02,0xca001b03,0xc9e51b02,0xca001b03,
		0xc9e31c02,0xca001b03,0xc9e11d02,0xca001b03,0xc9df1e02,0xca001b03,0xc9dd1f02,0xca001b03,0xc9db2002,0xca001b03,
		0xc9d92102,0xca001b03,0xc9d72202,0xca001b03,0xc9d52302,0xca001b03,0xc9d32402,0xca001b03,0xc9d12502,0xca001b03,
		0xc9cf2602,0xca001b03,0xc9cd2702,0xca001b03,0xc9cb2802,0xca001b03,0xc9c92902,0xca001b03,0xc9c72a02,0xca001b03,
		0xc9c52b02,0xca001b03,0xc9c32c02,0xca001b03,0xc9c12d02,0xca001b03,0xc9bf2e02,0xca001b03,0xc9bd2f02,0xca001b03,
		0xc9bb3002,0xca001b03,0xc9b93102,0xca001b03,0xc9b73202,0xca001b03,0xc9b53302,0xca001b03,0xc9b33402,0xca001b03,
		0xc9b13502,0xca001b03,0xc9af3602,0xca001b03,0xc9ad3702,0xca001b03,0xc9ab3802,0xca001b03,0xc9a93902,0xca001b03,
		0xc9a73a02,0xca001b03,0xc9a53b02,0xca001b03,0xc9a33c02,0xca001b03,0xc9a13d02,0xca001b03,0xc99f3e02,0xca001b03,
		0xc99d3f02,0xca001b03,0xc99bc002,0xca001b03,0xc999c102,0xca001b03,0xc997c202,0xca001b03,0xc995c302,0xca001b03,
		0xc993c402,0xca001b03,0xc991c502,0xca001b03,0xc98fc602,0xca001b03,0xc98dc702,0xca001b03,0xc98bc802,0xca001b03,
		0xc989c902,0xca001b03,0xc987ca02,0xca001b03,0xc985cb02,0xca001b03,0xc983cc02,0xca001b03,0xc981cd02,0xca001b03,
		0xc97fce02,0xca001b03,0xc97dcf02,0xca001b03,0xc97bd002,0xca001b03,0xc979d102,0xca001b03,0xc977d202,0xca001b03,
		0xc975d302,0xca001b03,0xc973d402,0xca001b03,0xc971d502,0xca001b03,0xc96fd602,0xca001b03,0xc96dd702,0xca001b03,
		0xc96bd802,0xca001b03,0xc969d902,0xca001b03,0xc967da02,0xca001b03,0xc965db02,0xca001b03,0xc963dc02,0xca001b03,
		0xc961dd02,0xca001b03,0xc95fde02,0xca001b03,0xc95ddf02,0xca001b03,0xc95be002,0xca001b03,0xc959e102,0xca001b03,
		0xc957e202,0xca001b03,0xc955e302,0xca001b03,0xc953e402,0xca001b03,0xc951e502,0xca001b03,0xc94fe602,0xca001b03,
		0xc94de702,0xca001b03,0xc94be802,0xca001b03,0xc949e902,0xca001b03,0xc947ea02,0xca001b03,0xc945eb02,0xca001b03,
		0xc943ec02,0xca001b03,0xc941ed02,0xca001b03,0xc93fee02,0xca001b03,0xc93def02,0xca001b03,0xc93bf002,0xca001b03,
		0xc939f102,0xca001b03,0xc937f202,0xca001b03,0xc935f302,0xca001b03,0xc933f402,0xca001b03,0xc931f502,0xca001b03,
		0xc92ff602,0xca001b03,0xc92df702,0xca001b03,0xc92bf802,0xca001b03,0xc929f902,0xca001b03,0xc927fa02,0xca001b03,
		0xc925fb02,0xca001b03,0xc923fc02,0xca001b03,0xc921fd02,0xca001b03,0xc91ffe02,0xca001b03,0xc91dff02,0xca001b03,
		0xc9370000,0xc9360100,0xc9350200,0xc9340300,0xc9330400,0xc9320500,0xc9310600,0xc9300700,0xc92f0800,0xc92e0900,
		0xc92d0a00,0xc92c0b00,0xc92b0c00,0xc92a0d00,0xc9290e00,0xc9280f00,0xc9271000,0xc9261100,0xc9251200,0xc9241300,
		0xc9231400,0xc9221500,0xc9211600,0xc9201700,0xc91f1800,0xc91e1900,0xc91d1a00,0xc91c1b00,0xc91b1c00,0xc91a1d00,
		0xc9191e00,0xc9181f00,0xc9172000,0xc9162100,0xc9152200,0xc9142300,0xc9132400,0xc9122500,0xc9112600,0xc9102700,
		0xc90f2800,0xc90e2900,0xc90d2a00,0xc90c2b00,0xc90b2c00,0xc90a2d00,0xc9092e00,0xc9082f00,0xc9073000,0xc9063100,
		0xc9053200,0xc9043300,0xc9033400,0xc9023500,0xc9013600,0xc9003700,0xc8ff3800,0xc8fe3900,0xc8fd3a00,0xc8fc3b00,
		0xc8fb3c00,0xc8fa3d00,0xc8f93e00,0xc8f83f00,0xc8f74000,0xc8f64100,0xc8f54200,0xc8f44300,0xc8f34400,0xc8f24500,
		0xc8f14600,0xc8f04700,0xc8ef4800,0xc8ee4900,0xc8ed4a00,0xc8ec4b00,0xc8eb4c00,0xc8ea4d00,0xc8e94e00,0xc8e84f00,
		0xc8e75000,0xc8e65100,0xc8e55200,0xc8e45300,0xc8e35400,0xc8e25500,0xc8e15600,0xc8e05700,0xc8df5800,0xc8de5900,
		0xc8dd5a00,0xc8dc5b00,0xc8db5c00,0xc8da5d00,0xc8d95e00,0xc8d85f00,0xc8d76000,0xc8d66100,0xc8d56200,0xc8d46300,
		0xc8d36400,0xc8d26500,0xc8d16600,0xc8d06700,0xc8cf6800,0xc8ce6900,0xc8cd6a00,0xc8cc6b00,0xc8cb6c00,0xc8ca6d00,
		0xc8c96e00,0xc8c86f00,0xc8c77000,0xc8c67100,0xc8c57200,0xc8c47300,0xc8c37400,0xc8c27500,0xc8c17600,0xc8c07700,
		0xc8bf7800,0xc8be7900,0xc8bd7a00,0xc8bc7b00,0xc8bb7c00,0xc8ba7d00,0xc8b97e00,0xc8b87f00,0xc8b78000,0xc8b68100,
		0xc8b58200,0xc8b48300,0xc8b38400,0xc8b28500,0xc8b18600,0xc8b08700,0xc8af8800,0xc8ae8900,0xc8ad8a00,0xc8ac8b00,
		0xc8ab8c00,0xc8aa8d00,0xc8a98e00,0xc8a88f00,0xc8a79000,0xc8a69100,0xc8a59200,0xc8a49300,0xc8a39400,0xc8a29500,
		0xc8a19600,0xc8a09700,0xc89f9800,0xc89e9900,0xc89d9a00,0xc89c9b00,0xc89b9c00,0xc89a9d00,0xc8999e00,0xc8989f00,
		0xc897a000,0xc896a100,0xc895a200,0xc894a300,0xc893a400,0xc892a500,0xc891a600,0xc890a700,0xc88fa800,0xc88ea900,
		0xc88daa00,0xc88cab00,0xc88bac00,0xc88aad00,0xc889ae00,0xc888af00,0xc887b000,0xc886b100,0xc885b200,0xc884b300,
		0xc883b400,0xc882b500,0xc881b600,0xc880b700,0xc87fb800,0xc87eb900,0xc87dba00,0xc87cbb00,0xc87bbc00,0xc87abd00,
		0xc879be00,0xc878bf00,0xc877c000,0xc876c100,0xc875c200,0xc874c300,0xc873c400,0xc872c500,0xc871c600,0xc870c700,
		0xc86fc800,0xc86ec900,0xc86dca00,0xc86ccb00,0xc86bcc00,0xc86acd00,0xc869ce00,0xc868cf00,0xc867d000,0xc866d100,
		0xc865d200,0xc864d300,0xc863d400,0xc862d500,0xc861d600,0xc860d700,0xc85fd800,0xc85ed900,0xc85dda00,0xc85cdb00,
		0xc85bdc00,0xc85add00,0xc859de00,0xc858df00,0xc857e000,0xc856e100,0xc855e200,0xc854e300,0xc853e400,0xc852e500,
		0xc851e600,0xc850e700,0xc84fe800,0xc84ee900,0xc84dea00,0xc84ceb00,0xc84bec00,0xc84aed00,0xc849ee00,0xc848ef00,
		0xc847f000,0xc846f100,0xc845f200,0xc844f300,0xc843f400,0xc842f500,0xc841f600,0xc840f700,0xc83ff800,0xc83ef900,
		0xc83dfa00,0xc83cfb00,0xc83bfc00,0xc83afd00,0xc839fe00,0xc838ff00,0xc8070006,0xc8001c07,0xc7ff0e07,0xc8001c07,
		0xc7fd0707,0xc8001c07,0xc7fd0e07,0xc8001c07,0xc7ff0106,0xc8001c07,0xc7fb0e07,0xc8001c07,0xc7f70707,0xc8001c07,
		0xc7f90e07,0xc8001c07,0xc7f70206,0xc8001c07,0xc7f70e07,0xc8001c07,0xc7f10707,0xc8001c07,0xc7f50e07,0xc8001c07,
		0xc7ef0306,0xc8001c07,0xc7f30e07,0xc8001c07,0xc7eb0707,0xc8001c07,0xc7f10e07,0xc8001c07,0xc7e70406,0xc8001c07,
		0xc7ef0e07,0xc8001c07,0xc7e50707,0xc8001c07,0xc7ed0e07,0xc8001c07,0xc7df0506,0xc8001c07,0xc7eb0e07,0xc8001c07,
		0xc7df0707,0xc8001c07,0xc7e90e07,0xc8001c07,0xc7d70606,0xc8001c07,0xc7e70e07,0xc8001c07,0xc7d90707,0xc8001c07,
		0xc7e50e07,0xc8001c07,0xc7cf0706,0xc8001c07,0xc7e30e07,0xc8001c07,0xc7d30707,0xc8001c07,0xc7e10e07,0xc8001c07,
		0xc7c70806,0xc8001c07,0xc7df0e07,0xc8001c07,0xc7cd0707,0xc8001c07,0xc7dd0e07,0xc8001c07,0xc7bf0906,0xc8001c07,
		0xc7db0e07,0xc8001c07,0xc7c70707,0xc8001c07,0xc7d90e07,0xc8001c07,0xc7b70a06,0xc8001c07,0xc7d70e07,0xc8001c07,
		0xc7c10707,0xc8001c07,0xc7d50e07,0xc8001c07,0xc7af0b06,0xc8001c07,0xc7d30e07,0xc8001c07,0xc7bb0707,0xc8001c07,
		0xc7d10e07,0xc8001c07,0xc7a70c06,0xc8001c07,0xc7cf0e07,0xc8001c07,0xc7b50707,0xc8001c07,0xc7cd0e07,0xc8001c07,
		0xc79f0d06,0xc8001c07,0xc7cb0e07,0xc8001c07,0xc7af0707,0xc8001c07,0xc7c90e07,0xc8001c07,0xc7970e06,0xc8001c07,
		0xc7c70e07,0xc8001c07,0xc7a90707,0xc8001c07,0xc7c50e07,0xc8001c07,0xc78f0f06,0xc8001c07,0xc7c30e07,0xc8001c07,
		0xc7a30707,0xc8001c07,0xc7c10e07,0xc8001c07,0xc787f006,0xc8001c07,0xc83f0e07,0xc8001c07,0xc85d0707,0xc8001c07,
		0xc83d0e07,0xc8001c07,0xc77ff106,0xc8001c07,0xc83b0e07,0xc8001c07,0xc8570707,0xc8001c07,0xc8390e07,0xc8001c07,
		0xc777f206,0xc8001c07,0xc8370e07,0xc8001c07,0xc8510707,0xc8001c07,0xc8350e07,0xc8001c07,0xc76ff306,0xc8001c07,
		0xc8330e07,0xc8001c07,0xc84b0707,0xc8001c07,0xc8310e07,0xc8001c07,0xc767f406,0xc8001c07,0xc82f0e07,0xc8001c07,
		0xc8450707,0xc8001c07,0xc82d0e07,0xc8001c07,0xc75ff506,0xc8001c07,0xc82b0e07,0xc8001c07,0xc83f0707,0xc8001c07,
		0xc8290e07,0xc8001c07,0xc757f606,0xc8001c07,0xc8270e07,0xc8001c07,0xc8390707,0xc8001c07,0xc8250e07,0xc8001c07,
		0xc74ff706,0xc8001c07,0xc8230e07,0xc8001c07,0xc8330707,0xc8001c07,0xc8210e07,0xc8001c07,0xc747f806,0xc8001c07,
		0xc81f0e07,0xc8001c07,0xc82d0707,0xc8001c07,0xc81d0e07,0xc8001c07,0xc73ff906,0xc8001c07,0xc81b0e07,0xc8001c07,
		0xc8270707,0xc8001c07,0xc8190e07,0xc8001c07,0xc737fa06,0xc8001c07,0xc8170e07,0xc8001c07,0xc8210707,0xc8001c07,
		0xc8150e07,0xc8001c07,0xc72ffb06,0xc8001c07,0xc8130e07,0xc8001c07,0xc81b0707,0xc8001c07,0xc8110e07,0xc8001c07,
		0xc727fc06,0xc8001c07,0xc80f0e07,0xc8001c07,0xc8150707,0xc8001c07,0xc80d0e07,0xc8001c07,0xc71ffd06,0xc8001c07,
		0xc80b0e07,0xc8001c07,0xc80f0707,0xc8001c07,0xc8090e07,0xc8001c07,0xc717fe06,0xc8001c07,0xc8070e07,0xc8001c07,
		0xc8090707,0xc8001c07,0xc8050e07,0xc8001c07,0xc70fff06,0xc8001c07,0xc8030e07,0xc8001c07,0xc8030707,0xc8001c07,
		0xc8010e07,0xc8001c07,0xc7390000,0xc7380100,0xc7370200,0xc7360300,0xc7350400,0xc7340500,0xc7330600,0xc7320700,
		0xc7310800,0xc7300900,0xc72f0a00,0xc72e0b00,0xc72d0c00,0xc72c0d00,0xc72b0e00,0xc72a0f00,0xc7291000,0xc7281100,
		0xc7271200,0xc7261300,0xc7251400,0xc7241500,0xc7231600,0xc7221700,0xc7211800,0xc7201900,0xc71f1a00,0xc71e1b00,
		0xc71d1c00,0xc71c1d00,0xc71b1e00,0xc71a1f00,0xc7192000,0xc7182100,0xc7172200,0xc7162300,0xc7152400,0xc7142500,
		0xc7132600,0xc7122700,0xc7112800,0xc7102900,0xc70f2a00,0xc70e2b00,0xc70d2c00,0xc70c2d00,0xc70b2e00,0xc70a2f00,
		0xc7093000,0xc7083100,0xc7073200,0xc7063300,0xc7053400,0xc7043500,0xc7033600,0xc7023700,0xc7013800,0xc7003900,
		0xc6ff3a00,0xc6fe3b00,0xc6fd3c00,0xc6fc3d00,0xc6fb3e00,0xc6fa3f00,0xc6f94000,0xc6f84100,0xc6f74200,0xc6f64300,
		0xc6f54400,0xc6f44500,0xc6f34600,0xc6f24700,0xc6f14800,0xc6f04900,0xc6ef4a00,0xc6ee4b00,0xc6ed4c00,0xc6ec4d00,
		0xc6eb4e00,0xc6ea4f00,0xc6e95000,0xc6e85100,0xc6e75200,0xc6e65300,0xc6e55400,0xc6e45500,0xc6e35600,0xc6e25700,
		0xc6e15800,0xc6e05900,0xc6df5a00,0xc6de5b00,0xc6dd5c00,0xc6dc5d00,0xc6db5e00,0xc6da5f00,0xc6d96000,0xc6d86100,
		0xc6d76200,0xc6d66300,0xc6d56400,0xc6d46500,0xc6d36600,0xc6d26700,0xc6d16800,0xc6d06900,0xc6cf6a00,0xc6ce6b00,
		0xc6cd6c00,0xc6cc6d00,0xc6cb6e00,0xc6ca6f00,0xc6c97000,0xc6c87100,0xc6c77200,0xc6c67300,0xc6c57400,0xc6c47500,
		0xc6c37600,0xc6c27700,0xc6c17800,0xc6c07900,0xc6bf7a00,0xc6be7b00,0xc6bd7c00,0xc6bc7d00,0xc6bb7e00,0xc6ba7f00,
		0xc6b98000,0xc6b88100,0xc6b78200,0xc6b68300,0xc6b58400,0xc6b48500,0xc6b38600,0xc6b28700,0xc6b18800,0xc6b08900,
		0xc6af8a00,0xc6ae8b00,0xc6ad8c00,0xc6ac8d00,0xc6ab8e00,0xc6aa8f00,0xc6a99000,0xc6a89100,0xc6a79200,0xc6a69300,
		0xc6a59400,0xc6a49500,0xc6a39600,0xc6a29700,0xc6a19800,0xc6a09900,0xc69f9a00,0xc69e9b00,0xc69d9c00,0xc69c9d00,
		0xc69b9e00,0xc69a9f00,0xc699a000,0xc698a100,0xc697a200,0xc696a300,0xc695a400,0xc694a500,0xc693a600,0xc692a700,
		0xc691a800,0xc690a900,0xc68faa00,0xc68eab00,0xc68dac00,0xc68cad00,0xc68bae00,0xc68aaf00,0xc689b000,0xc688b100,
		0xc687b200,0xc686b300,0xc685b400,0xc684b500,0xc683b600,0xc682b700,0xc681b800,0xc680b900,0xc67fba00,0xc67ebb00,
		0xc67dbc00,0xc67cbd00,0xc67bbe00,0xc67abf00,0xc679c000,0xc678c100,0xc677c200,0xc676c300,0xc675c400,0xc674c500,
		0xc673c600,0xc672c700,0xc671c800,0xc670c900,0xc66fca00,0xc66ecb00,0xc66dcc00,0xc66ccd00,0xc66bce00,0xc66acf00,
		0xc669d000,0xc668d100,0xc667d200,0xc666d300,0xc665d400,0xc664d500,0xc663d600,0xc662d700,0xc661d800,0xc660d900,
		0xc65fda00,0xc65edb00,0xc65ddc00,0xc65cdd00,0xc65bde00,0xc65adf00,0xc659e000,0xc658e100,0xc657e200,0xc656e300,
		0xc655e400,0xc654e500,0xc653e600,0xc652e700,0xc651e800,0xc650e900,0xc64fea00,0xc64eeb00,0xc64dec00,0xc64ced00,
		0xc64bee00,0xc64aef00,0xc649f000,0xc648f100,0xc647f200,0xc646f300,0xc645f400,0xc644f500,0xc643f600,0xc642f700,
		0xc641f800,0xc640f900,0xc63ffa00,0xc63efb00,0xc63dfc00,0xc63cfd00,0xc63bfe00,0xc63aff00,0xc61d0002,0xc6001d03,
		0xc61b0102,0xc6001d03,0xc6190202,0xc6001d03,0xc6170302,0xc6001d03,0xc6150402,0xc6001d03,0xc6130502,0xc6001d03,
		0xc6110602,0xc6001d03,0xc60f0702,0xc6001d03,0xc60d0802,0xc6001d03,0xc60b0902,0xc6001d03,0xc6090a02,0xc6001d03,
		0xc6070b02,0xc6001d03,0xc6050c02,0xc6001d03,0xc6030d02,0xc6001d03,0xc6010e02,0xc6001d03,0xc5ff0f02,0xc6001d03,
		0xc5fd1002,0xc6001d03,0xc5fb1102,0xc6001d03,0xc5f91202,0xc6001d03,0xc5f71302,0xc6001d03,0xc5f51402,0xc6001d03,
		0xc5f31502,0xc6001d03,0xc5f11602,0xc6001d03,0xc5ef1702,0xc6001d03,0xc5ed1802,0xc6001d03,0xc5eb1902,0xc6001d03,
		0xc5e91a02,0xc6001d03,0xc5e71b02,0xc6001d03,0xc5e51c02,0xc6001d03,0xc5e31d02,0xc6001d03,0xc5e11e02,0xc6001d03,
		0xc5df1f02,0xc6001d03,0xc5dd2002,0xc6001d03,0xc5db2102,0xc6001d03,0xc5d92202,0xc6001d03,0xc5d72302,0xc6001d03,
		0xc5d52402,0xc6001d03,0xc5d32502,0xc6001d03,0xc5d12602,0xc6001d03,0xc5cf2702,0xc6001d03,0xc5cd2802,0xc6001d03,
		0xc5cb2902,0xc6001d03,0xc5c92a02,0xc6001d03,0xc5c72b02,0xc6001d03,0xc5c52c02,0xc6001d03,0xc5c32d02,0xc6001d03,
		0xc5c12e02,0xc6001d03,0xc5bf2f02,0xc6001d03,0xc5bd3002,0xc6001d03,0xc5bb3102,0xc6001d03,0xc5b93202,0xc6001d03,
		0xc5b73302,0xc6001d03,0xc5b53402,0xc6001d03,0xc5b33502,0xc6001d03,0xc5b13602,0xc6001d03,0xc5af3702,0xc6001d03,
		0xc5ad3802,0xc6001d03,0xc5ab3902,0xc6001d03,0xc5a93a02,0xc6001d03,0xc5a73b02,0xc6001d03,0xc5a53c02,0xc6001d03,
		0xc5a33d02,0xc6001d03,0xc5a13e02,0xc6001d03,0xc59f3f02,0xc6001d03,0xc59dc002,0xc6001d03,0xc59bc102,0xc6001d03,
		0xc599c202,0xc6001d03,0xc597c302,0xc6001d03,0xc595c402,0xc6001d03,0xc593c502,0xc6001d03,0xc591c602,0xc6001d03,
		0xc58fc702,0xc6001d03,0xc58dc802,0xc6001d03,0xc58bc902,0xc6001d03,0xc589ca02,0xc6001d03,0xc587cb02,0xc6001d03,
		0xc585cc02,0xc6001d03,0xc583cd02,0xc6001d03,0xc581ce02,0xc6001d03,0xc57fcf02,0xc6001d03,0xc57dd002,0xc6001d03,
		0xc57bd102,0xc6001d03,0xc579d202,0xc6001d03,0xc577d302,0xc6001d03,0xc575d402,0xc6001d03,0xc573d502,0xc6001d03,
		0xc571d602,0xc6001d03,0xc56fd702,0xc6001d03,0xc56dd802,0xc6001d03,0xc56bd902,0xc6001d03,0xc569da02,0xc6001d03,
		0xc567db02,0xc6001d03,0xc565dc02,0xc6001d03,0xc563dd02,0xc6001d03,0xc561de02,0xc6001d03,0xc55fdf02,0xc6001d03,
		0xc55de002,0xc6001d03,0xc55be102,0xc6001d03,0xc559e202,0xc6001d03,0xc557e302,0xc6001d03,0xc555e402,0xc6001d03,
		0xc553e502,0xc6001d03,0xc551e602,0xc6001d03,0xc54fe702,0xc6001d03,0xc54de802,0xc6001d03,0xc54be902,0xc6001d03,
		0xc549ea02,0xc6001d03,0xc547eb02,0xc6001d03,0xc545ec02,0xc6001d03,0xc543ed02,0xc6001d03,0xc541ee02,0xc6001d03,
		0xc53fef02,0xc6001d03,0xc53df002,0xc6001d03,0xc53bf102,0xc6001d03,0xc539f202,0xc6001d03,0xc537f302,0xc6001d03,
		0xc535f402,0xc6001d03,0xc533f502,0xc6001d03,0xc531f602,0xc6001d03,0xc52ff702,0xc6001d03,0xc52df802,0xc6001d03,
		0xc52bf902,0xc6001d03,0xc529fa02,0xc6001d03,0xc527fb02,0xc6001d03,0xc525fc02,0xc6001d03,0xc523fd02,0xc6001d03,
		0xc521fe02,0xc6001d03,0xc51fff02,0xc6001d03,0xc53b0000,0xc53a0100,0xc5390200,0xc5380300,0xc5370400,0xc5360500,
		0xc5350600,0xc5340700,0xc5330800,0xc5320900,0xc5310a00,0xc5300b00,0xc52f0c00,0xc52e0d00,0xc52d0e00,0xc52c0f00,
		0xc52b1000,0xc52a1100,0xc5291200,0xc5281300,0xc5271400,0xc5261500,0xc5251600,0xc5241700,0xc5231800,0xc5221900,
		0xc5211a00,0xc5201b00,0xc51f1c00,0xc51e1d00,0xc51d1e00,0xc51c1f00,0xc51b2000,0xc51a2100,0xc5192200,0xc5182300,
		0xc5172400,0xc5162500,0xc5152600,0xc5142700,0xc5132800,0xc5122900,0xc5112a00,0xc5102b00,0xc50f2c00,0xc50e2d00,
		0xc50d2e00,0xc50c2f00,0xc50b3000,0xc50a3100,0xc5093200,0xc5083300,0xc5073400,0xc5063500,0xc5053600,0xc5043700,
		0xc5033800,0xc5023900,0xc5013a00,0xc5003b00,0xc4ff3c00,0xc4fe3d00,0xc4fd3e00,0xc4fc3f00,0xc4fb4000,0xc4fa4100,
		0xc4f94200,0xc4f84300,0xc4f74400,0xc4f64500,0xc4f54600,0xc4f44700,0xc4f34800,0xc4f24900,0xc4f14a00,0xc4f04b00,
		0xc4ef4c00,0xc4ee4d00,0xc4ed4e00,0xc4ec4f00,0xc4eb5000,0xc4ea5100,0xc4e95200,0xc4e85300,0xc4e75400,0xc4e65500,
		0xc4e55600,0xc4e45700,0xc4e35800,0xc4e25900,0xc4e15a00,0xc4e05b00,0xc4df5c00,0xc4de5d00,0xc4dd5e00,0xc4dc5f00,
		0xc4db6000,0xc4da6100,0xc4d96200,0xc4d86300,0xc4d76400,0xc4d66500,0xc4d56600,0xc4d46700,0xc4d36800,0xc4d26900,
		0xc4d16a00,0xc4d06b00,0xc4cf6c00,0xc4ce6d00,0xc4cd6e00,0xc4cc6f00,0xc4cb7000,0xc4ca7100,0xc4c97200,0xc4c87300,
		0xc4c77400,0xc4c67500,0xc4c57600,0xc4c47700,0xc4c37800,0xc4c27900,0xc4c17a00,0xc4c07b00,0xc4bf7c00,0xc4be7d00,
		0xc4bd7e00,0xc4bc7f00,0xc4bb8000,0xc4ba8100,0xc4b98200,0xc4b88300,0xc4b78400,0xc4b68500,0xc4b58600,0xc4b48700,
		0xc4b38800,0xc4b28900,0xc4b18a00,0xc4b08b00,0xc4af8c00,0xc4ae8d00,0xc4ad8e00,0xc4ac8f00,0xc4ab9000,0xc4aa9100,
		0xc4a99200,0xc4a89300,0xc4a79400,0xc4a69500,0xc4a59600,0xc4a49700,0xc4a39800,0xc4a29900,0xc4a19a00,0xc4a09b00,
		0xc49f9c00,0xc49e9d00,0xc49d9e00,0xc49c9f00,0xc49ba000,0xc49aa100,0xc499a200,0xc498a300,0xc497a400,0xc496a500,
		0xc495a600,0xc494a700,0xc493a800,0xc492a900,0xc491aa00,0xc490ab00,0xc48fac00,0xc48ead00,0xc48dae00,0xc48caf00,
		0xc48bb000,0xc48ab100,0xc489b200,0xc488b300,0xc487b400,0xc486b500,0xc485b600,0xc484b700,0xc483b800,0xc482b900,
		0xc481ba00,0xc480bb00,0xc47fbc00,0xc47ebd00,0xc47dbe00,0xc47cbf00,0xc47bc000,0xc47ac100,0xc479c200,0xc478c300,
		0xc477c400,0xc476c500,0xc475c600,0xc474c700,0xc473c800,0xc472c900,0xc471ca00,0xc470cb00,0xc46fcc00,0xc46ecd00,
		0xc46dce00,0xc46ccf00,0xc46bd000,0xc46ad100,0xc469d200,0xc468d300,0xc467d400,0xc466d500,0xc465d600,0xc464d700,
		0xc463d800,0xc462d900,0xc461da00,0xc460db00,0xc45fdc00,0xc45edd00,0xc45dde00,0xc45cdf00,0xc45be000,0xc45ae100,
		0xc459e200,0xc458e300,0xc457e400,0xc456e500,0xc455e600,0xc454e700,0xc453e800,0xc452e900,0xc451ea00,0xc450eb00,
		0xc44fec00,0xc44eed00,0xc44dee00,0xc44cef00,0xc44bf000,0xc44af100,0xc449f200,0xc448f300,0xc447f400,0xc446f500,
		0xc445f600,0xc444f700,0xc443f800,0xc442f900,0xc441fa00,0xc440fb00,0xc43ffc00,0xc43efd00,0xc43dfe00,0xc43cff00,
		0xc40f0004,0xc4001e05,0xc3ff0f05,0xc4001e05,0xc40b0104,0xc4001e05,0xc3fd0f05,0xc4001e05,0xc4070204,0xc4001e05,
		0xc3fb0f05,0xc4001e05,0xc4030304,0xc4001e05,0xc3f90f05,0xc4001e05,0xc3ff0404,0xc4001e05,0xc3f70f05,0xc4001e05,
		0xc3fb0504,0xc4001e05,0xc3f50f05,0xc4001e05,0xc3f70604,0xc4001e05,0xc3f30f05,0xc4001e05,0xc3f30704,0xc4001e05,
		0xc3f10f05,0xc4001e05,0xc3ef0804,0xc4001e05,0xc3ef0f05,0xc4001e05,0xc3eb0904,0xc4001e05,0xc3ed0f05,0xc4001e05,
		0xc3e70a04,0xc4001e05,0xc3eb0f05,0xc4001e05,0xc3e30b04,0xc4001e05,0xc3e90f05,0xc4001e05,0xc3df0c04,0xc4001e05,
		0xc3e70f05,0xc4001e05,0xc3db0d04,0xc4001e05,0xc3e50f05,0xc4001e05,0xc3d70e04,0xc4001e05,0xc3e30f05,0xc4001e05,
		0xc3d30f04,0xc4001e05,0xc3e10f05,0xc4001e05,0xc3cf1004,0xc4001e05,0xc3df0f05,0xc4001e05,0xc3cb1104,0xc4001e05,
		0xc3dd0f05,0xc4001e05,0xc3c71204,0xc4001e05,0xc3db0f05,0xc4001e05,0xc3c31304,0xc4001e05,0xc3d90f05,0xc4001e05,
		0xc3bf1404,0xc4001e05,0xc3d70f05,0xc4001e05,0xc3bb1504,0xc4001e05,0xc3d50f05,0xc4001e05,0xc3b71604,0xc4001e05,
		0xc3d30f05,0xc4001e05,0xc3b31704,0xc4001e05,0xc3d10f05,0xc4001e05,0xc3af1804,0xc4001e05,0xc3cf0f05,0xc4001e05,
		0xc3ab1904,0xc4001e05,0xc3cd0f05,0xc4001e05,0xc3a71a04,0xc4001e05,0xc3cb0f05,0xc4001e05,0xc3a31b04,0xc4001e05,
		0xc3c90f05,0xc4001e05,0xc39f1c04,0xc4001e05,0xc3c70f05,0xc4001e05,0xc39b1d04,0xc4001e05,0xc3c50f05,0xc4001e05,
		0xc3971e04,0xc4001e05,0xc3c30f05,0xc4001e05,0xc3931f04,0xc4001e05,0xc3c10f05,0xc4001e05,0xc38fe004,0xc4001e05,
		0xc43f0f05,0xc4001e05,0xc38be104,0xc4001e05,0xc43d0f05,0xc4001e05,0xc387e204,0xc4001e05,0xc43b0f05,0xc4001e05,
		0xc383e304,0xc4001e05,0xc4390f05,0xc4001e05,0xc37fe404,0xc4001e05,0xc4370f05,0xc4001e05,0xc37be504,0xc4001e05,
		0xc4350f05,0xc4001e05,0xc377e604,0xc4001e05,0xc4330f05,0xc4001e05,0xc373e704,0xc4001e05,0xc4310f05,0xc4001e05,
		0xc36fe804,0xc4001e05,0xc42f0f05,0xc4001e05,0xc36be904,0xc4001e05,0xc42d0f05,0xc4001e05,0xc367ea04,0xc4001e05,
		0xc42b0f05,0xc4001e05,0xc363eb04,0xc4001e05,0xc4290f05,0xc4001e05,0xc35fec04,0xc4001e05,0xc4270f05,0xc4001e05,
		0xc35bed04,0xc4001e05,0xc4250f05,0xc4001e05,0xc357ee04,0xc4001e05,0xc4230f05,0xc4001e05,0xc353ef04,0xc4001e05,
		0xc4210f05,0xc4001e05,0xc34ff004,0xc4001e05,0xc41f0f05,0xc4001e05,0xc34bf104,0xc4001e05,0xc41d0f05,0xc4001e05,
		0xc347f204,0xc4001e05,0xc41b0f05,0xc4001e05,0xc343f304,0xc4001e05,0xc4190f05,0xc4001e05,0xc33ff404,0xc4001e05,
		0xc4170f05,0xc4001e05,0xc33bf504,0xc4001e05,0xc4150f05,0xc4001e05,0xc337f604,0xc4001e05,0xc4130f05,0xc4001e05,
		0xc333f704,0xc4001e05,0xc4110f05,0xc4001e05,0xc32ff804,0xc4001e05,0xc40f0f05,0xc4001e05,0xc32bf904,0xc4001e05,
		0xc40d0f05,0xc4001e05,0xc327fa04,0xc4001e05,0xc40b0f05,0xc4001e05,0xc323fb04,0xc4001e05,0xc4090f05,0xc4001e05,
		0xc31ffc04,0xc4001e05,0xc4070f05,0xc4001e05,0xc31bfd04,0xc4001e05,0xc4050f05,0xc4001e05,0xc317fe04,0xc4001e05,
		0xc4030f05,0xc4001e05,0xc313ff04,0xc4001e05,0xc4010f05,0xc4001e05,0xc33d0000,0xc33c0100,0xc33b0200,0xc33a0300,
		0xc3390400,0xc3380500,0xc3370600,0xc3360700,0xc3350800,0xc3340900,0xc3330a00,0xc3320b00,0xc3310c00,0xc3300d00,
		0xc32f0e00,0xc32e0f00,0xc32d1000,0xc32c1100,0xc32b1200,0xc32a1300,0xc3291400,0xc3281500,0xc3271600,0xc3261700,
		0xc3251800,0xc3241900,0xc3231a00,0xc3221b00,0xc3211c00,0xc3201d00,0xc31f1e00,0xc31e1f00,0xc31d2000,0xc31c2100,
		0xc31b2200,0xc31a2300,0xc3192400,0xc3182500,0xc3172600,0xc3162700,0xc3152800,0xc3142900,0xc3132a00,0xc3122b00,
		0xc3112c00,0xc3102d00,0xc30f2e00,0xc30e2f00,0xc30d3000,0xc30c3100,0xc30b3200,0xc30a3300,0xc3093400,0xc3083500,
		0xc3073600,0xc3063700,0xc3053800,0xc3043900,0xc3033a00,0xc3023b00,0xc3013c00,0xc3003d00,0xc2ff3e00,0xc2fe3f00,
		0xc2fd4000,0xc2fc4100,0xc2fb4200,0xc2fa4300,0xc2f94400,0xc2f84500,0xc2f74600,0xc2f64700,0xc2f54800,0xc2f44900,
		0xc2f34a00,0xc2f24b00,0xc2f14c00,0xc2f04d00,0xc2ef4e00,0xc2ee4f00,0xc2ed5000,0xc2ec5100,0xc2eb5200,0xc2ea5300,
		0xc2e95400,0xc2e85500,0xc2e75600,0xc2e65700,0xc2e55800,0xc2e45900,0xc2e35a00,0xc2e25b00,0xc2e15c00,0xc2e05d00,
		0xc2df5e00,0xc2de5f00,0xc2dd6000,0xc2dc6100,0xc2db6200,0xc2da6300,0xc2d96400,0xc2d86500,0xc2d76600,0xc2d66700,
		0xc2d56800,0xc2d46900,0xc2d36a00,0xc2d26b00,0xc2d16c00,0xc2d06d00,0xc2cf6e00,0xc2ce6f00,0xc2cd7000,0xc2cc7100,
		0xc2cb7200,0xc2ca7300,0xc2c97400,0xc2c87500,0xc2c77600,0xc2c67700,0xc2c57800,0xc2c47900,0xc2c37a00,0xc2c27b00,
		0xc2c17c00,0xc2c07d00,0xc2bf7e00,0xc2be7f00,0xc2bd8000,0xc2bc8100,0xc2bb8200,0xc2ba8300,0xc2b98400,0xc2b88500,
		0xc2b78600,0xc2b68700,0xc2b58800,0xc2b48900,0xc2b38a00,0xc2b28b00,0xc2b18c00,0xc2b08d00,0xc2af8e00,0xc2ae8f00,
		0xc2ad9000,0xc2ac9100,0xc2ab9200,0xc2aa9300,0xc2a99400,0xc2a89500,0xc2a79600,0xc2a69700,0xc2a59800,0xc2a49900,
		0xc2a39a00,0xc2a29b00,0xc2a19c00,0xc2a09d00,0xc29f9e00,0xc29e9f00,0xc29da000,0xc29ca100,0xc29ba200,0xc29aa300,
		0xc299a400,0xc298a500,0xc297a600,0xc296a700,0xc295a800,0xc294a900,0xc293aa00,0xc292ab00,0xc291ac00,0xc290ad00,
		0xc28fae00,0xc28eaf00,0xc28db000,0xc28cb100,0xc28bb200,0xc28ab300,0xc289b400,0xc288b500,0xc287b600,0xc286b700,
		0xc285b800,0xc284b900,0xc283ba00,0xc282bb00,0xc281bc00,0xc280bd00,0xc27fbe00,0xc27ebf00,0xc27dc000,0xc27cc100,
		0xc27bc200,0xc27ac300,0xc279c400,0xc278c500,0xc277c600,0xc276c700,0xc275c800,0xc274c900,0xc273ca00,0xc272cb00,
		0xc271cc00,0xc270cd00,0xc26fce00,0xc26ecf00,0xc26dd000,0xc26cd100,0xc26bd200,0xc26ad300,0xc269d400,0xc268d500,
		0xc267d600,0xc266d700,0xc265d800,0xc264d900,0xc263da00,0xc262db00,0xc261dc00,0xc260dd00,0xc25fde00,0xc25edf00,
		0xc25de000,0xc25ce100,0xc25be200,0xc25ae300,0xc259e400,0xc258e500,0xc257e600,0xc256e700,0xc255e800,0xc254e900,
		0xc253ea00,0xc252eb00,0xc251ec00,0xc250ed00,0xc24fee00,0xc24eef00,0xc24df000,0xc24cf100,0xc24bf200,0xc24af300,
		0xc249f400,0xc248f500,0xc247f600,0xc246f700,0xc245f800,0xc244f900,0xc243fa00,0xc242fb00,0xc241fc00,0xc240fd00,
		0xc23ffe00,0xc23eff00,0xc21f0002,0xc2001f03,0xc21d0102,0xc2001f03,0xc21b0202,0xc2001f03,0xc2190302,0xc2001f03,
		0xc2170402,0xc2001f03,0xc2150502,0xc2001f03,0xc2130602,0xc2001f03,0xc2110702,0xc2001f03,0xc20f0802,0xc2001f03,
		0xc20d0902,0xc2001f03,0xc20b0a02,0xc2001f03,0xc2090b02,0xc2001f03,0xc2070c02,0xc2001f03,0xc2050d02,0xc2001f03,
		0xc2030e02,0xc2001f03,0xc2010f02,0xc2001f03,0xc1ff1002,0xc2001f03,0xc1fd1102,0xc2001f03,0xc1fb1202,0xc2001f03,
		0xc1f91302,0xc2001f03,0xc1f71402,0xc2001f03,0xc1f51502,0xc2001f03,0xc1f31602,0xc2001f03,0xc1f11702,0xc2001f03,
		0xc1ef1802,0xc2001f03,0xc1ed1902,0xc2001f03,0xc1eb1a02,0xc2001f03,0xc1e91b02,0xc2001f03,0xc1e71c02,0xc2001f03,
		0xc1e51d02,0xc2001f03,0xc1e31e02,0xc2001f03,0xc1e11f02,0xc2001f03,0xc1df2002,0xc2001f03,0xc1dd2102,0xc2001f03,
		0xc1db2202,0xc2001f03,0xc1d92302,0xc2001f03,0xc1d72402,0xc2001f03,0xc1d52502,0xc2001f03,0xc1d32602,0xc2001f03,
		0xc1d12702,0xc2001f03,0xc1cf2802,0xc2001f03,0xc1cd2902,0xc2001f03,0xc1cb2a02,0xc2001f03,0xc1c92b02,0xc2001f03,
		0xc1c72c02,0xc2001f03,0xc1c52d02,0xc2001f03,0xc1c32e02,0xc2001f03,0xc1c12f02,0xc2001f03,0xc1bf3002,0xc2001f03,
		0xc1bd3102,0xc2001f03,0xc1bb3202,0xc2001f03,0xc1b93302,0xc2001f03,0xc1b73402,0xc2001f03,0xc1b53502,0xc2001f03,
		0xc1b33602,0xc2001f03,0xc1b13702,0xc2001f03,0xc1af3802,0xc2001f03,0xc1ad3902,0xc2001f03,0xc1ab3a02,0xc2001f03,
		0xc1a93b02,0xc2001f03,0xc1a73c02,0xc2001f03,0xc1a53d02,0xc2001f03,0xc1a33e02,0xc2001f03,0xc1a13f02,0xc2001f03,
		0xc19fc002,0xc2001f03,0xc19dc102,0xc2001f03,0xc19bc202,0xc2001f03,0xc199c302,0xc2001f03,0xc197c402,0xc2001f03,
		0xc195c502,0xc2001f03,0xc193c602,0xc2001f03,0xc191c702,0xc2001f03,0xc18fc802,0xc2001f03,0xc18dc902,0xc2001f03,
		0xc18bca02,0xc2001f03,0xc189cb02,0xc2001f03,0xc187cc02,0xc2001f03,0xc185cd02,0xc2001f03,0xc183ce02,0xc2001f03,
		0xc181cf02,0xc2001f03,0xc17fd002,0xc2001f03,0xc17dd102,0xc2001f03,0xc17bd202,0xc2001f03,0xc179d302,0xc2001f03,
		0xc177d402,0xc2001f03,0xc175d502,0xc2001f03,0xc173d602,0xc2001f03,0xc171d702,0xc2001f03,0xc16fd802,0xc2001f03,
		0xc16dd902,0xc2001f03,0xc16bda02,0xc2001f03,0xc169db02,0xc2001f03,0xc167dc02,0xc2001f03,0xc165dd02,0xc2001f03,
		0xc163de02,0xc2001f03,0xc161df02,0xc2001f03,0xc15fe002,0xc2001f03,0xc15de102,0xc2001f03,0xc15be202,0xc2001f03,
		0xc159e302,0xc2001f03,0xc157e402,0xc2001f03,0xc155e502,0xc2001f03,0xc153e602,0xc2001f03,0xc151e702,0xc2001f03,
		0xc14fe802,0xc2001f03,0xc14de902,0xc2001f03,0xc14bea02,0xc2001f03,0xc149eb02,0xc2001f03,0xc147ec02,0xc2001f03,
		0xc145ed02,0xc2001f03,0xc143ee02,0xc2001f03,0xc141ef02,0xc2001f03,0xc13ff002,0xc2001f03,0xc13df102,0xc2001f03,
		0xc13bf202,0xc2001f03,0xc139f302,0xc2001f03,0xc137f402,0xc2001f03,0xc135f502,0xc2001f03,0xc133f602,0xc2001f03,
		0xc131f702,0xc2001f03,0xc12ff802,0xc2001f03,0xc12df902,0xc2001f03,0xc12bfa02,0xc2001f03,0xc129fb02,0xc2001f03,
		0xc127fc02,0xc2001f03,0xc125fd02,0xc2001f03,0xc123fe02,0xc2001f03,0xc121ff02,0xc2001f03,0xc13f0000,0xc13e0100,
		0xc13d0200,0xc13c0300,0xc13b0400,0xc13a0500,0xc1390600,0xc1380700,0xc1370800,0xc1360900,0xc1350a00,0xc1340b00,
		0xc1330c00,0xc1320d00,0xc1310e00,0xc1300f00,0xc12f1000,0xc12e1100,0xc12d1200,0xc12c1300,0xc12b1400,0xc12a1500,
		0xc1291600,0xc1281700,0xc1271800,0xc1261900,0xc1251a00,0xc1241b00,0xc1231c00,0xc1221d00,0xc1211e00,0xc1201f00,
		0xc11f2000,0xc11e2100,0xc11d2200,0xc11c2300,0xc11b2400,0xc11a2500,0xc1192600,0xc1182700,0xc1172800,0xc1162900,
		0xc1152a00,0xc1142b00,0xc1132c00,0xc1122d00,0xc1112e00,0xc1102f00,0xc10f3000,0xc10e3100,0xc10d3200,0xc10c3300,
		0xc10b3400,0xc10a3500,0xc1093600,0xc1083700,0xc1073800,0xc1063900,0xc1053a00,0xc1043b00,0xc1033c00,0xc1023d00,
		0xc1013e00,0xc1003f00,0xc0ff4000,0xc0fe4100,0xc0fd4200,0xc0fc4300,0xc0fb4400,0xc0fa4500,0xc0f94600,0xc0f84700,
		0xc0f74800,0xc0f64900,0xc0f54a00,0xc0f44b00,0xc0f34c00,0xc0f24d00,0xc0f14e00,0xc0f04f00,0xc0ef5000,0xc0ee5100,
		0xc0ed5200,0xc0ec5300,0xc0eb5400,0xc0ea5500,0xc0e95600,0xc0e85700,0xc0e75800,0xc0e65900,0xc0e55a00,0xc0e45b00,
		0xc0e35c00,0xc0e25d00,0xc0e15e00,0xc0e05f00,0xc0df6000,0xc0de6100,0xc0dd6200,0xc0dc6300,0xc0db6400,0xc0da6500,
		0xc0d96600,0xc0d86700,0xc0d76800,0xc0d66900,0xc0d56a00,0xc0d46b00,0xc0d36c00,0xc0d26d00,0xc0d16e00,0xc0d06f00,
		0xc0cf7000,0xc0ce7100,0xc0cd7200,0xc0cc7300,0xc0cb7400,0xc0ca7500,0xc0c97600,0xc0c87700,0xc0c77800,0xc0c67900,
		0xc0c57a00,0xc0c47b00,0xc0c37c00,0xc0c27d00,0xc0c17e00,0xc0c07f00,0xc0bf8000,0xc0be8100,0xc0bd8200,0xc0bc8300,
		0xc0bb8400,0xc0ba8500,0xc0b98600,0xc0b88700,0xc0b78800,0xc0b68900,0xc0b58a00,0xc0b48b00,0xc0b38c00,0xc0b28d00,
		0xc0b18e00,0xc0b08f00,0xc0af9000,0xc0ae9100,0xc0ad9200,0xc0ac9300,0xc0ab9400,0xc0aa9500,0xc0a99600,0xc0a89700,
		0xc0a79800,0xc0a69900,0xc0a59a00,0xc0a49b00,0xc0a39c00,0xc0a29d00,0xc0a19e00,0xc0a09f00,0xc09fa000,0xc09ea100,
		0xc09da200,0xc09ca300,0xc09ba400,0xc09aa500,0xc099a600,0xc098a700,0xc097a800,0xc096a900,0xc095aa00,0xc094ab00,
		0xc093ac00,0xc092ad00,0xc091ae00,0xc090af00,0xc08fb000,0xc08eb100,0xc08db200,0xc08cb300,0xc08bb400,0xc08ab500,
		0xc089b600,0xc088b700,0xc087b800,0xc086b900,0xc085ba00,0xc084bb00,0xc083bc00,0xc082bd00,0xc081be00,0xc080bf00,
		0xc07fc000,0xc07ec100,0xc07dc200,0xc07cc300,0xc07bc400,0xc07ac500,0xc079c600,0xc078c700,0xc077c800,0xc076c900,
		0xc075ca00,0xc074cb00,0xc073cc00,0xc072cd00,0xc071ce00,0xc070cf00,0xc06fd000,0xc06ed100,0xc06dd200,0xc06cd300,
		0xc06bd400,0xc06ad500,0xc069d600,0xc068d700,0xc067d800,0xc066d900,0xc065da00,0xc064db00,0xc063dc00,0xc062dd00,
		0xc061de00,0xc060df00,0xc05fe000,0xc05ee100,0xc05de200,0xc05ce300,0xc05be400,0xc05ae500,0xc059e600,0xc058e700,
		0xc057e800,0xc056e900,0xc055ea00,0xc054eb00,0xc053ec00,0xc052ed00,0xc051ee00,0xc050ef00,0xc04ff000,0xc04ef100,
		0xc04df200,0xc04cf300,0xc04bf400,0xc04af500,0xc049f600,0xc048f700,0xc047f800,0xc046f900,0xc045fa00,0xc044fb00,
		0xc043fc00,0xc042fd00,0xc041fe00,0xc040ff00,0xc001000c,0xc000200d,0xbfff100d,0xc000200d,0xbffd080d,0xc000200d,
		0xbffd100d,0xc000200d,0xbff9040d,0xc000200d,0xbffb100d,0xc000200d,0xbff7080d,0xc000200d,0xbff9100d,0xc000200d,
		0xbff1020d,0xc000200d,0xbff7100d,0xc000200d,0xbff1080d,0xc000200d,0xbff5100d,0xc000200d,0xbfeb040d,0xc000200d,
		0xbff3100d,0xc000200d,0xbfeb080d,0xc000200d,0xbff1100d,0xc000200d,0xbfe1010d,0xc000200d,0xbfef100d,0xc000200d,
		0xbfe5080d,0xc000200d,0xbfed100d,0xc000200d,0xbfdd040d,0xc000200d,0xbfeb100d,0xc000200d,0xbfdf080d,0xc000200d,
		0xbfe9100d,0xc000200d,0xbfd3020d,0xc000200d,0xbfe7100d,0xc000200d,0xbfd9080d,0xc000200d,0xbfe5100d,0xc000200d,
		0xbfcf040d,0xc000200d,0xbfe3100d,0xc000200d,0xbfd3080d,0xc000200d,0xbfe1100d,0xc000200d,0xbfc1010c,0xc000200d,
		0xbfdf100d,0xc000200d,0xbfcd080d,0xc000200d,0xbfdd100d,0xc000200d,0xbfc1040d,0xc000200d,0xbfdb100d,0xc000200d,
		0xbfc7080d,0xc000200d,0xbfd9100d,0xc000200d,0xbfb5020d,0xc000200d,0xbfd7100d,0xc000200d,0xbfc1080d,0xc000200d,
		0xbfd5100d,0xc000200d,0xbfb3040d,0xc000200d,0xbfd3100d,0xc000200d,0xbfbb080d,0xc000200d,0xbfd1100d,0xc000200d,
		0xbfa3010d,0xc000200d,0xbfcf100d,0xc000200d,0xbfb5080d,0xc000200d,0xbfcd100d,0xc000200d,0xbfa5040d,0xc000200d,
		0xbfcb100d,0xc000200d,0xbfaf080d,0xc000200d,0xbfc9100d,0xc000200d,0xbf97020d,0xc000200d,0xbfc7100d,0xc000200d,
		0xbfa9080d,0xc000200d,0xbfc5100d,0xc000200d,0xbf97040d,0xc000200d,0xbfc3100d,0xc000200d,0xbfa3080d,0xc000200d,
		0xbfc1100d,0xc000200d,0xbf81fe0c,0xc000200d,0xc03f100d,0xc000200d,0xc05d080d,0xc000200d,0xc03d100d,0xc000200d,
		0xc069040d,0xc000200d,0xc03b100d,0xc000200d,0xc057080d,0xc000200d,0xc039100d,0xc000200d,0xc069020d,0xc000200d,
		0xc037100d,0xc000200d,0xc051080d,0xc000200d,0xc035100d,0xc000200d,0xc05b040d,0xc000200d,0xc033100d,0xc000200d,
		0xc04b080d,0xc000200d,0xc031100d,0xc000200d,0xc05d010d,0xc000200d,0xc02f100d,0xc000200d,0xc045080d,0xc000200d,
		0xc02d100d,0xc000200d,0xc04d040d,0xc000200d,0xc02b100d,0xc000200d,0xc03f080d,0xc000200d,0xc029100d,0xc000200d,
		0xc04b020d,0xc000200d,0xc027100d,0xc000200d,0xc039080d,0xc000200d,0xc025100d,0xc000200d,0xc03f040d,0xc000200d,
		0xc023100d,0xc000200d,0xc033080d,0xc000200d,0xc021100d,0xc000200d,0xbf41ff0c,0xc000200d,0xc01f100d,0xc000200d,
		0xc02d080d,0xc000200d,0xc01d100d,0xc000200d,0xc031040d,0xc000200d,0xc01b100d,0xc000200d,0xc027080d,0xc000200d,
		0xc019100d,0xc000200d,0xc02d020d,0xc000200d,0xc017100d,0xc000200d,0xc021080d,0xc000200d,0xc015100d,0xc000200d,
		0xc023040d,0xc000200d,0xc013100d,0xc000200d,0xc01b080d,0xc000200d,0xc011100d,0xc000200d,0xc01f010d,0xc000200d,
		0xc00f100d,0xc000200d,0xc015080d,0xc000200d,0xc00d100d,0xc000200d,0xc015040d,0xc000200d,0xc00b100d,0xc000200d,
		0xc00f080d,0xc000200d,0xc009100d,0xc000200d,0xc00f020d,0xc000200d,0xc007100d,0xc000200d,0xc009080d,0xc000200d,
		0xc005100d,0xc000200d,0xc007040d,0xc000200d,0xc003100d,0xc000200d,0xc003080d,0xc000200d,0xc001100d,0xc000200d,
		0xbf410000,0xbf400100,0xbf3f0200,0xbf3e0300,0xbf3d0400,0xbf3c0500,0xbf3b0600,0xbf3a0700,0xbf390800,0xbf380900,
		0xbf370a00,0xbf360b00,0xbf350c00,0xbf340d00,0xbf330e00,0xbf320f00,0xbf311000,0xbf301100,0xbf2f1200,0xbf2e1300,
		0xbf2d1400,0xbf2c1500,0xbf2b1600,0xbf2a1700,0xbf291800,0xbf281900,0xbf271a00,0xbf261b00,0xbf251c00,0xbf241d00,
		0xbf231e00,0xbf221f00,0xbf212000,0xbf202100,0xbf1f2200,0xbf1e2300,0xbf1d2400,0xbf1c2500,0xbf1b2600,0xbf1a2700,
		0xbf192800,0xbf182900,0xbf172a00,0xbf162b00,0xbf152c00,0xbf142d00,0xbf132e00,0xbf122f00,0xbf113000,0xbf103100,
		0xbf0f3200,0xbf0e3300,0xbf0d3400,0xbf0c3500,0xbf0b3600,0xbf0a3700,0xbf093800,0xbf083900,0xbf073a00,0xbf063b00,
		0xbf053c00,0xbf043d00,0xbf033e00,0xbf023f00,0xbf014000,0xbf004100,0xbeff4200,0xbefe4300,0xbefd4400,0xbefc4500,
		0xbefb4600,0xbefa4700,0xbef94800,0xbef84900,0xbef74a00,0xbef64b00,0xbef54c00,0xbef44d00,0xbef34e00,0xbef24f00,
		0xbef15000,0xbef05100,0xbeef5200,0xbeee5300,0xbeed5400,0xbeec5500,0xbeeb5600,0xbeea5700,0xbee95800,0xbee85900,
		0xbee75a00,0xbee65b00,0xbee55c00,0xbee45d00,0xbee35e00,0xbee25f00,0xbee16000,0xbee06100,0xbedf6200,0xbede6300,
		0xbedd6400,0xbedc6500,0xbedb6600,0xbeda6700,0xbed96800,0xbed86900,0xbed76a00,0xbed66b00,0xbed56c00,0xbed46d00,
		0xbed36e00,0xbed26f00,0xbed17000,0xbed07100,0xbecf7200,0xbece7300,0xbecd7400,0xbecc7500,0xbecb7600,0xbeca7700,
		0xbec97800,0xbec87900,0xbec77a00,0xbec67b00,0xbec57c00,0xbec47d00,0xbec37e00,0xbec27f00,0xbec18000,0xbec08100,
		0xbebf8200,0xbebe8300,0xbebd8400,0xbebc8500,0xbebb8600,0xbeba8700,0xbeb98800,0xbeb88900,0xbeb78a00,0xbeb68b00,
		0xbeb58c00,0xbeb48d00,0xbeb38e00,0xbeb28f00,0xbeb19000,0xbeb09100,0xbeaf9200,0xbeae9300,0xbead9400,0xbeac9500,
		0xbeab9600,0xbeaa9700,0xbea99800,0xbea89900,0xbea79a00,0xbea69b00,0xbea59c00,0xbea49d00,0xbea39e00,0xbea29f00,
		0xbea1a000,0xbea0a100,0xbe9fa200,0xbe9ea300,0xbe9da400,0xbe9ca500,0xbe9ba600,0xbe9aa700,0xbe99a800,0xbe98a900,
		0xbe97aa00,0xbe96ab00,0xbe95ac00,0xbe94ad00,0xbe93ae00,0xbe92af00,0xbe91b000,0xbe90b100,0xbe8fb200,0xbe8eb300,
		0xbe8db400,0xbe8cb500,0xbe8bb600,0xbe8ab700,0xbe89b800,0xbe88b900,0xbe87ba00,0xbe86bb00,0xbe85bc00,0xbe84bd00,
		0xbe83be00,0xbe82bf00,0xbe81c000,0xbe80c100,0xbe7fc200,0xbe7ec300,0xbe7dc400,0xbe7cc500,0xbe7bc600,0xbe7ac700,
		0xbe79c800,0xbe78c900,0xbe77ca00,0xbe76cb00,0xbe75cc00,0xbe74cd00,0xbe73ce00,0xbe72cf00,0xbe71d000,0xbe70d100,
		0xbe6fd200,0xbe6ed300,0xbe6dd400,0xbe6cd500,0xbe6bd600,0xbe6ad700,0xbe69d800,0xbe68d900,0xbe67da00,0xbe66db00,
		0xbe65dc00,0xbe64dd00,0xbe63de00,0xbe62df00,0xbe61e000,0xbe60e100,0xbe5fe200,0xbe5ee300,0xbe5de400,0xbe5ce500,
		0xbe5be600,0xbe5ae700,0xbe59e800,0xbe58e900,0xbe57ea00,0xbe56eb00,0xbe55ec00,0xbe54ed00,0xbe53ee00,0xbe52ef00,
		0xbe51f000,0xbe50f100,0xbe4ff200,0xbe4ef300,0xbe4df400,0xbe4cf500,0xbe4bf600,0xbe4af700,0xbe49f800,0xbe48f900,
		0xbe47fa00,0xbe46fb00,0xbe45fc00,0xbe44fd00,0xbe43fe00,0xbe42ff00,0xbe210002,0xbe002103,0xbe1f0102,0xbe002103,
		0xbe1d0202,0xbe002103,0xbe1b0302,0xbe002103,0xbe190402,0xbe002103,0xbe170502,0xbe002103,0xbe150602,0xbe002103,
		0xbe130702,0xbe002103,0xbe110802,0xbe002103,0xbe0f0902,0xbe002103,0xbe0d0a02,0xbe002103,0xbe0b0b02,0xbe002103,
		0xbe090c02,0xbe002103,0xbe070d02,0xbe002103,0xbe050e02,0xbe002103,0xbe030f02,0xbe002103,0xbe011002,0xbe002103,
		0xbdff1102,0xbe002103,0xbdfd1202,0xbe002103,0xbdfb1302,0xbe002103,0xbdf91402,0xbe002103,0xbdf71502,0xbe002103,
		0xbdf51602,0xbe002103,0xbdf31702,0xbe002103,0xbdf11802,0xbe002103,0xbdef1902,0xbe002103,0xbded1a02,0xbe002103,
		0xbdeb1b02,0xbe002103,0xbde91c02,0xbe002103,0xbde71d02,0xbe002103,0xbde51e02,0xbe002103,0xbde31f02,0xbe002103,
		0xbde12002,0xbe002103,0xbddf2102,0xbe002103,0xbddd2202,0xbe002103,0xbddb2302,0xbe002103,0xbdd92402,0xbe002103,
		0xbdd72502,0xbe002103,0xbdd52602,0xbe002103,0xbdd32702,0xbe002103,0xbdd12802,0xbe002103,0xbdcf2902,0xbe002103,
		0xbdcd2a02,0xbe002103,0xbdcb2b02,0xbe002103,0xbdc92c02,0xbe002103,0xbdc72d02,0xbe002103,0xbdc52e02,0xbe002103,
		0xbdc32f02,0xbe002103,0xbdc13002,0xbe002103,0xbdbf3102,0xbe002103,0xbdbd3202,0xbe002103,0xbdbb3302,0xbe002103,
		0xbdb93402,0xbe002103,0xbdb73502,0xbe002103,0xbdb53602,0xbe002103,0xbdb33702,0xbe002103,0xbdb13802,0xbe002103,
		0xbdaf3902,0xbe002103,0xbdad3a02,0xbe002103,0xbdab3b02,0xbe002103,0xbda93c02,0xbe002103,0xbda73d02,0xbe002103,
		0xbda53e02,0xbe002103,0xbda33f02,0xbe002103,0xbda1c002,0xbe002103,0xbd9fc102,0xbe002103,0xbd9dc202,0xbe002103,
		0xbd9bc302,0xbe002103,0xbd99c402,0xbe002103,0xbd97c502,0xbe002103,0xbd95c602,0xbe002103,0xbd93c702,0xbe002103,
		0xbd91c802,0xbe002103,0xbd8fc902,0xbe002103,0xbd8dca02,0xbe002103,0xbd8bcb02,0xbe002103,0xbd89cc02,0xbe002103,
		0xbd87cd02,0xbe002103,0xbd85ce02,0xbe002103,0xbd83cf02,0xbe002103,0xbd81d002,0xbe002103,0xbd7fd102,0xbe002103,
		0xbd7dd202,0xbe002103,0xbd7bd302,0xbe002103,0xbd79d402,0xbe002103,0xbd77d502,0xbe002103,0xbd75d602,0xbe002103,
		0xbd73d702,0xbe002103,0xbd71d802,0xbe002103,0xbd6fd902,0xbe002103,0xbd6dda02,0xbe002103,0xbd6bdb02,0xbe002103,
		0xbd69dc02,0xbe002103,0xbd67dd02,0xbe002103,0xbd65de02,0xbe002103,0xbd63df02,0xbe002103,0xbd61e002,0xbe002103,
		0xbd5fe102,0xbe002103,0xbd5de202,0xbe002103,0xbd5be302,0xbe002103,0xbd59e402,0xbe002103,0xbd57e502,0xbe002103,
		0xbd55e602,0xbe002103,0xbd53e702,0xbe002103,0xbd51e802,0xbe002103,0xbd4fe902,0xbe002103,0xbd4dea02,0xbe002103,
		0xbd4beb02,0xbe002103,0xbd49ec02,0xbe002103,0xbd47ed02,0xbe002103,0xbd45ee02,0xbe002103,0xbd43ef02,0xbe002103,
		0xbd41f002,0xbe002103,0xbd3ff102,0xbe002103,0xbd3df202,0xbe002103,0xbd3bf302,0xbe002103,0xbd39f402,0xbe002103,
		0xbd37f502,0xbe002103,0xbd35f602,0xbe002103,0xbd33f702,0xbe002103,0xbd31f802,0xbe002103,0xbd2ff902,0xbe002103,
		0xbd2dfa02,0xbe002103,0xbd2bfb02,0xbe002103,0xbd29fc02,0xbe002103,0xbd27fd02,0xbe002103,0xbd25fe02,0xbe002103,
		0xbd23ff02,0xbe002103,0xbd430000,0xbd420100,0xbd410200,0xbd400300,0xbd3f0400,0xbd3e0500,0xbd3d0600,0xbd3c0700,
		0xbd3b0800,0xbd3a0900,0xbd390a00,0xbd380b00,0xbd370c00,0xbd360d00,0xbd350e00,0xbd340f00,0xbd331000,0xbd321100,
		0xbd311200,0xbd301300,0xbd2f1400,0xbd2e1500,0xbd2d1600,0xbd2c1700,0xbd2b1800,0xbd2a1900,0xbd291a00,0xbd281b00,
		0xbd271c00,0xbd261d00,0xbd251e00,0xbd241f00,0xbd232000,0xbd222100,0xbd212200,0xbd202300,0xbd1f2400,0xbd1e2500,
		0xbd1d2600,0xbd1c2700,0xbd1b2800,0xbd1a2900,0xbd192a00,0xbd182b00,0xbd172c00,0xbd162d00,0xbd152e00,0xbd142f00,
		0xbd133000,0xbd123100,0xbd113200,0xbd103300,0xbd0f3400,0xbd0e3500,0xbd0d3600,0xbd0c3700,0xbd0b3800,0xbd0a3900,
		0xbd093a00,0xbd083b00,0xbd073c00,0xbd063d00,0xbd053e00,0xbd043f00,0xbd034000,0xbd024100,0xbd014200,0xbd004300,
		0xbcff4400,0xbcfe4500,0xbcfd4600,0xbcfc4700,0xbcfb4800,0xbcfa4900,0xbcf94a00,0xbcf84b00,0xbcf74c00,0xbcf64d00,
		0xbcf54e00,0xbcf44f00,0xbcf35000,0xbcf25100,0xbcf15200,0xbcf05300,0xbcef5400,0xbcee5500,0xbced5600,0xbcec5700,
		0xbceb5800,0xbcea5900,0xbce95a00,0xbce85b00,0xbce75c00,0xbce65d00,0xbce55e00,0xbce45f00,0xbce36000,0xbce26100,
		0xbce16200,0xbce06300,0xbcdf6400,0xbcde6500,0xbcdd6600,0xbcdc6700,0xbcdb6800,0xbcda6900,0xbcd96a00,0xbcd86b00,
		0xbcd76c00,0xbcd66d00,0xbcd56e00,0xbcd46f00,0xbcd37000,0xbcd27100,0xbcd17200,0xbcd07300,0xbccf7400,0xbcce7500,
		0xbccd7600,0xbccc7700,0xbccb7800,0xbcca7900,0xbcc97a00,0xbcc87b00,0xbcc77c00,0xbcc67d00,0xbcc57e00,0xbcc47f00,
		0xbcc38000,0xbcc28100,0xbcc18200,0xbcc08300,0xbcbf8400,0xbcbe8500,0xbcbd8600,0xbcbc8700,0xbcbb8800,0xbcba8900,
		0xbcb98a00,0xbcb88b00,0xbcb78c00,0xbcb68d00,0xbcb58e00,0xbcb48f00,0xbcb39000,0xbcb29100,0xbcb19200,0xbcb09300,
		0xbcaf9400,0xbcae9500,0xbcad9600,0xbcac9700,0xbcab9800,0xbcaa9900,0xbca99a00,0xbca89b00,0xbca79c00,0xbca69d00,
		0xbca59e00,0xbca49f00,0xbca3a000,0xbca2a100,0xbca1a200,0xbca0a300,0xbc9fa400,0xbc9ea500,0xbc9da600,0xbc9ca700,
		0xbc9ba800,0xbc9aa900,0xbc99aa00,0xbc98ab00,0xbc97ac00,0xbc96ad00,0xbc95ae00,0xbc94af00,0xbc93b000,0xbc92b100,
		0xbc91b200,0xbc90b300,0xbc8fb400,0xbc8eb500,0xbc8db600,0xbc8cb700,0xbc8bb800,0xbc8ab900,0xbc89ba00,0xbc88bb00,
		0xbc87bc00,0xbc86bd00,0xbc85be00,0xbc84bf00,0xbc83c000,0xbc82c100,0xbc81c200,0xbc80c300,0xbc7fc400,0xbc7ec500,
		0xbc7dc600,0xbc7cc700,0xbc7bc800,0xbc7ac900,0xbc79ca00,0xbc78cb00,0xbc77cc00,0xbc76cd00,0xbc75ce00,0xbc74cf00,
		0xbc73d000,0xbc72d100,0xbc71d200,0xbc70d300,0xbc6fd400,0xbc6ed500,0xbc6dd600,0xbc6cd700,0xbc6bd800,0xbc6ad900,
		0xbc69da00,0xbc68db00,0xbc67dc00,0xbc66dd00,0xbc65de00,0xbc64df00,0xbc63e000,0xbc62e100,0xbc61e200,0xbc60e300,
		0xbc5fe400,0xbc5ee500,0xbc5de600,0xbc5ce700,0xbc5be800,0xbc5ae900,0xbc59ea00,0xbc58eb00,0xbc57ec00,0xbc56ed00,
		0xbc55ee00,0xbc54ef00,0xbc53f000,0xbc52f100,0xbc51f200,0xbc50f300,0xbc4ff400,0xbc4ef500,0xbc4df600,0xbc4cf700,
		0xbc4bf800,0xbc4af900,0xbc49fa00,0xbc48fb00,0xbc47fc00,0xbc46fd00,0xbc45fe00,0xbc44ff00,0xbc110004,0xbc002205,
		0xbbff1105,0xbc002205,0xbc0d0104,0xbc002205,0xbbfd1105,0xbc002205,0xbc090204,0xbc002205,0xbbfb1105,0xbc002205,
		0xbc050304,0xbc002205,0xbbf91105,0xbc002205,0xbc010404,0xbc002205,0xbbf71105,0xbc002205,0xbbfd0504,0xbc002205,
		0xbbf51105,0xbc002205,0xbbf90604,0xbc002205,0xbbf31105,0xbc002205,0xbbf50704,0xbc002205,0xbbf11105,0xbc002205,
		0xbbf10804,0xbc002205,0xbbef1105,0xbc002205,0xbbed0904,0xbc002205,0xbbed1105,0xbc002205,0xbbe90a04,0xbc002205,
		0xbbeb1105,0xbc002205,0xbbe50b04,0xbc002205,0xbbe91105,0xbc002205,0xbbe10c04,0xbc002205,0xbbe71105,0xbc002205,
		0xbbdd0d04,0xbc002205,0xbbe51105,0xbc002205,0xbbd90e04,0xbc002205,0xbbe31105,0xbc002205,0xbbd50f04,0xbc002205,
		0xbbe11105,0xbc002205,0xbbd11004,0xbc002205,0xbbdf1105,0xbc002205,0xbbcd1104,0xbc002205,0xbbdd1105,0xbc002205,
		0xbbc91204,0xbc002205,0xbbdb1105,0xbc002205,0xbbc51304,0xbc002205,0xbbd91105,0xbc002205,0xbbc11404,0xbc002205,
		0xbbd71105,0xbc002205,0xbbbd1504,0xbc002205,0xbbd51105,0xbc002205,0xbbb91604,0xbc002205,0xbbd31105,0xbc002205,
		0xbbb51704,0xbc002205,0xbbd11105,0xbc002205,0xbbb11804,0xbc002205,0xbbcf1105,0xbc002205,0xbbad1904,0xbc002205,
		0xbbcd1105,0xbc002205,0xbba91a04,0xbc002205,0xbbcb1105,0xbc002205,0xbba51b04,0xbc002205,0xbbc91105,0xbc002205,
		0xbba11c04,0xbc002205,0xbbc71105,0xbc002205,0xbb9d1d04,0xbc002205,0xbbc51105,0xbc002205,0xbb991e04,0xbc002205,
		0xbbc31105,0xbc002205,0xbb951f04,0xbc002205,0xbbc11105,0xbc002205,0xbb91e004,0xbc002205,0xbc3f1105,0xbc002205,
		0xbb8de104,0xbc002205,0xbc3d1105,0xbc002205,0xbb89e204,0xbc002205,0xbc3b1105,0xbc002205,0xbb85e304,0xbc002205,
		0xbc391105,0xbc002205,0xbb81e404,0xbc002205,0xbc371105,0xbc002205,0xbb7de504,0xbc002205,0xbc351105,0xbc002205,
		0xbb79e604,0xbc002205,0xbc331105,0xbc002205,0xbb75e704,0xbc002205,0xbc311105,0xbc002205,0xbb71e804,0xbc002205,
		0xbc2f1105,0xbc002205,0xbb6de904,0xbc002205,0xbc2d1105,0xbc002205,0xbb69ea04,0xbc002205,0xbc2b1105,0xbc002205,
		0xbb65eb04,0xbc002205,0xbc291105,0xbc002205,0xbb61ec04,0xbc002205,0xbc271105,0xbc002205,0xbb5ded04,0xbc002205,
		0xbc251105,0xbc002205,0xbb59ee04,0xbc002205,0xbc231105,0xbc002205,0xbb55ef04,0xbc002205,0xbc211105,0xbc002205,
		0xbb51f004,0xbc002205,0xbc1f1105,0xbc002205,0xbb4df104,0xbc002205,0xbc1d1105,0xbc002205,0xbb49f204,0xbc002205,
		0xbc1b1105,0xbc002205,0xbb45f304,0xbc002205,0xbc191105,0xbc002205,0xbb41f404,0xbc002205,0xbc171105,0xbc002205,
		0xbb3df504,0xbc002205,0xbc151105,0xbc002205,0xbb39f604,0xbc002205,0xbc131105,0xbc002205,0xbb35f704,0xbc002205,
		0xbc111105,0xbc002205,0xbb31f804,0xbc002205,0xbc0f1105,0xbc002205,0xbb2df904,0xbc002205,0xbc0d1105,0xbc002205,
		0xbb29fa04,0xbc002205,0xbc0b1105,0xbc002205,0xbb25fb04,0xbc002205,0xbc091105,0xbc002205,0xbb21fc04,0xbc002205,
		0xbc071105,0xbc002205,0xbb1dfd04,0xbc002205,0xbc051105,0xbc002205,0xbb19fe04,0xbc002205,0xbc031105,0xbc002205,
		0xbb15ff04,0xbc002205,0xbc011105,0xbc002205,0xbb450000,0xbb440100,0xbb430200,0xbb420300,0xbb410400,0xbb400500,
		0xbb3f0600,0xbb3e0700,0xbb3d0800,0xbb3c0900,0xbb3b0a00,0xbb3a0b00,0xbb390c00,0xbb380d00,0xbb370e00,0xbb360f00,
		0xbb351000,0xbb341100,0xbb331200,0xbb321300,0xbb311400,0xbb301500,0xbb2f1600,0xbb2e1700,0xbb2d1800,0xbb2c1900,
		0xbb2b1a00,0xbb2a1b00,0xbb291c00,0xbb281d00,0xbb271e00,0xbb261f00,0xbb252000,0xbb242100,0xbb232200,0xbb222300,
		0xbb212400,0xbb202500,0xbb1f2600,0xbb1e2700,0xbb1d2800,0xbb1c2900,0xbb1b2a00,0xbb1a2b00,0xbb192c00,0xbb182d00,
		0xbb172e00,0xbb162f00,0xbb153000,0xbb143100,0xbb133200,0xbb123300,0xbb113400,0xbb103500,0xbb0f3600,0xbb0e3700,
		0xbb0d3800,0xbb0c3900,0xbb0b3a00,0xbb0a3b00,0xbb093c00,0xbb083d00,0xbb073e00,0xbb063f00,0xbb054000,0xbb044100,
		0xbb034200,0xbb024300,0xbb014400,0xbb004500,0xbaff4600,0xbafe4700,0xbafd4800,0xbafc4900,0xbafb4a00,0xbafa4b00,
		0xbaf94c00,0xbaf84d00,0xbaf74e00,0xbaf64f00,0xbaf55000,0xbaf45100,0xbaf35200,0xbaf25300,0xbaf15400,0xbaf05500,
		0xbaef5600,0xbaee5700,0xbaed5800,0xbaec5900,0xbaeb5a00,0xbaea5b00,0xbae95c00,0xbae85d00,0xbae75e00,0xbae65f00,
		0xbae56000,0xbae46100,0xbae36200,0xbae26300,0xbae16400,0xbae06500,0xbadf6600,0xbade6700,0xbadd6800,0xbadc6900,
		0xbadb6a00,0xbada6b00,0xbad96c00,0xbad86d00,0xbad76e00,0xbad66f00,0xbad57000,0xbad47100,0xbad37200,0xbad27300,
		0xbad17400,0xbad07500,0xbacf7600,0xbace7700,0xbacd7800,0xbacc7900,0xbacb7a00,0xbaca7b00,0xbac97c00,0xbac87d00,
		0xbac77e00,0xbac67f00,0xbac58000,0xbac48100,0xbac38200,0xbac28300,0xbac18400,0xbac08500,0xbabf8600,0xbabe8700,
		0xbabd8800,0xbabc8900,0xbabb8a00,0xbaba8b00,0xbab98c00,0xbab88d00,0xbab78e00,0xbab68f00,0xbab59000,0xbab49100,
		0xbab39200,0xbab29300,0xbab19400,0xbab09500,0xbaaf9600,0xbaae9700,0xbaad9800,0xbaac9900,0xbaab9a00,0xbaaa9b00,
		0xbaa99c00,0xbaa89d00,0xbaa79e00,0xbaa69f00,0xbaa5a000,0xbaa4a100,0xbaa3a200,0xbaa2a300,0xbaa1a400,0xbaa0a500,
		0xba9fa600,0xba9ea700,0xba9da800,0xba9ca900,0xba9baa00,0xba9aab00,0xba99ac00,0xba98ad00,0xba97ae00,0xba96af00,
		0xba95b000,0xba94b100,0xba93b200,0xba92b300,0xba91b400,0xba90b500,0xba8fb600,0xba8eb700,0xba8db800,0xba8cb900,
		0xba8bba00,0xba8abb00,0xba89bc00,0xba88bd00,0xba87be00,0xba86bf00,0xba85c000,0xba84c100,0xba83c200,0xba82c300,
		0xba81c400,0xba80c500,0xba7fc600,0xba7ec700,0xba7dc800,0xba7cc900,0xba7bca00,0xba7acb00,0xba79cc00,0xba78cd00,
		0xba77ce00,0xba76cf00,0xba75d000,0xba74d100,0xba73d200,0xba72d300,0xba71d400,0xba70d500,0xba6fd600,0xba6ed700,
		0xba6dd800,0xba6cd900,0xba6bda00,0xba6adb00,0xba69dc00,0xba68dd00,0xba67de00,0xba66df00,0xba65e000,0xba64e100,
		0xba63e200,0xba62e300,0xba61e400,0xba60e500,0xba5fe600,0xba5ee700,0xba5de800,0xba5ce900,0xba5bea00,0xba5aeb00,
		0xba59ec00,0xba58ed00,0xba57ee00,0xba56ef00,0xba55f000,0xba54f100,0xba53f200,0xba52f300,0xba51f400,0xba50f500,
		0xba4ff600,0xba4ef700,0xba4df800,0xba4cf900,0xba4bfa00,0xba4afb00,0xba49fc00,0xba48fd00,0xba47fe00,0xba46ff00,
		0xba230002,0xba002303,0xba210102,0xba002303,0xba1f0202,0xba002303,0xba1d0302,0xba002303,0xba1b0402,0xba002303,
		0xba190502,0xba002303,0xba170602,0xba002303,0xba150702,0xba002303,0xba130802,0xba002303,0xba110902,0xba002303,
		0xba0f0a02,0xba002303,0xba0d0b02,0xba002303,0xba0b0c02,0xba002303,0xba090d02,0xba002303,0xba070e02,0xba002303,
		0xba050f02,0xba002303,0xba031002,0xba002303,0xba011102,0xba002303,0xb9ff1202,0xba002303,0xb9fd1302,0xba002303,
		0xb9fb1402,0xba002303,0xb9f91502,0xba002303,0xb9f71602,0xba002303,0xb9f51702,0xba002303,0xb9f31802,0xba002303,
		0xb9f11902,0xba002303,0xb9ef1a02,0xba002303,0xb9ed1b02,0xba002303,0xb9eb1c02,0xba002303,0xb9e91d02,0xba002303,
		0xb9e71e02,0xba002303,0xb9e51f02,0xba002303,0xb9e32002,0xba002303,0xb9e12102,0xba002303,0xb9df2202,0xba002303,
		0xb9dd2302,0xba002303,0xb9db2402,0xba002303,0xb9d92502,0xba002303,0xb9d72602,0xba002303,0xb9d52702,0xba002303,
		0xb9d32802,0xba002303,0xb9d12902,0xba002303,0xb9cf2a02,0xba002303,0xb9cd2b02,0xba002303,0xb9cb2c02,0xba002303,
		0xb9c92d02,0xba002303,0xb9c72e02,0xba002303,0xb9c52f02,0xba002303,0xb9c33002,0xba002303,0xb9c13102,0xba002303,
		0xb9bf3202,0xba002303,0xb9bd3302,0xba002303,0xb9bb3402,0xba002303,0xb9b93502,0xba002303,0xb9b73602,0xba002303,
		0xb9b53702,0xba002303,0xb9b33802,0xba002303,0xb9b13902,0xba002303,0xb9af3a02,0xba002303,0xb9ad3b02,0xba002303,
		0xb9ab3c02,0xba002303,0xb9a93d02,0xba002303,0xb9a73e02,0xba002303,0xb9a53f02,0xba002303,0xb9a3c002,0xba002303,
		0xb9a1c102,0xba002303,0xb99fc202,0xba002303,0xb99dc302,0xba002303,0xb99bc402,0xba002303,0xb999c502,0xba002303,
		0xb997c602,0xba002303,0xb995c702,0xba002303,0xb993c802,0xba002303,0xb991c902,0xba002303,0xb98fca02,0xba002303,
		0xb98dcb02,0xba002303,0xb98bcc02,0xba002303,0xb989cd02,0xba002303,0xb987ce02,0xba002303,0xb985cf02,0xba002303,
		0xb983d002,0xba002303,0xb981d102,0xba002303,0xb97fd202,0xba002303,0xb97dd302,0xba002303,0xb97bd402,0xba002303,
		0xb979d502,0xba002303,0xb977d602,0xba002303,0xb975d702,0xba002303,0xb973d802,0xba002303,0xb971d902,0xba002303,
		0xb96fda02,0xba002303,0xb96ddb02,0xba002303,0xb96bdc02,0xba002303,0xb969dd02,0xba002303,0xb967de02,0xba002303,
		0xb965df02,0xba002303,0xb963e002,0xba002303,0xb961e102,0xba002303,0xb95fe202,0xba002303,0xb95de302,0xba002303,
		0xb95be402,0xba002303,0xb959e502,0xba002303,0xb957e602,0xba002303,0xb955e702,0xba002303,0xb953e802,0xba002303,
		0xb951e902,0xba002303,0xb94fea02,0xba002303,0xb94deb02,0xba002303,0xb94bec02,0xba002303,0xb949ed02,0xba002303,
		0xb947ee02,0xba002303,0xb945ef02,0xba002303,0xb943f002,0xba002303,0xb941f102,0xba002303,0xb93ff202,0xba002303,
		0xb93df302,0xba002303,0xb93bf402,0xba002303,0xb939f502,0xba002303,0xb937f602,0xba002303,0xb935f702,0xba002303,
		0xb933f802,0xba002303,0xb931f902,0xba002303,0xb92ffa02,0xba002303,0xb92dfb02,0xba002303,0xb92bfc02,0xba002303,
		0xb929fd02,0xba002303,0xb927fe02,0xba002303,0xb925ff02,0xba002303,0xb9470000,0xb9460100,0xb9450200,0xb9440300,
		0xb9430400,0xb9420500,0xb9410600,0xb9400700,0xb93f0800,0xb93e0900,0xb93d0a00,0xb93c0b00,0xb93b0c00,0xb93a0d00,
		0xb9390e00,0xb9380f00,0xb9371000,0xb9361100,0xb9351200,0xb9341300,0xb9331400,0xb9321500,0xb9311600,0xb9301700,
		0xb92f1800,0xb92e1900,0xb92d1a00,0xb92c1b00,0xb92b1c00,0xb92a1d00,0xb9291e00,0xb9281f00,0xb9272000,0xb9262100,
		0xb9252200,0xb9242300,0xb9232400,0xb9222500,0xb9212600,0xb9202700,0xb91f2800,0xb91e2900,0xb91d2a00,0xb91c2b00,
		0xb91b2c00,0xb91a2d00,0xb9192e00,0xb9182f00,0xb9173000,0xb9163100,0xb9153200,0xb9143300,0xb9133400,0xb9123500,
		0xb9113600,0xb9103700,0xb90f3800,0xb90e3900,0xb90d3a00,0xb90c3b00,0xb90b3c00,0xb90a3d00,0xb9093e00,0xb9083f00,
		0xb9074000,0xb9064100,0xb9054200,0xb9044300,0xb9034400,0xb9024500,0xb9014600,0xb9004700,0xb8ff4800,0xb8fe4900,
		0xb8fd4a00,0xb8fc4b00,0xb8fb4c00,0xb8fa4d00,0xb8f94e00,0xb8f84f00,0xb8f75000,0xb8f65100,0xb8f55200,0xb8f45300,
		0xb8f35400,0xb8f25500,0xb8f15600,0xb8f05700,0xb8ef5800,0xb8ee5900,0xb8ed5a00,0xb8ec5b00,0xb8eb5c00,0xb8ea5d00,
		0xb8e95e00,0xb8e85f00,0xb8e76000,0xb8e66100,0xb8e56200,0xb8e46300,0xb8e36400,0xb8e26500,0xb8e16600,0xb8e06700,
		0xb8df6800,0xb8de6900,0xb8dd6a00,0xb8dc6b00,0xb8db6c00,0xb8da6d00,0xb8d96e00,0xb8d86f00,0xb8d77000,0xb8d67100,
		0xb8d57200,0xb8d47300,0xb8d37400,0xb8d27500,0xb8d17600,0xb8d07700,0xb8cf7800,0xb8ce7900,0xb8cd7a00,0xb8cc7b00,
		0xb8cb7c00,0xb8ca7d00,0xb8c97e00,0xb8c87f00,0xb8c78000,0xb8c68100,0xb8c58200,0xb8c48300,0xb8c38400,0xb8c28500,
		0xb8c18600,0xb8c08700,0xb8bf8800,0xb8be8900,0xb8bd8a00,0xb8bc8b00,0xb8bb8c00,0xb8ba8d00,0xb8b98e00,0xb8b88f00,
		0xb8b79000,0xb8b69100,0xb8b59200,0xb8b49300,0xb8b39400,0xb8b29500,0xb8b19600,0xb8b09700,0xb8af9800,0xb8ae9900,
		0xb8ad9a00,0xb8ac9b00,0xb8ab9c00,0xb8aa9d00,0xb8a99e00,0xb8a89f00,0xb8a7a000,0xb8a6a100,0xb8a5a200,0xb8a4a300,
		0xb8a3a400,0xb8a2a500,0xb8a1a600,0xb8a0a700,0xb89fa800,0xb89ea900,0xb89daa00,0xb89cab00,0xb89bac00,0xb89aad00,
		0xb899ae00,0xb898af00,0xb897b000,0xb896b100,0xb895b200,0xb894b300,0xb893b400,0xb892b500,0xb891b600,0xb890b700,
		0xb88fb800,0xb88eb900,0xb88dba00,0xb88cbb00,0xb88bbc00,0xb88abd00,0xb889be00,0xb888bf00,0xb887c000,0xb886c100,
		0xb885c200,0xb884c300,0xb883c400,0xb882c500,0xb881c600,0xb880c700,0xb87fc800,0xb87ec900,0xb87dca00,0xb87ccb00,
		0xb87bcc00,0xb87acd00,0xb879ce00,0xb878cf00,0xb877d000,0xb876d100,0xb875d200,0xb874d300,0xb873d400,0xb872d500,
		0xb871d600,0xb870d700,0xb86fd800,0xb86ed900,0xb86dda00,0xb86cdb00,0xb86bdc00,0xb86add00,0xb869de00,0xb868df00,
		0xb867e000,0xb866e100,0xb865e200,0xb864e300,0xb863e400,0xb862e500,0xb861e600,0xb860e700,0xb85fe800,0xb85ee900,
		0xb85dea00,0xb85ceb00,0xb85bec00,0xb85aed00,0xb859ee00,0xb858ef00,0xb857f000,0xb856f100,0xb855f200,0xb854f300,
		0xb853f400,0xb852f500,0xb851f600,0xb850f700,0xb84ff800,0xb84ef900,0xb84dfa00,0xb84cfb00,0xb84bfc00,0xb84afd00,
		0xb849fe00,0xb848ff00,0xb8090006,0xb8002407,0xb7ff1207,0xb8002407,0xb7fd0907,0xb8002407,0xb7fd1207,0xb8002407,
		0xb8010106,0xb8002407,0xb7fb1207,0xb8002407,0xb7f70907,0xb8002407,0xb7f91207,0xb8002407,0xb7f90206,0xb8002407,
		0xb7f71207,0xb8002407,0xb7f10907,0xb8002407,0xb7f51207,0xb8002407,0xb7f10306,0xb8002407,0xb7f31207,0xb8002407,
		0xb7eb0907,0xb8002407,0xb7f11207,0xb8002407,0xb7e90406,0xb8002407,0xb7ef1207,0xb8002407,0xb7e50907,0xb8002407,
		0xb7ed1207,0xb8002407,0xb7e10506,0xb8002407,0xb7eb1207,0xb8002407,0xb7df0907,0xb8002407,0xb7e91207,0xb8002407,
		0xb7d90606,0xb8002407,0xb7e71207,0xb8002407,0xb7d90907,0xb8002407,0xb7e51207,0xb8002407,0xb7d10706,0xb8002407,
		0xb7e31207,0xb8002407,0xb7d30907,0xb8002407,0xb7e11207,0xb8002407,0xb7c90806,0xb8002407,0xb7df1207,0xb8002407,
		0xb7cd0907,0xb8002407,0xb7dd1207,0xb8002407,0xb7c10906,0xb8002407,0xb7db1207,0xb8002407,0xb7c70907,0xb8002407,
		0xb7d91207,0xb8002407,0xb7b90a06,0xb8002407,0xb7d71207,0xb8002407,0xb7c10907,0xb8002407,0xb7d51207,0xb8002407,
		0xb7b10b06,0xb8002407,0xb7d31207,0xb8002407,0xb7bb0907,0xb8002407,0xb7d11207,0xb8002407,0xb7a90c06,0xb8002407,
		0xb7cf1207,0xb8002407,0xb7b50907,0xb8002407,0xb7cd1207,0xb8002407,0xb7a10d06,0xb8002407,0xb7cb1207,0xb8002407,
		0xb7af0907,0xb8002407,0xb7c91207,0xb8002407,0xb7990e06,0xb8002407,0xb7c71207,0xb8002407,0xb7a90907,0xb8002407,
		0xb7c51207,0xb8002407,0xb7910f06,0xb8002407,0xb7c31207,0xb8002407,0xb7a30907,0xb8002407,0xb7c11207,0xb8002407,
		0xb789f006,0xb8002407,0xb83f1207,0xb8002407,0xb85d0907,0xb8002407,0xb83d1207,0xb8002407,0xb781f106,0xb8002407,
		0xb83b1207,0xb8002407,0xb8570907,0xb8002407,0xb8391207,0xb8002407,0xb779f206,0xb8002407,0xb8371207,0xb8002407,
		0xb8510907,0xb8002407,0xb8351207,0xb8002407,0xb771f306,0xb8002407,0xb8331207,0xb8002407,0xb84b0907,0xb8002407,
		0xb8311207,0xb8002407,0xb769f406,0xb8002407,0xb82f1207,0xb8002407,0xb8450907,0xb8002407,0xb82d1207,0xb8002407,
		0xb761f506,0xb8002407,0xb82b1207,0xb8002407,0xb83f0907,0xb8002407,0xb8291207,0xb8002407,0xb759f606,0xb8002407,
		0xb8271207,0xb8002407,0xb8390907,0xb8002407,0xb8251207,0xb8002407,0xb751f706,0xb8002407,0xb8231207,0xb8002407,
		0xb8330907,0xb8002407,0xb8211207,0xb8002407,0xb749f806,0xb8002407,0xb81f1207,0xb8002407,0xb82d0907,0xb8002407,
		0xb81d1207,0xb8002407,0xb741f906,0xb8002407,0xb81b1207,0xb8002407,0xb8270907,0xb8002407,0xb8191207,0xb8002407,
		0xb739fa06,0xb8002407,0xb8171207,0xb8002407,0xb8210907,0xb8002407,0xb8151207,0xb8002407,0xb731fb06,0xb8002407,
		0xb8131207,0xb8002407,0xb81b0907,0xb8002407,0xb8111207,0xb8002407,0xb729fc06,0xb8002407,0xb80f1207,0xb8002407,
		0xb8150907,0xb8002407,0xb80d1207,0xb8002407,0xb721fd06,0xb8002407,0xb80b1207,0xb8002407,0xb80f0907,0xb8002407,
		0xb8091207,0xb8002407,0xb719fe06,0xb8002407,0xb8071207,0xb8002407,0xb8090907,0xb8002407,0xb8051207,0xb8002407,
		0xb711ff06,0xb8002407,0xb8031207,0xb8002407,0xb8030907,0xb8002407,0xb8011207,0xb8002407,0xb7490000,0xb7480100,
		0xb7470200,0xb7460300,0xb7450400,0xb7440500,0xb7430600,0xb7420700,0xb7410800,0xb7400900,0xb73f0a00,0xb73e0b00,
		0xb73d0c00,0xb73c0d00,0xb73b0e00,0xb73a0f00,0xb7391000,0xb7381100,0xb7371200,0xb7361300,0xb7351400,0xb7341500,
		0xb7331600,0xb7321700,0xb7311800,0xb7301900,0xb72f1a00,0xb72e1b00,0xb72d1c00,0xb72c1d00,0xb72b1e00,0xb72a1f00,
		0xb7292000,0xb7282100,0xb7272200,0xb7262300,0xb7252400,0xb7242500,0xb7232600,0xb7222700,0xb7212800,0xb7202900,
		0xb71f2a00,0xb71e2b00,0xb71d2c00,0xb71c2d00,0xb71b2e00,0xb71a2f00,0xb7193000,0xb7183100,0xb7173200,0xb7163300,
		0xb7153400,0xb7143500,0xb7133600,0xb7123700,0xb7113800,0xb7103900,0xb70f3a00,0xb70e3b00,0xb70d3c00,0xb70c3d00,
		0xb70b3e00,0xb70a3f00,0xb7094000,0xb7084100,0xb7074200,0xb7064300,0xb7054400,0xb7044500,0xb7034600,0xb7024700,
		0xb7014800,0xb7004900,0xb6ff4a00,0xb6fe4b00,0xb6fd4c00,0xb6fc4d00,0xb6fb4e00,0xb6fa4f00,0xb6f95000,0xb6f85100,
		0xb6f75200,0xb6f65300,0xb6f55400,0xb6f45500,0xb6f35600,0xb6f25700,0xb6f15800,0xb6f05900,0xb6ef5a00,0xb6ee5b00,
		0xb6ed5c00,0xb6ec5d00,0xb6eb5e00,0xb6ea5f00,0xb6e96000,0xb6e86100,0xb6e76200,0xb6e66300,0xb6e56400,0xb6e46500,
		0xb6e36600,0xb6e26700,0xb6e16800,0xb6e06900,0xb6df6a00,0xb6de6b00,0xb6dd6c00,0xb6dc6d00,0xb6db6e00,0xb6da6f00,
		0xb6d97000,0xb6d87100,0xb6d77200,0xb6d67300,0xb6d57400,0xb6d47500,0xb6d37600,0xb6d27700,0xb6d17800,0xb6d07900,
		0xb6cf7a00,0xb6ce7b00,0xb6cd7c00,0xb6cc7d00,0xb6cb7e00,0xb6ca7f00,0xb6c98000,0xb6c88100,0xb6c78200,0xb6c68300,
		0xb6c58400,0xb6c48500,0xb6c38600,0xb6c28700,0xb6c18800,0xb6c08900,0xb6bf8a00,0xb6be8b00,0xb6bd8c00,0xb6bc8d00,
		0xb6bb8e00,0xb6ba8f00,0xb6b99000,0xb6b89100,0xb6b79200,0xb6b69300,0xb6b59400,0xb6b49500,0xb6b39600,0xb6b29700,
		0xb6b19800,0xb6b09900,0xb6af9a00,0xb6ae9b00,0xb6ad9c00,0xb6ac9d00,0xb6ab9e00,0xb6aa9f00,0xb6a9a000,0xb6a8a100,
		0xb6a7a200,0xb6a6a300,0xb6a5a400,0xb6a4a500,0xb6a3a600,0xb6a2a700,0xb6a1a800,0xb6a0a900,0xb69faa00,0xb69eab00,
		0xb69dac00,0xb69cad00,0xb69bae00,0xb69aaf00,0xb699b000,0xb698b100,0xb697b200,0xb696b300,0xb695b400,0xb694b500,
		0xb693b600,0xb692b700,0xb691b800,0xb690b900,0xb68fba00,0xb68ebb00,0xb68dbc00,0xb68cbd00,0xb68bbe00,0xb68abf00,
		0xb689c000,0xb688c100,0xb687c200,0xb686c300,0xb685c400,0xb684c500,0xb683c600,0xb682c700,0xb681c800,0xb680c900,
		0xb67fca00,0xb67ecb00,0xb67dcc00,0xb67ccd00,0xb67bce00,0xb67acf00,0xb679d000,0xb678d100,0xb677d200,0xb676d300,
		0xb675d400,0xb674d500,0xb673d600,0xb672d700,0xb671d800,0xb670d900,0xb66fda00,0xb66edb00,0xb66ddc00,0xb66cdd00,
		0xb66bde00,0xb66adf00,0xb669e000,0xb668e100,0xb667e200,0xb666e300,0xb665e400,0xb664e500,0xb663e600,0xb662e700,
		0xb661e800,0xb660e900,0xb65fea00,0xb65eeb00,0xb65dec00,0xb65ced00,0xb65bee00,0xb65aef00,0xb659f000,0xb658f100,
		0xb657f200,0xb656f300,0xb655f400,0xb654f500,0xb653f600,0xb652f700,0xb651f800,0xb650f900,0xb64ffa00,0xb64efb00,
		0xb64dfc00,0xb64cfd00,0xb64bfe00,0xb64aff00,0xb6250002,0xb6002503,0xb6230102,0xb6002503,0xb6210202,0xb6002503,
		0xb61f0302,0xb6002503,0xb61d0402,0xb6002503,0xb61b0502,0xb6002503,0xb6190602,0xb6002503,0xb6170702,0xb6002503,
		0xb6150802,0xb6002503,0xb6130902,0xb6002503,0xb6110a02,0xb6002503,0xb60f0b02,0xb6002503,0xb60d0c02,0xb6002503,
		0xb60b0d02,0xb6002503,0xb6090e02,0xb6002503,0xb6070f02,0xb6002503,0xb6051002,0xb6002503,0xb6031102,0xb6002503,
		0xb6011202,0xb6002503,0xb5ff1302,0xb6002503,0xb5fd1402,0xb6002503,0xb5fb1502,0xb6002503,0xb5f91602,0xb6002503,
		0xb5f71702,0xb6002503,0xb5f51802,0xb6002503,0xb5f31902,0xb6002503,0xb5f11a02,0xb6002503,0xb5ef1b02,0xb6002503,
		0xb5ed1c02,0xb6002503,0xb5eb1d02,0xb6002503,0xb5e91e02,0xb6002503,0xb5e71f02,0xb6002503,0xb5e52002,0xb6002503,
		0xb5e32102,0xb6002503,0xb5e12202,0xb6002503,0xb5df2302,0xb6002503,0xb5dd2402,0xb6002503,0xb5db2502,0xb6002503,
		0xb5d92602,0xb6002503,0xb5d72702,0xb6002503,0xb5d52802,0xb6002503,0xb5d32902,0xb6002503,0xb5d12a02,0xb6002503,
		0xb5cf2b02,0xb6002503,0xb5cd2c02,0xb6002503,0xb5cb2d02,0xb6002503,0xb5c92e02,0xb6002503,0xb5c72f02,0xb6002503,
		0xb5c53002,0xb6002503,0xb5c33102,0xb6002503,0xb5c13202,0xb6002503,0xb5bf3302,0xb6002503,0xb5bd3402,0xb6002503,
		0xb5bb3502,0xb6002503,0xb5b93602,0xb6002503,0xb5b73702,0xb6002503,0xb5b53802,0xb6002503,0xb5b33902,0xb6002503,
		0xb5b13a02,0xb6002503,0xb5af3b02,0xb6002503,0xb5ad3c02,0xb6002503,0xb5ab3d02,0xb6002503,0xb5a93e02,0xb6002503,
		0xb5a73f02,0xb6002503,0xb5a5c002,0xb6002503,0xb5a3c102,0xb6002503,0xb5a1c202,0xb6002503,0xb59fc302,0xb6002503,
		0xb59dc402,0xb6002503,0xb59bc502,0xb6002503,0xb599c602,0xb6002503,0xb597c702,0xb6002503,0xb595c802,0xb6002503,
		0xb593c902,0xb6002503,0xb591ca02,0xb6002503,0xb58fcb02,0xb6002503,0xb58dcc02,0xb6002503,0xb58bcd02,0xb6002503,
		0xb589ce02,0xb6002503,0xb587cf02,0xb6002503,0xb585d002,0xb6002503,0xb583d102,0xb6002503,0xb581d202,0xb6002503,
		0xb57fd302,0xb6002503,0xb57dd402,0xb6002503,0xb57bd502,0xb6002503,0xb579d602,0xb6002503,0xb577d702,0xb6002503,
		0xb575d802,0xb6002503,0xb573d902,0xb6002503,0xb571da02,0xb6002503,0xb56fdb02,0xb6002503,0xb56ddc02,0xb6002503,
		0xb56bdd02,0xb6002503,0xb569de02,0xb6002503,0xb567df02,0xb6002503,0xb565e002,0xb6002503,0xb563e102,0xb6002503,
		0xb561e202,0xb6002503,0xb55fe302,0xb6002503,0xb55de402,0xb6002503,0xb55be502,0xb6002503,0xb559e602,0xb6002503,
		0xb557e702,0xb6002503,0xb555e802,0xb6002503,0xb553e902,0xb6002503,0xb551ea02,0xb6002503,0xb54feb02,0xb6002503,
		0xb54dec02,0xb6002503,0xb54bed02,0xb6002503,0xb549ee02,0xb6002503,0xb547ef02,0xb6002503,0xb545f002,0xb6002503,
		0xb543f102,0xb6002503,0xb541f202,0xb6002503,0xb53ff302,0xb6002503,0xb53df402,0xb6002503,0xb53bf502,0xb6002503,
		0xb539f602,0xb6002503,0xb537f702,0xb6002503,0xb535f802,0xb6002503,0xb533f902,0xb6002503,0xb531fa02,0xb6002503,
		0xb52ffb02,0xb6002503,0xb52dfc02,0xb6002503,0xb52bfd02,0xb6002503,0xb529fe02,0xb6002503,0xb527ff02,0xb6002503,
		0xb54b0000,0xb54a0100,0xb5490200,0xb5480300,0xb5470400,0xb5460500,0xb5450600,0xb5440700,0xb5430800,0xb5420900,
		0xb5410a00,0xb5400b00,0xb53f0c00,0xb53e0d00,0xb53d0e00,0xb53c0f00,0xb53b1000,0xb53a1100,0xb5391200,0xb5381300,
		0xb5371400,0xb5361500,0xb5351600,0xb5341700,0xb5331800,0xb5321900,0xb5311a00,0xb5301b00,0xb52f1c00,0xb52e1d00,
		0xb52d1e00,0xb52c1f00,0xb52b2000,0xb52a2100,0xb5292200,0xb5282300,0xb5272400,0xb5262500,0xb5252600,0xb5242700,
		0xb5232800,0xb5222900,0xb5212a00,0xb5202b00,0xb51f2c00,0xb51e2d00,0xb51d2e00,0xb51c2f00,0xb51b3000,0xb51a3100,
		0xb5193200,0xb5183300,0xb5173400,0xb5163500,0xb5153600,0xb5143700,0xb5133800,0xb5123900,0xb5113a00,0xb5103b00,
		0xb50f3c00,0xb50e3d00,0xb50d3e00,0xb50c3f00,0xb50b4000,0xb50a4100,0xb5094200,0xb5084300,0xb5074400,0xb5064500,
		0xb5054600,0xb5044700,0xb5034800,0xb5024900,0xb5014a00,0xb5004b00,0xb4ff4c00,0xb4fe4d00,0xb4fd4e00,0xb4fc4f00,
		0xb4fb5000,0xb4fa5100,0xb4f95200,0xb4f85300,0xb4f75400,0xb4f65500,0xb4f55600,0xb4f45700,0xb4f35800,0xb4f25900,
		0xb4f15a00,0xb4f05b00,0xb4ef5c00,0xb4ee5d00,0xb4ed5e00,0xb4ec5f00,0xb4eb6000,0xb4ea6100,0xb4e96200,0xb4e86300,
		0xb4e76400,0xb4e66500,0xb4e56600,0xb4e46700,0xb4e36800,0xb4e26900,0xb4e16a00,0xb4e06b00,0xb4df6c00,0xb4de6d00,
		0xb4dd6e00,0xb4dc6f00,0xb4db7000,0xb4da7100,0xb4d97200,0xb4d87300,0xb4d77400,0xb4d67500,0xb4d57600,0xb4d47700,
		0xb4d37800,0xb4d27900,0xb4d17a00,0xb4d07b00,0xb4cf7c00,0xb4ce7d00,0xb4cd7e00,0xb4cc7f00,0xb4cb8000,0xb4ca8100,
		0xb4c98200,0xb4c88300,0xb4c78400,0xb4c68500,0xb4c58600,0xb4c48700,0xb4c38800,0xb4c28900,0xb4c18a00,0xb4c08b00,
		0xb4bf8c00,0xb4be8d00,0xb4bd8e00,0xb4bc8f00,0xb4bb9000,0xb4ba9100,0xb4b99200,0xb4b89300,0xb4b79400,0xb4b69500,
		0xb4b59600,0xb4b49700,0xb4b39800,0xb4b29900,0xb4b19a00,0xb4b09b00,0xb4af9c00,0xb4ae9d00,0xb4ad9e00,0xb4ac9f00,
		0xb4aba000,0xb4aaa100,0xb4a9a200,0xb4a8a300,0xb4a7a400,0xb4a6a500,0xb4a5a600,0xb4a4a700,0xb4a3a800,0xb4a2a900,
		0xb4a1aa00,0xb4a0ab00,0xb49fac00,0xb49ead00,0xb49dae00,0xb49caf00,0xb49bb000,0xb49ab100,0xb499b200,0xb498b300,
		0xb497b400,0xb496b500,0xb495b600,0xb494b700,0xb493b800,0xb492b900,0xb491ba00,0xb490bb00,0xb48fbc00,0xb48ebd00,
		0xb48dbe00,0xb48cbf00,0xb48bc000,0xb48ac100,0xb489c200,0xb488c300,0xb487c400,0xb486c500,0xb485c600,0xb484c700,
		0xb483c800,0xb482c900,0xb481ca00,0xb480cb00,0xb47fcc00,0xb47ecd00,0xb47dce00,0xb47ccf00,0xb47bd000,0xb47ad100,
		0xb479d200,0xb478d300,0xb477d400,0xb476d500,0xb475d600,0xb474d700,0xb473d800,0xb472d900,0xb471da00,0xb470db00,
		0xb46fdc00,0xb46edd00,0xb46dde00,0xb46cdf00,0xb46be000,0xb46ae100,0xb469e200,0xb468e300,0xb467e400,0xb466e500,
		0xb465e600,0xb464e700,0xb463e800,0xb462e900,0xb461ea00,0xb460eb00,0xb45fec00,0xb45eed00,0xb45dee00,0xb45cef00,
		0xb45bf000,0xb45af100,0xb459f200,0xb458f300,0xb457f400,0xb456f500,0xb455f600,0xb454f700,0xb453f800,0xb452f900,
		0xb451fa00,0xb450fb00,0xb44ffc00,0xb44efd00,0xb44dfe00,0xb44cff00,0xb4130004,0xb4002605,0xb3ff1305,0xb4002605,
		0xb40f0104,0xb4002605,0xb3fd1305,0xb4002605,0xb40b0204,0xb4002605,0xb3fb1305,0xb4002605,0xb4070304,0xb4002605,
		0xb3f91305,0xb4002605,0xb4030404,0xb4002605,0xb3f71305,0xb4002605,0xb3ff0504,0xb4002605,0xb3f51305,0xb4002605,
		0xb3fb0604,0xb4002605,0xb3f31305,0xb4002605,0xb3f70704,0xb4002605,0xb3f11305,0xb4002605,0xb3f30804,0xb4002605,
		0xb3ef1305,0xb4002605,0xb3ef0904,0xb4002605,0xb3ed1305,0xb4002605,0xb3eb0a04,0xb4002605,0xb3eb1305,0xb4002605,
		0xb3e70b04,0xb4002605,0xb3e91305,0xb4002605,0xb3e30c04,0xb4002605,0xb3e71305,0xb4002605,0xb3df0d04,0xb4002605,
		0xb3e51305,0xb4002605,0xb3db0e04,0xb4002605,0xb3e31305,0xb4002605,0xb3d70f04,0xb4002605,0xb3e11305,0xb4002605,
		0xb3d31004,0xb4002605,0xb3df1305,0xb4002605,0xb3cf1104,0xb4002605,0xb3dd1305,0xb4002605,0xb3cb1204,0xb4002605,
		0xb3db1305,0xb4002605,0xb3c71304,0xb4002605,0xb3d91305,0xb4002605,0xb3c31404,0xb4002605,0xb3d71305,0xb4002605,
		0xb3bf1504,0xb4002605,0xb3d51305,0xb4002605,0xb3bb1604,0xb4002605,0xb3d31305,0xb4002605,0xb3b71704,0xb4002605,
		0xb3d11305,0xb4002605,0xb3b31804,0xb4002605,0xb3cf1305,0xb4002605,0xb3af1904,0xb4002605,0xb3cd1305,0xb4002605,
		0xb3ab1a04,0xb4002605,0xb3cb1305,0xb4002605,0xb3a71b04,0xb4002605,0xb3c91305,0xb4002605,0xb3a31c04,0xb4002605,
		0xb3c71305,0xb4002605,0xb39f1d04,0xb4002605,0xb3c51305,0xb4002605,0xb39b1e04,0xb4002605,0xb3c31305,0xb4002605,
		0xb3971f04,0xb4002605,0xb3c11305,0xb4002605,0xb393e004,0xb4002605,0xb43f1305,0xb4002605,0xb38fe104,0xb4002605,
		0xb43d1305,0xb4002605,0xb38be204,0xb4002605,0xb43b1305,0xb4002605,0xb387e304,0xb4002605,0xb4391305,0xb4002605,
		0xb383e404,0xb4002605,0xb4371305,0xb4002605,0xb37fe504,0xb4002605,0xb4351305,0xb4002605,0xb37be604,0xb4002605,
		0xb4331305,0xb4002605,0xb377e704,0xb4002605,0xb4311305,0xb4002605,0xb373e804,0xb4002605,0xb42f1305,0xb4002605,
		0xb36fe904,0xb4002605,0xb42d1305,0xb4002605,0xb36bea04,0xb4002605,0xb42b1305,0xb4002605,0xb367eb04,0xb4002605,
		0xb4291305,0xb4002605,0xb363ec04,0xb4002605,0xb4271305,0xb4002605,0xb35fed04,0xb4002605,0xb4251305,0xb4002605,
		0xb35bee04,0xb4002605,0xb4231305,0xb4002605,0xb357ef04,0xb4002605,0xb4211305,0xb4002605,0xb353f004,0xb4002605,
		0xb41f1305,0xb4002605,0xb34ff104,0xb4002605,0xb41d1305,0xb4002605,0xb34bf204,0xb4002605,0xb41b1305,0xb4002605,
		0xb347f304,0xb4002605,0xb4191305,0xb4002605,0xb343f404,0xb4002605,0xb4171305,0xb4002605,0xb33ff504,0xb4002605,
		0xb4151305,0xb4002605,0xb33bf604,0xb4002605,0xb4131305,0xb4002605,0xb337f704,0xb4002605,0xb4111305,0xb4002605,
		0xb333f804,0xb4002605,0xb40f1305,0xb4002605,0xb32ff904,0xb4002605,0xb40d1305,0xb4002605,0xb32bfa04,0xb4002605,
		0xb40b1305,0xb4002605,0xb327fb04,0xb4002605,0xb4091305,0xb4002605,0xb323fc04,0xb4002605,0xb4071305,0xb4002605,
		0xb31ffd04,0xb4002605,0xb4051305,0xb4002605,0xb31bfe04,0xb4002605,0xb4031305,0xb4002605,0xb317ff04,0xb4002605,
		0xb4011305,0xb4002605,0xb34d0000,0xb34c0100,0xb34b0200,0xb34a0300,0xb3490400,0xb3480500,0xb3470600,0xb3460700,
		0xb3450800,0xb3440900,0xb3430a00,0xb3420b00,0xb3410c00,0xb3400d00,0xb33f0e00,0xb33e0f00,0xb33d1000,0xb33c1100,
		0xb33b1200,0xb33a1300,0xb3391400,0xb3381500,0xb3371600,0xb3361700,0xb3351800,0xb3341900,0xb3331a00,0xb3321b00,
		0xb3311c00,0xb3301d00,0xb32f1e00,0xb32e1f00,0xb32d2000,0xb32c2100,0xb32b2200,0xb32a2300,0xb3292400,0xb3282500,
		0xb3272600,0xb3262700,0xb3252800,0xb3242900,0xb3232a00,0xb3222b00,0xb3212c00,0xb3202d00,0xb31f2e00,0xb31e2f00,
		0xb31d3000,0xb31c3100,0xb31b3200,0xb31a3300,0xb3193400,0xb3183500,0xb3173600,0xb3163700,0xb3153800,0xb3143900,
		0xb3133a00,0xb3123b00,0xb3113c00,0xb3103d00,0xb30f3e00,0xb30e3f00,0xb30d4000,0xb30c4100,0xb30b4200,0xb30a4300,
		0xb3094400,0xb3084500,0xb3074600,0xb3064700,0xb3054800,0xb3044900,0xb3034a00,0xb3024b00,0xb3014c00,0xb3004d00,
		0xb2ff4e00,0xb2fe4f00,0xb2fd5000,0xb2fc5100,0xb2fb5200,0xb2fa5300,0xb2f95400,0xb2f85500,0xb2f75600,0xb2f65700,
		0xb2f55800,0xb2f45900,0xb2f35a00,0xb2f25b00,0xb2f15c00,0xb2f05d00,0xb2ef5e00,0xb2ee5f00,0xb2ed6000,0xb2ec6100,
		0xb2eb6200,0xb2ea6300,0xb2e96400,0xb2e86500,0xb2e76600,0xb2e66700,0xb2e56800,0xb2e46900,0xb2e36a00,0xb2e26b00,
		0xb2e16c00,0xb2e06d00,0xb2df6e00,0xb2de6f00,0xb2dd7000,0xb2dc7100,0xb2db7200,0xb2da7300,0xb2d97400,0xb2d87500,
		0xb2d77600,0xb2d67700,0xb2d57800,0xb2d47900,0xb2d37a00,0xb2d27b00,0xb2d17c00,0xb2d07d00,0xb2cf7e00,0xb2ce7f00,
		0xb2cd8000,0xb2cc8100,0xb2cb8200,0xb2ca8300,0xb2c98400,0xb2c88500,0xb2c78600,0xb2c68700,0xb2c58800,0xb2c48900,
		0xb2c38a00,0xb2c28b00,0xb2c18c00,0xb2c08d00,0xb2bf8e00,0xb2be8f00,0xb2bd9000,0xb2bc9100,0xb2bb9200,0xb2ba9300,
		0xb2b99400,0xb2b89500,0xb2b79600,0xb2b69700,0xb2b59800,0xb2b49900,0xb2b39a00,0xb2b29b00,0xb2b19c00,0xb2b09d00,
		0xb2af9e00,0xb2ae9f00,0xb2ada000,0xb2aca100,0xb2aba200,0xb2aaa300,0xb2a9a400,0xb2a8a500,0xb2a7a600,0xb2a6a700,
		0xb2a5a800,0xb2a4a900,0xb2a3aa00,0xb2a2ab00,0xb2a1ac00,0xb2a0ad00,0xb29fae00,0xb29eaf00,0xb29db000,0xb29cb100,
		0xb29bb200,0xb29ab300,0xb299b400,0xb298b500,0xb297b600,0xb296b700,0xb295b800,0xb294b900,0xb293ba00,0xb292bb00,
		0xb291bc00,0xb290bd00,0xb28fbe00,0xb28ebf00,0xb28dc000,0xb28cc100,0xb28bc200,0xb28ac300,0xb289c400,0xb288c500,
		0xb287c600,0xb286c700,0xb285c800,0xb284c900,0xb283ca00,0xb282cb00,0xb281cc00,0xb280cd00,0xb27fce00,0xb27ecf00,
		0xb27dd000,0xb27cd100,0xb27bd200,0xb27ad300,0xb279d400,0xb278d500,0xb277d600,0xb276d700,0xb275d800,0xb274d900,
		0xb273da00,0xb272db00,0xb271dc00,0xb270dd00,0xb26fde00,0xb26edf00,0xb26de000,0xb26ce100,0xb26be200,0xb26ae300,
		0xb269e400,0xb268e500,0xb267e600,0xb266e700,0xb265e800,0xb264e900,0xb263ea00,0xb262eb00,0xb261ec00,0xb260ed00,
		0xb25fee00,0xb25eef00,0xb25df000,0xb25cf100,0xb25bf200,0xb25af300,0xb259f400,0xb258f500,0xb257f600,0xb256f700,
		0xb255f800,0xb254f900,0xb253fa00,0xb252fb00,0xb251fc00,0xb250fd00,0xb24ffe00,0xb24eff00,0xb2270002,0xb2002703,
		0xb2250102,0xb2002703,0xb2230202,0xb2002703,0xb2210302,0xb2002703,0xb21f0402,0xb2002703,0xb21d0502,0xb2002703,
		0xb21b0602,0xb2002703,0xb2190702,0xb2002703,0xb2170802,0xb2002703,0xb2150902,0xb2002703,0xb2130a02,0xb2002703,
		0xb2110b02,0xb2002703,0xb20f0c02,0xb2002703,0xb20d0d02,0xb2002703,0xb20b0e02,0xb2002703,0xb2090f02,0xb2002703,
		0xb2071002,0xb2002703,0xb2051102,0xb2002703,0xb2031202,0xb2002703,0xb2011302,0xb2002703,0xb1ff1402,0xb2002703,
		0xb1fd1502,0xb2002703,0xb1fb1602,0xb2002703,0xb1f91702,0xb2002703,0xb1f71802,0xb2002703,0xb1f51902,0xb2002703,
		0xb1f31a02,0xb2002703,0xb1f11b02,0xb2002703,0xb1ef1c02,0xb2002703,0xb1ed1d02,0xb2002703,0xb1eb1e02,0xb2002703,
		0xb1e91f02,0xb2002703,0xb1e72002,0xb2002703,0xb1e52102,0xb2002703,0xb1e32202,0xb2002703,0xb1e12302,0xb2002703,
		0xb1df2402,0xb2002703,0xb1dd2502,0xb2002703,0xb1db2602,0xb2002703,0xb1d92702,0xb2002703,0xb1d72802,0xb2002703,
		0xb1d52902,0xb2002703,0xb1d32a02,0xb2002703,0xb1d12b02,0xb2002703,0xb1cf2c02,0xb2002703,0xb1cd2d02,0xb2002703,
		0xb1cb2e02,0xb2002703,0xb1c92f02,0xb2002703,0xb1c73002,0xb2002703,0xb1c53102,0xb2002703,0xb1c33202,0xb2002703,
		0xb1c13302,0xb2002703,0xb1bf3402,0xb2002703,0xb1bd3502,0xb2002703,0xb1bb3602,0xb2002703,0xb1b93702,0xb2002703,
		0xb1b73802,0xb2002703,0xb1b53902,0xb2002703,0xb1b33a02,0xb2002703,0xb1b13b02,0xb2002703,0xb1af3c02,0xb2002703,
		0xb1ad3d02,0xb2002703,0xb1ab3e02,0xb2002703,0xb1a93f02,0xb2002703,0xb1a7c002,0xb2002703,0xb1a5c102,0xb2002703,
		0xb1a3c202,0xb2002703,0xb1a1c302,0xb2002703,0xb19fc402,0xb2002703,0xb19dc502,0xb2002703,0xb19bc602,0xb2002703,
		0xb199c702,0xb2002703,0xb197c802,0xb2002703,0xb195c902,0xb2002703,0xb193ca02,0xb2002703,0xb191cb02,0xb2002703,
		0xb18fcc02,0xb2002703,0xb18dcd02,0xb2002703,0xb18bce02,0xb2002703,0xb189cf02,0xb2002703,0xb187d002,0xb2002703,
		0xb185d102,0xb2002703,0xb183d202,0xb2002703,0xb181d302,0xb2002703,0xb17fd402,0xb2002703,0xb17dd502,0xb2002703,
		0xb17bd602,0xb2002703,0xb179d702,0xb2002703,0xb177d802,0xb2002703,0xb175d902,0xb2002703,0xb173da02,0xb2002703,
		0xb171db02,0xb2002703,0xb16fdc02,0xb2002703,0xb16ddd02,0xb2002703,0xb16bde02,0xb2002703,0xb169df02,0xb2002703,
		0xb167e002,0xb2002703,0xb165e102,0xb2002703,0xb163e202,0xb2002703,0xb161e302,0xb2002703,0xb15fe402,0xb2002703,
		0xb15de502,0xb2002703,0xb15be602,0xb2002703,0xb159e702,0xb2002703,0xb157e802,0xb2002703,0xb155e902,0xb2002703,
		0xb153ea02,0xb2002703,0xb151eb02,0xb2002703,0xb14fec02,0xb2002703,0xb14ded02,0xb2002703,0xb14bee02,0xb2002703,
		0xb149ef02,0xb2002703,0xb147f002,0xb2002703,0xb145f102,0xb2002703,0xb143f202,0xb2002703,0xb141f302,0xb2002703,
		0xb13ff402,0xb2002703,0xb13df502,0xb2002703,0xb13bf602,0xb2002703,0xb139f702,0xb2002703,0xb137f802,0xb2002703,
		0xb135f902,0xb2002703,0xb133fa02,0xb2002703,0xb131fb02,0xb2002703,0xb12ffc02,0xb2002703,0xb12dfd02,0xb2002703,
		0xb12bfe02,0xb2002703,0xb129ff02,0xb2002703,0xb14f0000,0xb14e0100,0xb14d0200,0xb14c0300,0xb14b0400,0xb14a0500,
		0xb1490600,0xb1480700,0xb1470800,0xb1460900,0xb1450a00,0xb1440b00,0xb1430c00,0xb1420d00,0xb1410e00,0xb1400f00,
		0xb13f1000,0xb13e1100,0xb13d1200,0xb13c1300,0xb13b1400,0xb13a1500,0xb1391600,0xb1381700,0xb1371800,0xb1361900,
		0xb1351a00,0xb1341b00,0xb1331c00,0xb1321d00,0xb1311e00,0xb1301f00,0xb12f2000,0xb12e2100,0xb12d2200,0xb12c2300,
		0xb12b2400,0xb12a2500,0xb1292600,0xb1282700,0xb1272800,0xb1262900,0xb1252a00,0xb1242b00,0xb1232c00,0xb1222d00,
		0xb1212e00,0xb1202f00,0xb11f3000,0xb11e3100,0xb11d3200,0xb11c3300,0xb11b3400,0xb11a3500,0xb1193600,0xb1183700,
		0xb1173800,0xb1163900,0xb1153a00,0xb1143b00,0xb1133c00,0xb1123d00,0xb1113e00,0xb1103f00,0xb10f4000,0xb10e4100,
		0xb10d4200,0xb10c4300,0xb10b4400,0xb10a4500,0xb1094600,0xb1084700,0xb1074800,0xb1064900,0xb1054a00,0xb1044b00,
		0xb1034c00,0xb1024d00,0xb1014e00,0xb1004f00,0xb0ff5000,0xb0fe5100,0xb0fd5200,0xb0fc5300,0xb0fb5400,0xb0fa5500,
		0xb0f95600,0xb0f85700,0xb0f75800,0xb0f65900,0xb0f55a00,0xb0f45b00,0xb0f35c00,0xb0f25d00,0xb0f15e00,0xb0f05f00,
		0xb0ef6000,0xb0ee6100,0xb0ed6200,0xb0ec6300,0xb0eb6400,0xb0ea6500,0xb0e96600,0xb0e86700,0xb0e76800,0xb0e66900,
		0xb0e56a00,0xb0e46b00,0xb0e36c00,0xb0e26d00,0xb0e16e00,0xb0e06f00,0xb0df7000,0xb0de7100,0xb0dd7200,0xb0dc7300,
		0xb0db7400,0xb0da7500,0xb0d97600,0xb0d87700,0xb0d77800,0xb0d67900,0xb0d57a00,0xb0d47b00,0xb0d37c00,0xb0d27d00,
		0xb0d17e00,0xb0d07f00,0xb0cf8000,0xb0ce8100,0xb0cd8200,0xb0cc8300,0xb0cb8400,0xb0ca8500,0xb0c98600,0xb0c88700,
		0xb0c78800,0xb0c68900,0xb0c58a00,0xb0c48b00,0xb0c38c00,0xb0c28d00,0xb0c18e00,0xb0c08f00,0xb0bf9000,0xb0be9100,
		0xb0bd9200,0xb0bc9300,0xb0bb9400,0xb0ba9500,0xb0b99600,0xb0b89700,0xb0b79800,0xb0b69900,0xb0b59a00,0xb0b49b00,
		0xb0b39c00,0xb0b29d00,0xb0b19e00,0xb0b09f00,0xb0afa000,0xb0aea100,0xb0ada200,0xb0aca300,0xb0aba400,0xb0aaa500,
		0xb0a9a600,0xb0a8a700,0xb0a7a800,0xb0a6a900,0xb0a5aa00,0xb0a4ab00,0xb0a3ac00,0xb0a2ad00,0xb0a1ae00,0xb0a0af00,
		0xb09fb000,0xb09eb100,0xb09db200,0xb09cb300,0xb09bb400,0xb09ab500,0xb099b600,0xb098b700,0xb097b800,0xb096b900,
		0xb095ba00,0xb094bb00,0xb093bc00,0xb092bd00,0xb091be00,0xb090bf00,0xb08fc000,0xb08ec100,0xb08dc200,0xb08cc300,
		0xb08bc400,0xb08ac500,0xb089c600,0xb088c700,0xb087c800,0xb086c900,0xb085ca00,0xb084cb00,0xb083cc00,0xb082cd00,
		0xb081ce00,0xb080cf00,0xb07fd000,0xb07ed100,0xb07dd200,0xb07cd300,0xb07bd400,0xb07ad500,0xb079d600,0xb078d700,
		0xb077d800,0xb076d900,0xb075da00,0xb074db00,0xb073dc00,0xb072dd00,0xb071de00,0xb070df00,0xb06fe000,0xb06ee100,
		0xb06de200,0xb06ce300,0xb06be400,0xb06ae500,0xb069e600,0xb068e700,0xb067e800,0xb066e900,0xb065ea00,0xb064eb00,
		0xb063ec00,0xb062ed00,0xb061ee00,0xb060ef00,0xb05ff000,0xb05ef100,0xb05df200,0xb05cf300,0xb05bf400,0xb05af500,
		0xb059f600,0xb058f700,0xb057f800,0xb056f900,0xb055fa00,0xb054fb00,0xb053fc00,0xb052fd00,0xb051fe00,0xb050ff00,
		0xb0050008,0xb0002809,0xafff1409,0xb0002809,0xaffd0a09,0xb0002809,0xaffd1409,0xb0002809,0xaff90509,0xb0002809,
		0xaffb1409,0xb0002809,0xaff70a09,0xb0002809,0xaff91409,0xb0002809,0xaff50108,0xb0002809,0xaff71409,0xb0002809,
		0xaff10a09,0xb0002809,0xaff51409,0xb0002809,0xafeb0509,0xb0002809,0xaff31409,0xb0002809,0xafeb0a09,0xb0002809,
		0xaff11409,0xb0002809,0xafe50208,0xb0002809,0xafef1409,0xb0002809,0xafe50a09,0xb0002809,0xafed1409,0xb0002809,
		0xafdd0509,0xb0002809,0xafeb1409,0xb0002809,0xafdf0a09,0xb0002809,0xafe91409,0xb0002809,0xafd50308,0xb0002809,
		0xafe71409,0xb0002809,0xafd90a09,0xb0002809,0xafe51409,0xb0002809,0xafcf0509,0xb0002809,0xafe31409,0xb0002809,
		0xafd30a09,0xb0002809,0xafe11409,0xb0002809,0xafc50408,0xb0002809,0xafdf1409,0xb0002809,0xafcd0a09,0xb0002809,
		0xafdd1409,0xb0002809,0xafc10509,0xb0002809,0xafdb1409,0xb0002809,0xafc70a09,0xb0002809,0xafd91409,0xb0002809,
		0xafb50508,0xb0002809,0xafd71409,0xb0002809,0xafc10a09,0xb0002809,0xafd51409,0xb0002809,0xafb30509,0xb0002809,
		0xafd31409,0xb0002809,0xafbb0a09,0xb0002809,0xafd11409,0xb0002809,0xafa50608,0xb0002809,0xafcf1409,0xb0002809,
		0xafb50a09,0xb0002809,0xafcd1409,0xb0002809,0xafa50509,0xb0002809,0xafcb1409,0xb0002809,0xafaf0a09,0xb0002809,
		0xafc91409,0xb0002809,0xaf950708,0xb0002809,0xafc71409,0xb0002809,0xafa90a09,0xb0002809,0xafc51409,0xb0002809,
		0xaf970509,0xb0002809,0xafc31409,0xb0002809,0xafa30a09,0xb0002809,0xafc11409,0xb0002809,0xaf85f808,0xb0002809,
		0xb03f1409,0xb0002809,0xb05d0a09,0xb0002809,0xb03d1409,0xb0002809,0xb0690509,0xb0002809,0xb03b1409,0xb0002809,
		0xb0570a09,0xb0002809,0xb0391409,0xb0002809,0xaf75f908,0xb0002809,0xb0371409,0xb0002809,0xb0510a09,0xb0002809,
		0xb0351409,0xb0002809,0xb05b0509,0xb0002809,0xb0331409,0xb0002809,0xb04b0a09,0xb0002809,0xb0311409,0xb0002809,
		0xaf65fa08,0xb0002809,0xb02f1409,0xb0002809,0xb0450a09,0xb0002809,0xb02d1409,0xb0002809,0xb04d0509,0xb0002809,
		0xb02b1409,0xb0002809,0xb03f0a09,0xb0002809,0xb0291409,0xb0002809,0xaf55fb08,0xb0002809,0xb0271409,0xb0002809,
		0xb0390a09,0xb0002809,0xb0251409,0xb0002809,0xb03f0509,0xb0002809,0xb0231409,0xb0002809,0xb0330a09,0xb0002809,
		0xb0211409,0xb0002809,0xaf45fc08,0xb0002809,0xb01f1409,0xb0002809,0xb02d0a09,0xb0002809,0xb01d1409,0xb0002809,
		0xb0310509,0xb0002809,0xb01b1409,0xb0002809,0xb0270a09,0xb0002809,0xb0191409,0xb0002809,0xaf35fd08,0xb0002809,
		0xb0171409,0xb0002809,0xb0210a09,0xb0002809,0xb0151409,0xb0002809,0xb0230509,0xb0002809,0xb0131409,0xb0002809,
		0xb01b0a09,0xb0002809,0xb0111409,0xb0002809,0xaf25fe08,0xb0002809,0xb00f1409,0xb0002809,0xb0150a09,0xb0002809,
		0xb00d1409,0xb0002809,0xb0150509,0xb0002809,0xb00b1409,0xb0002809,0xb00f0a09,0xb0002809,0xb0091409,0xb0002809,
		0xaf15ff08,0xb0002809,0xb0071409,0xb0002809,0xb0090a09,0xb0002809,0xb0051409,0xb0002809,0xb0070509,0xb0002809,
		0xb0031409,0xb0002809,0xb0030a09,0xb0002809,0xb0011409,0xb0002809,0xaf510000,0xaf500100,0xaf4f0200,0xaf4e0300,
		0xaf4d0400,0xaf4c0500,0xaf4b0600,0xaf4a0700,0xaf490800,0xaf480900,0xaf470a00,0xaf460b00,0xaf450c00,0xaf440d00,
		0xaf430e00,0xaf420f00,0xaf411000,0xaf401100,0xaf3f1200,0xaf3e1300,0xaf3d1400,0xaf3c1500,0xaf3b1600,0xaf3a1700,
		0xaf391800,0xaf381900,0xaf371a00,0xaf361b00,0xaf351c00,0xaf341d00,0xaf331e00,0xaf321f00,0xaf312000,0xaf302100,
		0xaf2f2200,0xaf2e2300,0xaf2d2400,0xaf2c2500,0xaf2b2600,0xaf2a2700,0xaf292800,0xaf282900,0xaf272a00,0xaf262b00,
		0xaf252c00,0xaf242d00,0xaf232e00,0xaf222f00,0xaf213000,0xaf203100,0xaf1f3200,0xaf1e3300,0xaf1d3400,0xaf1c3500,
		0xaf1b3600,0xaf1a3700,0xaf193800,0xaf183900,0xaf173a00,0xaf163b00,0xaf153c00,0xaf143d00,0xaf133e00,0xaf123f00,
		0xaf114000,0xaf104100,0xaf0f4200,0xaf0e4300,0xaf0d4400,0xaf0c4500,0xaf0b4600,0xaf0a4700,0xaf094800,0xaf084900,
		0xaf074a00,0xaf064b00,0xaf054c00,0xaf044d00,0xaf034e00,0xaf024f00,0xaf015000,0xaf005100,0xaeff5200,0xaefe5300,
		0xaefd5400,0xaefc5500,0xaefb5600,0xaefa5700,0xaef95800,0xaef85900,0xaef75a00,0xaef65b00,0xaef55c00,0xaef45d00,
		0xaef35e00,0xaef25f00,0xaef16000,0xaef06100,0xaeef6200,0xaeee6300,0xaeed6400,0xaeec6500,0xaeeb6600,0xaeea6700,
		0xaee96800,0xaee86900,0xaee76a00,0xaee66b00,0xaee56c00,0xaee46d00,0xaee36e00,0xaee26f00,0xaee17000,0xaee07100,
		0xaedf7200,0xaede7300,0xaedd7400,0xaedc7500,0xaedb7600,0xaeda7700,0xaed97800,0xaed87900,0xaed77a00,0xaed67b00,
		0xaed57c00,0xaed47d00,0xaed37e00,0xaed27f00,0xaed18000,0xaed08100,0xaecf8200,0xaece8300,0xaecd8400,0xaecc8500,
		0xaecb8600,0xaeca8700,0xaec98800,0xaec88900,0xaec78a00,0xaec68b00,0xaec58c00,0xaec48d00,0xaec38e00,0xaec28f00,
		0xaec19000,0xaec09100,0xaebf9200,0xaebe9300,0xaebd9400,0xaebc9500,0xaebb9600,0xaeba9700,0xaeb99800,0xaeb89900,
		0xaeb79a00,0xaeb69b00,0xaeb59c00,0xaeb49d00,0xaeb39e00,0xaeb29f00,0xaeb1a000,0xaeb0a100,0xaeafa200,0xaeaea300,
		0xaeada400,0xaeaca500,0xaeaba600,0xaeaaa700,0xaea9a800,0xaea8a900,0xaea7aa00,0xaea6ab00,0xaea5ac00,0xaea4ad00,
		0xaea3ae00,0xaea2af00,0xaea1b000,0xaea0b100,0xae9fb200,0xae9eb300,0xae9db400,0xae9cb500,0xae9bb600,0xae9ab700,
		0xae99b800,0xae98b900,0xae97ba00,0xae96bb00,0xae95bc00,0xae94bd00,0xae93be00,0xae92bf00,0xae91c000,0xae90c100,
		0xae8fc200,0xae8ec300,0xae8dc400,0xae8cc500,0xae8bc600,0xae8ac700,0xae89c800,0xae88c900,0xae87ca00,0xae86cb00,
		0xae85cc00,0xae84cd00,0xae83ce00,0xae82cf00,0xae81d000,0xae80d100,0xae7fd200,0xae7ed300,0xae7dd400,0xae7cd500,
		0xae7bd600,0xae7ad700,0xae79d800,0xae78d900,0xae77da00,0xae76db00,0xae75dc00,0xae74dd00,0xae73de00,0xae72df00,
		0xae71e000,0xae70e100,0xae6fe200,0xae6ee300,0xae6de400,0xae6ce500,0xae6be600,0xae6ae700,0xae69e800,0xae68e900,
		0xae67ea00,0xae66eb00,0xae65ec00,0xae64ed00,0xae63ee00,0xae62ef00,0xae61f000,0xae60f100,0xae5ff200,0xae5ef300,
		0xae5df400,0xae5cf500,0xae5bf600,0xae5af700,0xae59f800,0xae58f900,0xae57fa00,0xae56fb00,0xae55fc00,0xae54fd00,
		0xae53fe00,0xae52ff00,0xae290002,0xae002903,0xae270102,0xae002903,0xae250202,0xae002903,0xae230302,0xae002903,
		0xae210402,0xae002903,0xae1f0502,0xae002903,0xae1d0602,0xae002903,0xae1b0702,0xae002903,0xae190802,0xae002903,
		0xae170902,0xae002903,0xae150a02,0xae002903,0xae130b02,0xae002903,0xae110c02,0xae002903,0xae0f0d02,0xae002903,
		0xae0d0e02,0xae002903,0xae0b0f02,0xae002903,0xae091002,0xae002903,0xae071102,0xae002903,0xae051202,0xae002903,
		0xae031302,0xae002903,0xae011402,0xae002903,0xadff1502,0xae002903,0xadfd1602,0xae002903,0xadfb1702,0xae002903,
		0xadf91802,0xae002903,0xadf71902,0xae002903,0xadf51a02,0xae002903,0xadf31b02,0xae002903,0xadf11c02,0xae002903,
		0xadef1d02,0xae002903,0xaded1e02,0xae002903,0xadeb1f02,0xae002903,0xade92002,0xae002903,0xade72102,0xae002903,
		0xade52202,0xae002903,0xade32302,0xae002903,0xade12402,0xae002903,0xaddf2502,0xae002903,0xaddd2602,0xae002903,
		0xaddb2702,0xae002903,0xadd92802,0xae002903,0xadd72902,0xae002903,0xadd52a02,0xae002903,0xadd32b02,0xae002903,
		0xadd12c02,0xae002903,0xadcf2d02,0xae002903,0xadcd2e02,0xae002903,0xadcb2f02,0xae002903,0xadc93002,0xae002903,
		0xadc73102,0xae002903,0xadc53202,0xae002903,0xadc33302,0xae002903,0xadc13402,0xae002903,0xadbf3502,0xae002903,
		0xadbd3602,0xae002903,0xadbb3702,0xae002903,0xadb93802,0xae002903,0xadb73902,0xae002903,0xadb53a02,0xae002903,
		0xadb33b02,0xae002903,0xadb13c02,0xae002903,0xadaf3d02,0xae002903,0xadad3e02,0xae002903,0xadab3f02,0xae002903,
		0xada9c002,0xae002903,0xada7c102,0xae002903,0xada5c202,0xae002903,0xada3c302,0xae002903,0xada1c402,0xae002903,
		0xad9fc502,0xae002903,0xad9dc602,0xae002903,0xad9bc702,0xae002903,0xad99c802,0xae002903,0xad97c902,0xae002903,
		0xad95ca02,0xae002903,0xad93cb02,0xae002903,0xad91cc02,0xae002903,0xad8fcd02,0xae002903,0xad8dce02,0xae002903,
		0xad8bcf02,0xae002903,0xad89d002,0xae002903,0xad87d102,0xae002903,0xad85d202,0xae002903,0xad83d302,0xae002903,
		0xad81d402,0xae002903,0xad7fd502,0xae002903,0xad7dd602,0xae002903,0xad7bd702,0xae002903,0xad79d802,0xae002903,
		0xad77d902,0xae002903,0xad75da02,0xae002903,0xad73db02,0xae002903,0xad71dc02,0xae002903,0xad6fdd02,0xae002903,
		0xad6dde02,0xae002903,0xad6bdf02,0xae002903,0xad69e002,0xae002903,0xad67e102,0xae002903,0xad65e202,0xae002903,
		0xad63e302,0xae002903,0xad61e402,0xae002903,0xad5fe502,0xae002903,0xad5de602,0xae002903,0xad5be702,0xae002903,
		0xad59e802,0xae002903,0xad57e902,0xae002903,0xad55ea02,0xae002903,0xad53eb02,0xae002903,0xad51ec02,0xae002903,
		0xad4fed02,0xae002903,0xad4dee02,0xae002903,0xad4bef02,0xae002903,0xad49f002,0xae002903,0xad47f102,0xae002903,
		0xad45f202,0xae002903,0xad43f302,0xae002903,0xad41f402,0xae002903,0xad3ff502,0xae002903,0xad3df602,0xae002903,
		0xad3bf702,0xae002903,0xad39f802,0xae002903,0xad37f902,0xae002903,0xad35fa02,0xae002903,0xad33fb02,0xae002903,
		0xad31fc02,0xae002903,0xad2ffd02,0xae002903,0xad2dfe02,0xae002903,0xad2bff02,0xae002903,0xad530000,0xad520100,
		0xad510200,0xad500300,0xad4f0400,0xad4e0500,0xad4d0600,0xad4c0700,0xad4b0800,0xad4a0900,0xad490a00,0xad480b00,
		0xad470c00,0xad460d00,0xad450e00,0xad440f00,0xad431000,0xad421100,0xad411200,0xad401300,0xad3f1400,0xad3e1500,
		0xad3d1600,0xad3c1700,0xad3b1800,0xad3a1900,0xad391a00,0xad381b00,0xad371c00,0xad361d00,0xad351e00,0xad341f00,
		0xad332000,0xad322100,0xad312200,0xad302300,0xad2f2400,0xad2e2500,0xad2d2600,0xad2c2700,0xad2b2800,0xad2a2900,
		0xad292a00,0xad282b00,0xad272c00,0xad262d00,0xad252e00,0xad242f00,0xad233000,0xad223100,0xad213200,0xad203300,
		0xad1f3400,0xad1e3500,0xad1d3600,0xad1c3700,0xad1b3800,0xad1a3900,0xad193a00,0xad183b00,0xad173c00,0xad163d00,
		0xad153e00,0xad143f00,0xad134000,0xad124100,0xad114200,0xad104300,0xad0f4400,0xad0e4500,0xad0d4600,0xad0c4700,
		0xad0b4800,0xad0a4900,0xad094a00,0xad084b00,0xad074c00,0xad064d00,0xad054e00,0xad044f00,0xad035000,0xad025100,
		0xad015200,0xad005300,0xacff5400,0xacfe5500,0xacfd5600,0xacfc5700,0xacfb5800,0xacfa5900,0xacf95a00,0xacf85b00,
		0xacf75c00,0xacf65d00,0xacf55e00,0xacf45f00,0xacf36000,0xacf26100,0xacf16200,0xacf06300,0xacef6400,0xacee6500,
		0xaced6600,0xacec6700,0xaceb6800,0xacea6900,0xace96a00,0xace86b00,0xace76c00,0xace66d00,0xace56e00,0xace46f00,
		0xace37000,0xace27100,0xace17200,0xace07300,0xacdf7400,0xacde7500,0xacdd7600,0xacdc7700,0xacdb7800,0xacda7900,
		0xacd97a00,0xacd87b00,0xacd77c00,0xacd67d00,0xacd57e00,0xacd47f00,0xacd38000,0xacd28100,0xacd18200,0xacd08300,
		0xaccf8400,0xacce8500,0xaccd8600,0xaccc8700,0xaccb8800,0xacca8900,0xacc98a00,0xacc88b00,0xacc78c00,0xacc68d00,
		0xacc58e00,0xacc48f00,0xacc39000,0xacc29100,0xacc19200,0xacc09300,0xacbf9400,0xacbe9500,0xacbd9600,0xacbc9700,
		0xacbb9800,0xacba9900,0xacb99a00,0xacb89b00,0xacb79c00,0xacb69d00,0xacb59e00,0xacb49f00,0xacb3a000,0xacb2a100,
		0xacb1a200,0xacb0a300,0xacafa400,0xacaea500,0xacada600,0xacaca700,0xacaba800,0xacaaa900,0xaca9aa00,0xaca8ab00,
		0xaca7ac00,0xaca6ad00,0xaca5ae00,0xaca4af00,0xaca3b000,0xaca2b100,0xaca1b200,0xaca0b300,0xac9fb400,0xac9eb500,
		0xac9db600,0xac9cb700,0xac9bb800,0xac9ab900,0xac99ba00,0xac98bb00,0xac97bc00,0xac96bd00,0xac95be00,0xac94bf00,
		0xac93c000,0xac92c100,0xac91c200,0xac90c300,0xac8fc400,0xac8ec500,0xac8dc600,0xac8cc700,0xac8bc800,0xac8ac900,
		0xac89ca00,0xac88cb00,0xac87cc00,0xac86cd00,0xac85ce00,0xac84cf00,0xac83d000,0xac82d100,0xac81d200,0xac80d300,
		0xac7fd400,0xac7ed500,0xac7dd600,0xac7cd700,0xac7bd800,0xac7ad900,0xac79da00,0xac78db00,0xac77dc00,0xac76dd00,
		0xac75de00,0xac74df00,0xac73e000,0xac72e100,0xac71e200,0xac70e300,0xac6fe400,0xac6ee500,0xac6de600,0xac6ce700,
		0xac6be800,0xac6ae900,0xac69ea00,0xac68eb00,0xac67ec00,0xac66ed00,0xac65ee00,0xac64ef00,0xac63f000,0xac62f100,
		0xac61f200,0xac60f300,0xac5ff400,0xac5ef500,0xac5df600,0xac5cf700,0xac5bf800,0xac5af900,0xac59fa00,0xac58fb00,
		0xac57fc00,0xac56fd00,0xac55fe00,0xac54ff00,0xac150004,0xac002a05,0xabff1505,0xac002a05,0xac110104,0xac002a05,
		0xabfd1505,0xac002a05,0xac0d0204,0xac002a05,0xabfb1505,0xac002a05,0xac090304,0xac002a05,0xabf91505,0xac002a05,
		0xac050404,0xac002a05,0xabf71505,0xac002a05,0xac010504,0xac002a05,0xabf51505,0xac002a05,0xabfd0604,0xac002a05,
		0xabf31505,0xac002a05,0xabf90704,0xac002a05,0xabf11505,0xac002a05,0xabf50804,0xac002a05,0xabef1505,0xac002a05,
		0xabf10904,0xac002a05,0xabed1505,0xac002a05,0xabed0a04,0xac002a05,0xabeb1505,0xac002a05,0xabe90b04,0xac002a05,
		0xabe91505,0xac002a05,0xabe50c04,0xac002a05,0xabe71505,0xac002a05,0xabe10d04,0xac002a05,0xabe51505,0xac002a05,
		0xabdd0e04,0xac002a05,0xabe31505,0xac002a05,0xabd90f04,0xac002a05,0xabe11505,0xac002a05,0xabd51004,0xac002a05,
		0xabdf1505,0xac002a05,0xabd11104,0xac002a05,0xabdd1505,0xac002a05,0xabcd1204,0xac002a05,0xabdb1505,0xac002a05,
		0xabc91304,0xac002a05,0xabd91505,0xac002a05,0xabc51404,0xac002a05,0xabd71505,0xac002a05,0xabc11504,0xac002a05,
		0xabd51505,0xac002a05,0xabbd1604,0xac002a05,0xabd31505,0xac002a05,0xabb91704,0xac002a05,0xabd11505,0xac002a05,
		0xabb51804,0xac002a05,0xabcf1505,0xac002a05,0xabb11904,0xac002a05,0xabcd1505,0xac002a05,0xabad1a04,0xac002a05,
		0xabcb1505,0xac002a05,0xaba91b04,0xac002a05,0xabc91505,0xac002a05,0xaba51c04,0xac002a05,0xabc71505,0xac002a05,
		0xaba11d04,0xac002a05,0xabc51505,0xac002a05,0xab9d1e04,0xac002a05,0xabc31505,0xac002a05,0xab991f04,0xac002a05,
		0xabc11505,0xac002a05,0xab95e004,0xac002a05,0xac3f1505,0xac002a05,0xab91e104,0xac002a05,0xac3d1505,0xac002a05,
		0xab8de204,0xac002a05,0xac3b1505,0xac002a05,0xab89e304,0xac002a05,0xac391505,0xac002a05,0xab85e404,0xac002a05,
		0xac371505,0xac002a05,0xab81e504,0xac002a05,0xac351505,0xac002a05,0xab7de604,0xac002a05,0xac331505,0xac002a05,
		0xab79e704,0xac002a05,0xac311505,0xac002a05,0xab75e804,0xac002a05,0xac2f1505,0xac002a05,0xab71e904,0xac002a05,
		0xac2d1505,0xac002a05,0xab6dea04,0xac002a05,0xac2b1505,0xac002a05,0xab69eb04,0xac002a05,0xac291505,0xac002a05,
		0xab65ec04,0xac002a05,0xac271505,0xac002a05,0xab61ed04,0xac002a05,0xac251505,0xac002a05,0xab5dee04,0xac002a05,
		0xac231505,0xac002a05,0xab59ef04,0xac002a05,0xac211505,0xac002a05,0xab55f004,0xac002a05,0xac1f1505,0xac002a05,
		0xab51f104,0xac002a05,0xac1d1505,0xac002a05,0xab4df204,0xac002a05,0xac1b1505,0xac002a05,0xab49f304,0xac002a05,
		0xac191505,0xac002a05,0xab45f404,0xac002a05,0xac171505,0xac002a05,0xab41f504,0xac002a05,0xac151505,0xac002a05,
		0xab3df604,0xac002a05,0xac131505,0xac002a05,0xab39f704,0xac002a05,0xac111505,0xac002a05,0xab35f804,0xac002a05,
		0xac0f1505,0xac002a05,0xab31f904,0xac002a05,0xac0d1505,0xac002a05,0xab2dfa04,0xac002a05,0xac0b1505,0xac002a05,
		0xab29fb04,0xac002a05,0xac091505,0xac002a05,0xab25fc04,0xac002a05,0xac071505,0xac002a05,0xab21fd04,0xac002a05,
		0xac051505,0xac002a05,0xab1dfe04,0xac002a05,0xac031505,0xac002a05,0xab19ff04,0xac002a05,0xac011505,0xac002a05,
		0xab550000,0xab540100,0xab530200,0xab520300,0xab510400,0xab500500,0xab4f0600,0xab4e0700,0xab4d0800,0xab4c0900,
		0xab4b0a00,0xab4a0b00,0xab490c00,0xab480d00,0xab470e00,0xab460f00,0xab451000,0xab441100,0xab431200,0xab421300,
		0xab411400,0xab401500,0xab3f1600,0xab3e1700,0xab3d1800,0xab3c1900,0xab3b1a00,0xab3a1b00,0xab391c00,0xab381d00,
		0xab371e00,0xab361f00,0xab352000,0xab342100,0xab332200,0xab322300,0xab312400,0xab302500,0xab2f2600,0xab2e2700,
		0xab2d2800,0xab2c2900,0xab2b2a00,0xab2a2b00,0xab292c00,0xab282d00,0xab272e00,0xab262f00,0xab253000,0xab243100,
		0xab233200,0xab223300,0xab213400,0xab203500,0xab1f3600,0xab1e3700,0xab1d3800,0xab1c3900,0xab1b3a00,0xab1a3b00,
		0xab193c00,0xab183d00,0xab173e00,0xab163f00,0xab154000,0xab144100,0xab134200,0xab124300,0xab114400,0xab104500,
		0xab0f4600,0xab0e4700,0xab0d4800,0xab0c4900,0xab0b4a00,0xab0a4b00,0xab094c00,0xab084d00,0xab074e00,0xab064f00,
		0xab055000,0xab045100,0xab035200,0xab025300,0xab015400,0xab005500,0xaaff5600,0xaafe5700,0xaafd5800,0xaafc5900,
		0xaafb5a00,0xaafa5b00,0xaaf95c00,0xaaf85d00,0xaaf75e00,0xaaf65f00,0xaaf56000,0xaaf46100,0xaaf36200,0xaaf26300,
		0xaaf16400,0xaaf06500,0xaaef6600,0xaaee6700,0xaaed6800,0xaaec6900,0xaaeb6a00,0xaaea6b00,0xaae96c00,0xaae86d00,
		0xaae76e00,0xaae66f00,0xaae57000,0xaae47100,0xaae37200,0xaae27300,0xaae17400,0xaae07500,0xaadf7600,0xaade7700,
		0xaadd7800,0xaadc7900,0xaadb7a00,0xaada7b00,0xaad97c00,0xaad87d00,0xaad77e00,0xaad67f00,0xaad58000,0xaad48100,
		0xaad38200,0xaad28300,0xaad18400,0xaad08500,0xaacf8600,0xaace8700,0xaacd8800,0xaacc8900,0xaacb8a00,0xaaca8b00,
		0xaac98c00,0xaac88d00,0xaac78e00,0xaac68f00,0xaac59000,0xaac49100,0xaac39200,0xaac29300,0xaac19400,0xaac09500,
		0xaabf9600,0xaabe9700,0xaabd9800,0xaabc9900,0xaabb9a00,0xaaba9b00,0xaab99c00,0xaab89d00,0xaab79e00,0xaab69f00,
		0xaab5a000,0xaab4a100,0xaab3a200,0xaab2a300,0xaab1a400,0xaab0a500,0xaaafa600,0xaaaea700,0xaaada800,0xaaaca900,
		0xaaabaa00,0xaaaaab00,0xaaa9ac00,0xaaa8ad00,0xaaa7ae00,0xaaa6af00,0xaaa5b000,0xaaa4b100,0xaaa3b200,0xaaa2b300,
		0xaaa1b400,0xaaa0b500,0xaa9fb600,0xaa9eb700,0xaa9db800,0xaa9cb900,0xaa9bba00,0xaa9abb00,0xaa99bc00,0xaa98bd00,
		0xaa97be00,0xaa96bf00,0xaa95c000,0xaa94c100,0xaa93c200,0xaa92c300,0xaa91c400,0xaa90c500,0xaa8fc600,0xaa8ec700,
		0xaa8dc800,0xaa8cc900,0xaa8bca00,0xaa8acb00,0xaa89cc00,0xaa88cd00,0xaa87ce00,0xaa86cf00,0xaa85d000,0xaa84d100,
		0xaa83d200,0xaa82d300,0xaa81d400,0xaa80d500,0xaa7fd600,0xaa7ed700,0xaa7dd800,0xaa7cd900,0xaa7bda00,0xaa7adb00,
		0xaa79dc00,0xaa78dd00,0xaa77de00,0xaa76df00,0xaa75e000,0xaa74e100,0xaa73e200,0xaa72e300,0xaa71e400,0xaa70e500,
		0xaa6fe600,0xaa6ee700,0xaa6de800,0xaa6ce900,0xaa6bea00,0xaa6aeb00,0xaa69ec00,0xaa68ed00,0xaa67ee00,0xaa66ef00,
		0xaa65f000,0xaa64f100,0xaa63f200,0xaa62f300,0xaa61f400,0xaa60f500,0xaa5ff600,0xaa5ef700,0xaa5df800,0xaa5cf900,
		0xaa5bfa00,0xaa5afb00,0xaa59fc00,0xaa58fd00,0xaa57fe00,0xaa56ff00,0xaa2b0002,0xaa002b03,0xaa290102,0xaa002b03,
		0xaa270202,0xaa002b03,0xaa250302,0xaa002b03,0xaa230402,0xaa002b03,0xaa210502,0xaa002b03,0xaa1f0602,0xaa002b03,
		0xaa1d0702,0xaa002b03,0xaa1b0802,0xaa002b03,0xaa190902,0xaa002b03,0xaa170a02,0xaa002b03,0xaa150b02,0xaa002b03,
		0xaa130c02,0xaa002b03,0xaa110d02,0xaa002b03,0xaa0f0e02,0xaa002b03,0xaa0d0f02,0xaa002b03,0xaa0b1002,0xaa002b03,
		0xaa091102,0xaa002b03,0xaa071202,0xaa002b03,0xaa051302,0xaa002b03,0xaa031402,0xaa002b03,0xaa011502,0xaa002b03,
		0xa9ff1602,0xaa002b03,0xa9fd1702,0xaa002b03,0xa9fb1802,0xaa002b03,0xa9f91902,0xaa002b03,0xa9f71a02,0xaa002b03,
		0xa9f51b02,0xaa002b03,0xa9f31c02,0xaa002b03,0xa9f11d02,0xaa002b03,0xa9ef1e02,0xaa002b03,0xa9ed1f02,0xaa002b03,
		0xa9eb2002,0xaa002b03,0xa9e92102,0xaa002b03,0xa9e72202,0xaa002b03,0xa9e52302,0xaa002b03,0xa9e32402,0xaa002b03,
		0xa9e12502,0xaa002b03,0xa9df2602,0xaa002b03,0xa9dd2702,0xaa002b03,0xa9db2802,0xaa002b03,0xa9d92902,0xaa002b03,
		0xa9d72a02,0xaa002b03,0xa9d52b02,0xaa002b03,0xa9d32c02,0xaa002b03,0xa9d12d02,0xaa002b03,0xa9cf2e02,0xaa002b03,
		0xa9cd2f02,0xaa002b03,0xa9cb3002,0xaa002b03,0xa9c93102,0xaa002b03,0xa9c73202,0xaa002b03,0xa9c53302,0xaa002b03,
		0xa9c33402,0xaa002b03,0xa9c13502,0xaa002b03,0xa9bf3602,0xaa002b03,0xa9bd3702,0xaa002b03,0xa9bb3802,0xaa002b03,
		0xa9b93902,0xaa002b03,0xa9b73a02,0xaa002b03,0xa9b53b02,0xaa002b03,0xa9b33c02,0xaa002b03,0xa9b13d02,0xaa002b03,
		0xa9af3e02,0xaa002b03,0xa9ad3f02,0xaa002b03,0xa9abc002,0xaa002b03,0xa9a9c102,0xaa002b03,0xa9a7c202,0xaa002b03,
		0xa9a5c302,0xaa002b03,0xa9a3c402,0xaa002b03,0xa9a1c502,0xaa002b03,0xa99fc602,0xaa002b03,0xa99dc702,0xaa002b03,
		0xa99bc802,0xaa002b03,0xa999c902,0xaa002b03,0xa997ca02,0xaa002b03,0xa995cb02,0xaa002b03,0xa993cc02,0xaa002b03,
		0xa991cd02,0xaa002b03,0xa98fce02,0xaa002b03,0xa98dcf02,0xaa002b03,0xa98bd002,0xaa002b03,0xa989d102,0xaa002b03,
		0xa987d202,0xaa002b03,0xa985d302,0xaa002b03,0xa983d402,0xaa002b03,0xa981d502,0xaa002b03,0xa97fd602,0xaa002b03,
		0xa97dd702,0xaa002b03,0xa97bd802,0xaa002b03,0xa979d902,0xaa002b03,0xa977da02,0xaa002b03,0xa975db02,0xaa002b03,
		0xa973dc02,0xaa002b03,0xa971dd02,0xaa002b03,0xa96fde02,0xaa002b03,0xa96ddf02,0xaa002b03,0xa96be002,0xaa002b03,
		0xa969e102,0xaa002b03,0xa967e202,0xaa002b03,0xa965e302,0xaa002b03,0xa963e402,0xaa002b03,0xa961e502,0xaa002b03,
		0xa95fe602,0xaa002b03,0xa95de702,0xaa002b03,0xa95be802,0xaa002b03,0xa959e902,0xaa002b03,0xa957ea02,0xaa002b03,
		0xa955eb02,0xaa002b03,0xa953ec02,0xaa002b03,0xa951ed02,0xaa002b03,0xa94fee02,0xaa002b03,0xa94def02,0xaa002b03,
		0xa94bf002,0xaa002b03,0xa949f102,0xaa002b03,0xa947f202,0xaa002b03,0xa945f302,0xaa002b03,0xa943f402,0xaa002b03,
		0xa941f502,0xaa002b03,0xa93ff602,0xaa002b03,0xa93df702,0xaa002b03,0xa93bf802,0xaa002b03,0xa939f902,0xaa002b03,
		0xa937fa02,0xaa002b03,0xa935fb02,0xaa002b03,0xa933fc02,0xaa002b03,0xa931fd02,0xaa002b03,0xa92ffe02,0xaa002b03,
		0xa92dff02,0xaa002b03,0xa9570000,0xa9560100,0xa9550200,0xa9540300,0xa9530400,0xa9520500,0xa9510600,0xa9500700,
		0xa94f0800,0xa94e0900,0xa94d0a00,0xa94c0b00,0xa94b0c00,0xa94a0d00,0xa9490e00,0xa9480f00,0xa9471000,0xa9461100,
		0xa9451200,0xa9441300,0xa9431400,0xa9421500,0xa9411600,0xa9401700,0xa93f1800,0xa93e1900,0xa93d1a00,0xa93c1b00,
		0xa93b1c00,0xa93a1d00,0xa9391e00,0xa9381f00,0xa9372000,0xa9362100,0xa9352200,0xa9342300,0xa9332400,0xa9322500,
		0xa9312600,0xa9302700,0xa92f2800,0xa92e2900,0xa92d2a00,0xa92c2b00,0xa92b2c00,0xa92a2d00,0xa9292e00,0xa9282f00,
		0xa9273000,0xa9263100,0xa9253200,0xa9243300,0xa9233400,0xa9223500,0xa9213600,0xa9203700,0xa91f3800,0xa91e3900,
		0xa91d3a00,0xa91c3b00,0xa91b3c00,0xa91a3d00,0xa9193e00,0xa9183f00,0xa9174000,0xa9164100,0xa9154200,0xa9144300,
		0xa9134400,0xa9124500,0xa9114600,0xa9104700,0xa90f4800,0xa90e4900,0xa90d4a00,0xa90c4b00,0xa90b4c00,0xa90a4d00,
		0xa9094e00,0xa9084f00,0xa9075000,0xa9065100,0xa9055200,0xa9045300,0xa9035400,0xa9025500,0xa9015600,0xa9005700,
		0xa8ff5800,0xa8fe5900,0xa8fd5a00,0xa8fc5b00,0xa8fb5c00,0xa8fa5d00,0xa8f95e00,0xa8f85f00,0xa8f76000,0xa8f66100,
		0xa8f56200,0xa8f46300,0xa8f36400,0xa8f26500,0xa8f16600,0xa8f06700,0xa8ef6800,0xa8ee6900,0xa8ed6a00,0xa8ec6b00,
		0xa8eb6c00,0xa8ea6d00,0xa8e96e00,0xa8e86f00,0xa8e77000,0xa8e67100,0xa8e57200,0xa8e47300,0xa8e37400,0xa8e27500,
		0xa8e17600,0xa8e07700,0xa8df7800,0xa8de7900,0xa8dd7a00,0xa8dc7b00,0xa8db7c00,0xa8da7d00,0xa8d97e00,0xa8d87f00,
		0xa8d78000,0xa8d68100,0xa8d58200,0xa8d48300,0xa8d38400,0xa8d28500,0xa8d18600,0xa8d08700,0xa8cf8800,0xa8ce8900,
		0xa8cd8a00,0xa8cc8b00,0xa8cb8c00,0xa8ca8d00,0xa8c98e00,0xa8c88f00,0xa8c79000,0xa8c69100,0xa8c59200,0xa8c49300,
		0xa8c39400,0xa8c29500,0xa8c19600,0xa8c09700,0xa8bf9800,0xa8be9900,0xa8bd9a00,0xa8bc9b00,0xa8bb9c00,0xa8ba9d00,
		0xa8b99e00,0xa8b89f00,0xa8b7a000,0xa8b6a100,0xa8b5a200,0xa8b4a300,0xa8b3a400,0xa8b2a500,0xa8b1a600,0xa8b0a700,
		0xa8afa800,0xa8aea900,0xa8adaa00,0xa8acab00,0xa8abac00,0xa8aaad00,0xa8a9ae00,0xa8a8af00,0xa8a7b000,0xa8a6b100,
		0xa8a5b200,0xa8a4b300,0xa8a3b400,0xa8a2b500,0xa8a1b600,0xa8a0b700,0xa89fb800,0xa89eb900,0xa89dba00,0xa89cbb00,
		0xa89bbc00,0xa89abd00,0xa899be00,0xa898bf00,0xa897c000,0xa896c100,0xa895c200,0xa894c300,0xa893c400,0xa892c500,
		0xa891c600,0xa890c700,0xa88fc800,0xa88ec900,0xa88dca00,0xa88ccb00,0xa88bcc00,0xa88acd00,0xa889ce00,0xa888cf00,
		0xa887d000,0xa886d100,0xa885d200,0xa884d300,0xa883d400,0xa882d500,0xa881d600,0xa880d700,0xa87fd800,0xa87ed900,
		0xa87dda00,0xa87cdb00,0xa87bdc00,0xa87add00,0xa879de00,0xa878df00,0xa877e000,0xa876e100,0xa875e200,0xa874e300,
		0xa873e400,0xa872e500,0xa871e600,0xa870e700,0xa86fe800,0xa86ee900,0xa86dea00,0xa86ceb00,0xa86bec00,0xa86aed00,
		0xa869ee00,0xa868ef00,0xa867f000,0xa866f100,0xa865f200,0xa864f300,0xa863f400,0xa862f500,0xa861f600,0xa860f700,
		0xa85ff800,0xa85ef900,0xa85dfa00,0xa85cfb00,0xa85bfc00,0xa85afd00,0xa859fe00,0xa858ff00,0xa80b0006,0xa8002c07,
		0xa7ff1607,0xa8002c07,0xa7fd0b07,0xa8002c07,0xa7fd1607,0xa8002c07,0xa8030106,0xa8002c07,0xa7fb1607,0xa8002c07,
		0xa7f70b07,0xa8002c07,0xa7f91607,0xa8002c07,0xa7fb0206,0xa8002c07,0xa7f71607,0xa8002c07,0xa7f10b07,0xa8002c07,
		0xa7f51607,0xa8002c07,0xa7f30306,0xa8002c07,0xa7f31607,0xa8002c07,0xa7eb0b07,0xa8002c07,0xa7f11607,0xa8002c07,
		0xa7eb0406,0xa8002c07,0xa7ef1607,0xa8002c07,0xa7e50b07,0xa8002c07,0xa7ed1607,0xa8002c07,0xa7e30506,0xa8002c07,
		0xa7eb1607,0xa8002c07,0xa7df0b07,0xa8002c07,0xa7e91607,0xa8002c07,0xa7db0606,0xa8002c07,0xa7e71607,0xa8002c07,
		0xa7d90b07,0xa8002c07,0xa7e51607,0xa8002c07,0xa7d30706,0xa8002c07,0xa7e31607,0xa8002c07,0xa7d30b07,0xa8002c07,
		0xa7e11607,0xa8002c07,0xa7cb0806,0xa8002c07,0xa7df1607,0xa8002c07,0xa7cd0b07,0xa8002c07,0xa7dd1607,0xa8002c07,
		0xa7c30906,0xa8002c07,0xa7db1607,0xa8002c07,0xa7c70b07,0xa8002c07,0xa7d91607,0xa8002c07,0xa7bb0a06,0xa8002c07,
		0xa7d71607,0xa8002c07,0xa7c10b07,0xa8002c07,0xa7d51607,0xa8002c07,0xa7b30b06,0xa8002c07,0xa7d31607,0xa8002c07,
		0xa7bb0b07,0xa8002c07,0xa7d11607,0xa8002c07,0xa7ab0c06,0xa8002c07,0xa7cf1607,0xa8002c07,0xa7b50b07,0xa8002c07,
		0xa7cd1607,0xa8002c07,0xa7a30d06,0xa8002c07,0xa7cb1607,0xa8002c07,0xa7af0b07,0xa8002c07,0xa7c91607,0xa8002c07,
		0xa79b0e06,0xa8002c07,0xa7c71607,0xa8002c07,0xa7a90b07,0xa8002c07,0xa7c51607,0xa8002c07,0xa7930f06,0xa8002c07,
		0xa7c31607,0xa8002c07,0xa7a30b07,0xa8002c07,0xa7c11607,0xa8002c07,0xa78bf006,0xa8002c07,0xa83f1607,0xa8002c07,
		0xa85d0b07,0xa8002c07,0xa83d1607,0xa8002c07,0xa783f106,0xa8002c07,0xa83b1607,0xa8002c07,0xa8570b07,0xa8002c07,
		0xa8391607,0xa8002c07,0xa77bf206,0xa8002c07,0xa8371607,0xa8002c07,0xa8510b07,0xa8002c07,0xa8351607,0xa8002c07,
		0xa773f306,0xa8002c07,0xa8331607,0xa8002c07,0xa84b0b07,0xa8002c07,0xa8311607,0xa8002c07,0xa76bf406,0xa8002c07,
		0xa82f1607,0xa8002c07,0xa8450b07,0xa8002c07,0xa82d1607,0xa8002c07,0xa763f506,0xa8002c07,0xa82b1607,0xa8002c07,
		0xa83f0b07,0xa8002c07,0xa8291607,0xa8002c07,0xa75bf606,0xa8002c07,0xa8271607,0xa8002c07,0xa8390b07,0xa8002c07,
		0xa8251607,0xa8002c07,0xa753f706,0xa8002c07,0xa8231607,0xa8002c07,0xa8330b07,0xa8002c07,0xa8211607,0xa8002c07,
		0xa74bf806,0xa8002c07,0xa81f1607,0xa8002c07,0xa82d0b07,0xa8002c07,0xa81d1607,0xa8002c07,0xa743f906,0xa8002c07,
		0xa81b1607,0xa8002c07,0xa8270b07,0xa8002c07,0xa8191607,0xa8002c07,0xa73bfa06,0xa8002c07,0xa8171607,0xa8002c07,
		0xa8210b07,0xa8002c07,0xa8151607,0xa8002c07,0xa733fb06,0xa8002c07,0xa8131607,0xa8002c07,0xa81b0b07,0xa8002c07,
		0xa8111607,0xa8002c07,0xa72bfc06,0xa8002c07,0xa80f1607,0xa8002c07,0xa8150b07,0xa8002c07,0xa80d1607,0xa8002c07,
		0xa723fd06,0xa8002c07,0xa80b1607,0xa8002c07,0xa80f0b07,0xa8002c07,0xa8091607,0xa8002c07,0xa71bfe06,0xa8002c07,
		0xa8071607,0xa8002c07,0xa8090b07,0xa8002c07,0xa8051607,0xa8002c07,0xa713ff06,0xa8002c07,0xa8031607,0xa8002c07,
		0xa8030b07,0xa8002c07,0xa8011607,0xa8002c07,0xa7590000,0xa7580100,0xa7570200,0xa7560300,0xa7550400,0xa7540500,
		0xa7530600,0xa7520700,0xa7510800,0xa7500900,0xa74f0a00,0xa74e0b00,0xa74d0c00,0xa74c0d00,0xa74b0e00,0xa74a0f00,
		0xa7491000,0xa7481100,0xa7471200,0xa7461300,0xa7451400,0xa7441500,0xa7431600,0xa7421700,0xa7411800,0xa7401900,
		0xa73f1a00,0xa73e1b00,0xa73d1c00,0xa73c1d00,0xa73b1e00,0xa73a1f00,0xa7392000,0xa7382100,0xa7372200,0xa7362300,
		0xa7352400,0xa7342500,0xa7332600,0xa7322700,0xa7312800,0xa7302900,0xa72f2a00,0xa72e2b00,0xa72d2c00,0xa72c2d00,
		0xa72b2e00,0xa72a2f00,0xa7293000,0xa7283100,0xa7273200,0xa7263300,0xa7253400,0xa7243500,0xa7233600,0xa7223700,
		0xa7213800,0xa7203900,0xa71f3a00,0xa71e3b00,0xa71d3c00,0xa71c3d00,0xa71b3e00,0xa71a3f00,0xa7194000,0xa7184100,
		0xa7174200,0xa7164300,0xa7154400,0xa7144500,0xa7134600,0xa7124700,0xa7114800,0xa7104900,0xa70f4a00,0xa70e4b00,
		0xa70d4c00,0xa70c4d00,0xa70b4e00,0xa70a4f00,0xa7095000,0xa7085100,0xa7075200,0xa7065300,0xa7055400,0xa7045500,
		0xa7035600,0xa7025700,0xa7015800,0xa7005900,0xa6ff5a00,0xa6fe5b00,0xa6fd5c00,0xa6fc5d00,0xa6fb5e00,0xa6fa5f00,
		0xa6f96000,0xa6f86100,0xa6f76200,0xa6f66300,0xa6f56400,0xa6f46500,0xa6f36600,0xa6f26700,0xa6f16800,0xa6f06900,
		0xa6ef6a00,0xa6ee6b00,0xa6ed6c00,0xa6ec6d00,0xa6eb6e00,0xa6ea6f00,0xa6e97000,0xa6e87100,0xa6e77200,0xa6e67300,
		0xa6e57400,0xa6e47500,0xa6e37600,0xa6e27700,0xa6e17800,0xa6e07900,0xa6df7a00,0xa6de7b00,0xa6dd7c00,0xa6dc7d00,
		0xa6db7e00,0xa6da7f00,0xa6d98000,0xa6d88100,0xa6d78200,0xa6d68300,0xa6d58400,0xa6d48500,0xa6d38600,0xa6d28700,
		0xa6d18800,0xa6d08900,0xa6cf8a00,0xa6ce8b00,0xa6cd8c00,0xa6cc8d00,0xa6cb8e00,0xa6ca8f00,0xa6c99000,0xa6c89100,
		0xa6c79200,0xa6c69300,0xa6c59400,0xa6c49500,0xa6c39600,0xa6c29700,0xa6c19800,0xa6c09900,0xa6bf9a00,0xa6be9b00,
		0xa6bd9c00,0xa6bc9d00,0xa6bb9e00,0xa6ba9f00,0xa6b9a000,0xa6b8a100,0xa6b7a200,0xa6b6a300,0xa6b5a400,0xa6b4a500,
		0xa6b3a600,0xa6b2a700,0xa6b1a800,0xa6b0a900,0xa6afaa00,0xa6aeab00,0xa6adac00,0xa6acad00,0xa6abae00,0xa6aaaf00,
		0xa6a9b000,0xa6a8b100,0xa6a7b200,0xa6a6b300,0xa6a5b400,0xa6a4b500,0xa6a3b600,0xa6a2b700,0xa6a1b800,0xa6a0b900,
		0xa69fba00,0xa69ebb00,0xa69dbc00,0xa69cbd00,0xa69bbe00,0xa69abf00,0xa699c000,0xa698c100,0xa697c200,0xa696c300,
		0xa695c400,0xa694c500,0xa693c600,0xa692c700,0xa691c800,0xa690c900,0xa68fca00,0xa68ecb00,0xa68dcc00,0xa68ccd00,
		0xa68bce00,0xa68acf00,0xa689d000,0xa688d100,0xa687d200,0xa686d300,0xa685d400,0xa684d500,0xa683d600,0xa682d700,
		0xa681d800,0xa680d900,0xa67fda00,0xa67edb00,0xa67ddc00,0xa67cdd00,0xa67bde00,0xa67adf00,0xa679e000,0xa678e100,
		0xa677e200,0xa676e300,0xa675e400,0xa674e500,0xa673e600,0xa672e700,0xa671e800,0xa670e900,0xa66fea00,0xa66eeb00,
		0xa66dec00,0xa66ced00,0xa66bee00,0xa66aef00,0xa669f000,0xa668f100,0xa667f200,0xa666f300,0xa665f400,0xa664f500,
		0xa663f600,0xa662f700,0xa661f800,0xa660f900,0xa65ffa00,0xa65efb00,0xa65dfc00,0xa65cfd00,0xa65bfe00,0xa65aff00,
		0xa62d0002,0xa6002d03,0xa62b0102,0xa6002d03,0xa6290202,0xa6002d03,0xa6270302,0xa6002d03,0xa6250402,0xa6002d03,
		0xa6230502,0xa6002d03,0xa6210602,0xa6002d03,0xa61f0702,0xa6002d03,0xa61d0802,0xa6002d03,0xa61b0902,0xa6002d03,
		0xa6190a02,0xa6002d03,0xa6170b02,0xa6002d03,0xa6150c02,0xa6002d03,0xa6130d02,0xa6002d03,0xa6110e02,0xa6002d03,
		0xa60f0f02,0xa6002d03,0xa60d1002,0xa6002d03,0xa60b1102,0xa6002d03,0xa6091202,0xa6002d03,0xa6071302,0xa6002d03,
		0xa6051402,0xa6002d03,0xa6031502,0xa6002d03,0xa6011602,0xa6002d03,0xa5ff1702,0xa6002d03,0xa5fd1802,0xa6002d03,
		0xa5fb1902,0xa6002d03,0xa5f91a02,0xa6002d03,0xa5f71b02,0xa6002d03,0xa5f51c02,0xa6002d03,0xa5f31d02,0xa6002d03,
		0xa5f11e02,0xa6002d03,0xa5ef1f02,0xa6002d03,0xa5ed2002,0xa6002d03,0xa5eb2102,0xa6002d03,0xa5e92202,0xa6002d03,
		0xa5e72302,0xa6002d03,0xa5e52402,0xa6002d03,0xa5e32502,0xa6002d03,0xa5e12602,0xa6002d03,0xa5df2702,0xa6002d03,
		0xa5dd2802,0xa6002d03,0xa5db2902,0xa6002d03,0xa5d92a02,0xa6002d03,0xa5d72b02,0xa6002d03,0xa5d52c02,0xa6002d03,
		0xa5d32d02,0xa6002d03,0xa5d12e02,0xa6002d03,0xa5cf2f02,0xa6002d03,0xa5cd3002,0xa6002d03,0xa5cb3102,0xa6002d03,
		0xa5c93202,0xa6002d03,0xa5c73302,0xa6002d03,0xa5c53402,0xa6002d03,0xa5c33502,0xa6002d03,0xa5c13602,0xa6002d03,
		0xa5bf3702,0xa6002d03,0xa5bd3802,0xa6002d03,0xa5bb3902,0xa6002d03,0xa5b93a02,0xa6002d03,0xa5b73b02,0xa6002d03,
		0xa5b53c02,0xa6002d03,0xa5b33d02,0xa6002d03,0xa5b13e02,0xa6002d03,0xa5af3f02,0xa6002d03,0xa5adc002,0xa6002d03,
		0xa5abc102,0xa6002d03,0xa5a9c202,0xa6002d03,0xa5a7c302,0xa6002d03,0xa5a5c402,0xa6002d03,0xa5a3c502,0xa6002d03,
		0xa5a1c602,0xa6002d03,0xa59fc702,0xa6002d03,0xa59dc802,0xa6002d03,0xa59bc902,0xa6002d03,0xa599ca02,0xa6002d03,
		0xa597cb02,0xa6002d03,0xa595cc02,0xa6002d03,0xa593cd02,0xa6002d03,0xa591ce02,0xa6002d03,0xa58fcf02,0xa6002d03,
		0xa58dd002,0xa6002d03,0xa58bd102,0xa6002d03,0xa589d202,0xa6002d03,0xa587d302,0xa6002d03,0xa585d402,0xa6002d03,
		0xa583d502,0xa6002d03,0xa581d602,0xa6002d03,0xa57fd702,0xa6002d03,0xa57dd802,0xa6002d03,0xa57bd902,0xa6002d03,
		0xa579da02,0xa6002d03,0xa577db02,0xa6002d03,0xa575dc02,0xa6002d03,0xa573dd02,0xa6002d03,0xa571de02,0xa6002d03,
		0xa56fdf02,0xa6002d03,0xa56de002,0xa6002d03,0xa56be102,0xa6002d03,0xa569e202,0xa6002d03,0xa567e302,0xa6002d03,
		0xa565e402,0xa6002d03,0xa563e502,0xa6002d03,0xa561e602,0xa6002d03,0xa55fe702,0xa6002d03,0xa55de802,0xa6002d03,
		0xa55be902,0xa6002d03,0xa559ea02,0xa6002d03,0xa557eb02,0xa6002d03,0xa555ec02,0xa6002d03,0xa553ed02,0xa6002d03,
		0xa551ee02,0xa6002d03,0xa54fef02,0xa6002d03,0xa54df002,0xa6002d03,0xa54bf102,0xa6002d03,0xa549f202,0xa6002d03,
		0xa547f302,0xa6002d03,0xa545f402,0xa6002d03,0xa543f502,0xa6002d03,0xa541f602,0xa6002d03,0xa53ff702,0xa6002d03,
		0xa53df802,0xa6002d03,0xa53bf902,0xa6002d03,0xa539fa02,0xa6002d03,0xa537fb02,0xa6002d03,0xa535fc02,0xa6002d03,
		0xa533fd02,0xa6002d03,0xa531fe02,0xa6002d03,0xa52fff02,0xa6002d03,0xa55b0000,0xa55a0100,0xa5590200,0xa5580300,
		0xa5570400,0xa5560500,0xa5550600,0xa5540700,0xa5530800,0xa5520900,0xa5510a00,0xa5500b00,0xa54f0c00,0xa54e0d00,
		0xa54d0e00,0xa54c0f00,0xa54b1000,0xa54a1100,0xa5491200,0xa5481300,0xa5471400,0xa5461500,0xa5451600,0xa5441700,
		0xa5431800,0xa5421900,0xa5411a00,0xa5401b00,0xa53f1c00,0xa53e1d00,0xa53d1e00,0xa53c1f00,0xa53b2000,0xa53a2100,
		0xa5392200,0xa5382300,0xa5372400,0xa5362500,0xa5352600,0xa5342700,0xa5332800,0xa5322900,0xa5312a00,0xa5302b00,
		0xa52f2c00,0xa52e2d00,0xa52d2e00,0xa52c2f00,0xa52b3000,0xa52a3100,0xa5293200,0xa5283300,0xa5273400,0xa5263500,
		0xa5253600,0xa5243700,0xa5233800,0xa5223900,0xa5213a00,0xa5203b00,0xa51f3c00,0xa51e3d00,0xa51d3e00,0xa51c3f00,
		0xa51b4000,0xa51a4100,0xa5194200,0xa5184300,0xa5174400,0xa5164500,0xa5154600,0xa5144700,0xa5134800,0xa5124900,
		0xa5114a00,0xa5104b00,0xa50f4c00,0xa50e4d00,0xa50d4e00,0xa50c4f00,0xa50b5000,0xa50a5100,0xa5095200,0xa5085300,
		0xa5075400,0xa5065500,0xa5055600,0xa5045700,0xa5035800,0xa5025900,0xa5015a00,0xa5005b00,0xa4ff5c00,0xa4fe5d00,
		0xa4fd5e00,0xa4fc5f00,0xa4fb6000,0xa4fa6100,0xa4f96200,0xa4f86300,0xa4f76400,0xa4f66500,0xa4f56600,0xa4f46700,
		0xa4f36800,0xa4f26900,0xa4f16a00,0xa4f06b00,0xa4ef6c00,0xa4ee6d00,0xa4ed6e00,0xa4ec6f00,0xa4eb7000,0xa4ea7100,
		0xa4e97200,0xa4e87300,0xa4e77400,0xa4e67500,0xa4e57600,0xa4e47700,0xa4e37800,0xa4e27900,0xa4e17a00,0xa4e07b00,
		0xa4df7c00,0xa4de7d00,0xa4dd7e00,0xa4dc7f00,0xa4db8000,0xa4da8100,0xa4d98200,0xa4d88300,0xa4d78400,0xa4d68500,
		0xa4d58600,0xa4d48700,0xa4d38800,0xa4d28900,0xa4d18a00,0xa4d08b00,0xa4cf8c00,0xa4ce8d00,0xa4cd8e00,0xa4cc8f00,
		0xa4cb9000,0xa4ca9100,0xa4c99200,0xa4c89300,0xa4c79400,0xa4c69500,0xa4c59600,0xa4c49700,0xa4c39800,0xa4c29900,
		0xa4c19a00,0xa4c09b00,0xa4bf9c00,0xa4be9d00,0xa4bd9e00,0xa4bc9f00,0xa4bba000,0xa4baa100,0xa4b9a200,0xa4b8a300,
		0xa4b7a400,0xa4b6a500,0xa4b5a600,0xa4b4a700,0xa4b3a800,0xa4b2a900,0xa4b1aa00,0xa4b0ab00,0xa4afac00,0xa4aead00,
		0xa4adae00,0xa4acaf00,0xa4abb000,0xa4aab100,0xa4a9b200,0xa4a8b300,0xa4a7b400,0xa4a6b500,0xa4a5b600,0xa4a4b700,
		0xa4a3b800,0xa4a2b900,0xa4a1ba00,0xa4a0bb00,0xa49fbc00,0xa49ebd00,0xa49dbe00,0xa49cbf00,0xa49bc000,0xa49ac100,
		0xa499c200,0xa498c300,0xa497c400,0xa496c500,0xa495c600,0xa494c700,0xa493c800,0xa492c900,0xa491ca00,0xa490cb00,
		0xa48fcc00,0xa48ecd00,0xa48dce00,0xa48ccf00,0xa48bd000,0xa48ad100,0xa489d200,0xa488d300,0xa487d400,0xa486d500,
		0xa485d600,0xa484d700,0xa483d800,0xa482d900,0xa481da00,0xa480db00,0xa47fdc00,0xa47edd00,0xa47dde00,0xa47cdf00,
		0xa47be000,0xa47ae100,0xa479e200,0xa478e300,0xa477e400,0xa476e500,0xa475e600,0xa474e700,0xa473e800,0xa472e900,
		0xa471ea00,0xa470eb00,0xa46fec00,0xa46eed00,0xa46dee00,0xa46cef00,0xa46bf000,0xa46af100,0xa469f200,0xa468f300,
		0xa467f400,0xa466f500,0xa465f600,0xa464f700,0xa463f800,0xa462f900,0xa461fa00,0xa460fb00,0xa45ffc00,0xa45efd00,
		0xa45dfe00,0xa45cff00,0xa4170004,0xa4002e05,0xa3ff1705,0xa4002e05,0xa4130104,0xa4002e05,0xa3fd1705,0xa4002e05,
		0xa40f0204,0xa4002e05,0xa3fb1705,0xa4002e05,0xa40b0304,0xa4002e05,0xa3f91705,0xa4002e05,0xa4070404,0xa4002e05,
		0xa3f71705,0xa4002e05,0xa4030504,0xa4002e05,0xa3f51705,0xa4002e05,0xa3ff0604,0xa4002e05,0xa3f31705,0xa4002e05,
		0xa3fb0704,0xa4002e05,0xa3f11705,0xa4002e05,0xa3f70804,0xa4002e05,0xa3ef1705,0xa4002e05,0xa3f30904,0xa4002e05,
		0xa3ed1705,0xa4002e05,0xa3ef0a04,0xa4002e05,0xa3eb1705,0xa4002e05,0xa3eb0b04,0xa4002e05,0xa3e91705,0xa4002e05,
		0xa3e70c04,0xa4002e05,0xa3e71705,0xa4002e05,0xa3e30d04,0xa4002e05,0xa3e51705,0xa4002e05,0xa3df0e04,0xa4002e05,
		0xa3e31705,0xa4002e05,0xa3db0f04,0xa4002e05,0xa3e11705,0xa4002e05,0xa3d71004,0xa4002e05,0xa3df1705,0xa4002e05,
		0xa3d31104,0xa4002e05,0xa3dd1705,0xa4002e05,0xa3cf1204,0xa4002e05,0xa3db1705,0xa4002e05,0xa3cb1304,0xa4002e05,
		0xa3d91705,0xa4002e05,0xa3c71404,0xa4002e05,0xa3d71705,0xa4002e05,0xa3c31504,0xa4002e05,0xa3d51705,0xa4002e05,
		0xa3bf1604,0xa4002e05,0xa3d31705,0xa4002e05,0xa3bb1704,0xa4002e05,0xa3d11705,0xa4002e05,0xa3b71804,0xa4002e05,
		0xa3cf1705,0xa4002e05,0xa3b31904,0xa4002e05,0xa3cd1705,0xa4002e05,0xa3af1a04,0xa4002e05,0xa3cb1705,0xa4002e05,
		0xa3ab1b04,0xa4002e05,0xa3c91705,0xa4002e05,0xa3a71c04,0xa4002e05,0xa3c71705,0xa4002e05,0xa3a31d04,0xa4002e05,
		0xa3c51705,0xa4002e05,0xa39f1e04,0xa4002e05,0xa3c31705,0xa4002e05,0xa39b1f04,0xa4002e05,0xa3c11705,0xa4002e05,
		0xa397e004,0xa4002e05,0xa43f1705,0xa4002e05,0xa393e104,0xa4002e05,0xa43d1705,0xa4002e05,0xa38fe204,0xa4002e05,
		0xa43b1705,0xa4002e05,0xa38be304,0xa4002e05,0xa4391705,0xa4002e05,0xa387e404,0xa4002e05,0xa4371705,0xa4002e05,
		0xa383e504,0xa4002e05,0xa4351705,0xa4002e05,0xa37fe604,0xa4002e05,0xa4331705,0xa4002e05,0xa37be704,0xa4002e05,
		0xa4311705,0xa4002e05,0xa377e804,0xa4002e05,0xa42f1705,0xa4002e05,0xa373e904,0xa4002e05,0xa42d1705,0xa4002e05,
		0xa36fea04,0xa4002e05,0xa42b1705,0xa4002e05,0xa36beb04,0xa4002e05,0xa4291705,0xa4002e05,0xa367ec04,0xa4002e05,
		0xa4271705,0xa4002e05,0xa363ed04,0xa4002e05,0xa4251705,0xa4002e05,0xa35fee04,0xa4002e05,0xa4231705,0xa4002e05,
		0xa35bef04,0xa4002e05,0xa4211705,0xa4002e05,0xa357f004,0xa4002e05,0xa41f1705,0xa4002e05,0xa353f104,0xa4002e05,
		0xa41d1705,0xa4002e05,0xa34ff204,0xa4002e05,0xa41b1705,0xa4002e05,0xa34bf304,0xa4002e05,0xa4191705,0xa4002e05,
		0xa347f404,0xa4002e05,0xa4171705,0xa4002e05,0xa343f504,0xa4002e05,0xa4151705,0xa4002e05,0xa33ff604,0xa4002e05,
		0xa4131705,0xa4002e05,0xa33bf704,0xa4002e05,0xa4111705,0xa4002e05,0xa337f804,0xa4002e05,0xa40f1705,0xa4002e05,
		0xa333f904,0xa4002e05,0xa40d1705,0xa4002e05,0xa32ffa04,0xa4002e05,0xa40b1705,0xa4002e05,0xa32bfb04,0xa4002e05,
		0xa4091705,0xa4002e05,0xa327fc04,0xa4002e05,0xa4071705,0xa4002e05,0xa323fd04,0xa4002e05,0xa4051705,0xa4002e05,
		0xa31ffe04,0xa4002e05,0xa4031705,0xa4002e05,0xa31bff04,0xa4002e05,0xa4011705,0xa4002e05,0xa35d0000,0xa35c0100,
		0xa35b0200,0xa35a0300,0xa3590400,0xa3580500,0xa3570600,0xa3560700,0xa3550800,0xa3540900,0xa3530a00,0xa3520b00,
		0xa3510c00,0xa3500d00,0xa34f0e00,0xa34e0f00,0xa34d1000,0xa34c1100,0xa34b1200,0xa34a1300,0xa3491400,0xa3481500,
		0xa3471600,0xa3461700,0xa3451800,0xa3441900,0xa3431a00,0xa3421b00,0xa3411c00,0xa3401d00,0xa33f1e00,0xa33e1f00,
		0xa33d2000,0xa33c2100,0xa33b2200,0xa33a2300,0xa3392400,0xa3382500,0xa3372600,0xa3362700,0xa3352800,0xa3342900,
		0xa3332a00,0xa3322b00,0xa3312c00,0xa3302d00,0xa32f2e00,0xa32e2f00,0xa32d3000,0xa32c3100,0xa32b3200,0xa32a3300,
		0xa3293400,0xa3283500,0xa3273600,0xa3263700,0xa3253800,0xa3243900,0xa3233a00,0xa3223b00,0xa3213c00,0xa3203d00,
		0xa31f3e00,0xa31e3f00,0xa31d4000,0xa31c4100,0xa31b4200,0xa31a4300,0xa3194400,0xa3184500,0xa3174600,0xa3164700,
		0xa3154800,0xa3144900,0xa3134a00,0xa3124b00,0xa3114c00,0xa3104d00,0xa30f4e00,0xa30e4f00,0xa30d5000,0xa30c5100,
		0xa30b5200,0xa30a5300,0xa3095400,0xa3085500,0xa3075600,0xa3065700,0xa3055800,0xa3045900,0xa3035a00,0xa3025b00,
		0xa3015c00,0xa3005d00,0xa2ff5e00,0xa2fe5f00,0xa2fd6000,0xa2fc6100,0xa2fb6200,0xa2fa6300,0xa2f96400,0xa2f86500,
		0xa2f76600,0xa2f66700,0xa2f56800,0xa2f46900,0xa2f36a00,0xa2f26b00,0xa2f16c00,0xa2f06d00,0xa2ef6e00,0xa2ee6f00,
		0xa2ed7000,0xa2ec7100,0xa2eb7200,0xa2ea7300,0xa2e97400,0xa2e87500,0xa2e77600,0xa2e67700,0xa2e57800,0xa2e47900,
		0xa2e37a00,0xa2e27b00,0xa2e17c00,0xa2e07d00,0xa2df7e00,0xa2de7f00,0xa2dd8000,0xa2dc8100,0xa2db8200,0xa2da8300,
		0xa2d98400,0xa2d88500,0xa2d78600,0xa2d68700,0xa2d58800,0xa2d48900,0xa2d38a00,0xa2d28b00,0xa2d18c00,0xa2d08d00,
		0xa2cf8e00,0xa2ce8f00,0xa2cd9000,0xa2cc9100,0xa2cb9200,0xa2ca9300,0xa2c99400,0xa2c89500,0xa2c79600,0xa2c69700,
		0xa2c59800,0xa2c49900,0xa2c39a00,0xa2c29b00,0xa2c19c00,0xa2c09d00,0xa2bf9e00,0xa2be9f00,0xa2bda000,0xa2bca100,
		0xa2bba200,0xa2baa300,0xa2b9a400,0xa2b8a500,0xa2b7a600,0xa2b6a700,0xa2b5a800,0xa2b4a900,0xa2b3aa00,0xa2b2ab00,
		0xa2b1ac00,0xa2b0ad00,0xa2afae00,0xa2aeaf00,0xa2adb000,0xa2acb100,0xa2abb200,0xa2aab300,0xa2a9b400,0xa2a8b500,
		0xa2a7b600,0xa2a6b700,0xa2a5b800,0xa2a4b900,0xa2a3ba00,0xa2a2bb00,0xa2a1bc00,0xa2a0bd00,0xa29fbe00,0xa29ebf00,
		0xa29dc000,0xa29cc100,0xa29bc200,0xa29ac300,0xa299c400,0xa298c500,0xa297c600,0xa296c700,0xa295c800,0xa294c900,
		0xa293ca00,0xa292cb00,0xa291cc00,0xa290cd00,0xa28fce00,0xa28ecf00,0xa28dd000,0xa28cd100,0xa28bd200,0xa28ad300,
		0xa289d400,0xa288d500,0xa287d600,0xa286d700,0xa285d800,0xa284d900,0xa283da00,0xa282db00,0xa281dc00,0xa280dd00,
		0xa27fde00,0xa27edf00,0xa27de000,0xa27ce100,0xa27be200,0xa27ae300,0xa279e400,0xa278e500,0xa277e600,0xa276e700,
		0xa275e800,0xa274e900,0xa273ea00,0xa272eb00,0xa271ec00,0xa270ed00,0xa26fee00,0xa26eef00,0xa26df000,0xa26cf100,
		0xa26bf200,0xa26af300,0xa269f400,0xa268f500,0xa267f600,0xa266f700,0xa265f800,0xa264f900,0xa263fa00,0xa262fb00,
		0xa261fc00,0xa260fd00,0xa25ffe00,0xa25eff00,0xa22f0002,0xa2002f03,0xa22d0102,0xa2002f03,0xa22b0202,0xa2002f03,
		0xa2290302,0xa2002f03,0xa2270402,0xa2002f03,0xa2250502,0xa2002f03,0xa2230602,0xa2002f03,0xa2210702,0xa2002f03,
		0xa21f0802,0xa2002f03,0xa21d0902,0xa2002f03,0xa21b0a02,0xa2002f03,0xa2190b02,0xa2002f03,0xa2170c02,0xa2002f03,
		0xa2150d02,0xa2002f03,0xa2130e02,0xa2002f03,0xa2110f02,0xa2002f03,0xa20f1002,0xa2002f03,0xa20d1102,0xa2002f03,
		0xa20b1202,0xa2002f03,0xa2091302,0xa2002f03,0xa2071402,0xa2002f03,0xa2051502,0xa2002f03,0xa2031602,0xa2002f03,
		0xa2011702,0xa2002f03,0xa1ff1802,0xa2002f03,0xa1fd1902,0xa2002f03,0xa1fb1a02,0xa2002f03,0xa1f91b02,0xa2002f03,
		0xa1f71c02,0xa2002f03,0xa1f51d02,0xa2002f03,0xa1f31e02,0xa2002f03,0xa1f11f02,0xa2002f03,0xa1ef2002,0xa2002f03,
		0xa1ed2102,0xa2002f03,0xa1eb2202,0xa2002f03,0xa1e92302,0xa2002f03,0xa1e72402,0xa2002f03,0xa1e52502,0xa2002f03,
		0xa1e32602,0xa2002f03,0xa1e12702,0xa2002f03,0xa1df2802,0xa2002f03,0xa1dd2902,0xa2002f03,0xa1db2a02,0xa2002f03,
		0xa1d92b02,0xa2002f03,0xa1d72c02,0xa2002f03,0xa1d52d02,0xa2002f03,0xa1d32e02,0xa2002f03,0xa1d12f02,0xa2002f03,
		0xa1cf3002,0xa2002f03,0xa1cd3102,0xa2002f03,0xa1cb3202,0xa2002f03,0xa1c93302,0xa2002f03,0xa1c73402,0xa2002f03,
		0xa1c53502,0xa2002f03,0xa1c33602,0xa2002f03,0xa1c13702,0xa2002f03,0xa1bf3802,0xa2002f03,0xa1bd3902,0xa2002f03,
		0xa1bb3a02,0xa2002f03,0xa1b93b02,0xa2002f03,0xa1b73c02,0xa2002f03,0xa1b53d02,0xa2002f03,0xa1b33e02,0xa2002f03,
		0xa1b13f02,0xa2002f03,0xa1afc002,0xa2002f03,0xa1adc102,0xa2002f03,0xa1abc202,0xa2002f03,0xa1a9c302,0xa2002f03,
		0xa1a7c402,0xa2002f03,0xa1a5c502,0xa2002f03,0xa1a3c602,0xa2002f03,0xa1a1c702,0xa2002f03,0xa19fc802,0xa2002f03,
		0xa19dc902,0xa2002f03,0xa19bca02,0xa2002f03,0xa199cb02,0xa2002f03,0xa197cc02,0xa2002f03,0xa195cd02,0xa2002f03,
		0xa193ce02,0xa2002f03,0xa191cf02,0xa2002f03,0xa18fd002,0xa2002f03,0xa18dd102,0xa2002f03,0xa18bd202,0xa2002f03,
		0xa189d302,0xa2002f03,0xa187d402,0xa2002f03,0xa185d502,0xa2002f03,0xa183d602,0xa2002f03,0xa181d702,0xa2002f03,
		0xa17fd802,0xa2002f03,0xa17dd902,0xa2002f03,0xa17bda02,0xa2002f03,0xa179db02,0xa2002f03,0xa177dc02,0xa2002f03,
		0xa175dd02,0xa2002f03,0xa173de02,0xa2002f03,0xa171df02,0xa2002f03,0xa16fe002,0xa2002f03,0xa16de102,0xa2002f03,
		0xa16be202,0xa2002f03,0xa169e302,0xa2002f03,0xa167e402,0xa2002f03,0xa165e502,0xa2002f03,0xa163e602,0xa2002f03,
		0xa161e702,0xa2002f03,0xa15fe802,0xa2002f03,0xa15de902,0xa2002f03,0xa15bea02,0xa2002f03,0xa159eb02,0xa2002f03,
		0xa157ec02,0xa2002f03,0xa155ed02,0xa2002f03,0xa153ee02,0xa2002f03,0xa151ef02,0xa2002f03,0xa14ff002,0xa2002f03,
		0xa14df102,0xa2002f03,0xa14bf202,0xa2002f03,0xa149f302,0xa2002f03,0xa147f402,0xa2002f03,0xa145f502,0xa2002f03,
		0xa143f602,0xa2002f03,0xa141f702,0xa2002f03,0xa13ff802,0xa2002f03,0xa13df902,0xa2002f03,0xa13bfa02,0xa2002f03,
		0xa139fb02,0xa2002f03,0xa137fc02,0xa2002f03,0xa135fd02,0xa2002f03,0xa133fe02,0xa2002f03,0xa131ff02,0xa2002f03,
		0xa15f0000,0xa15e0100,0xa15d0200,0xa15c0300,0xa15b0400,0xa15a0500,0xa1590600,0xa1580700,0xa1570800,0xa1560900,
		0xa1550a00,0xa1540b00,0xa1530c00,0xa1520d00,0xa1510e00,0xa1500f00,0xa14f1000,0xa14e1100,0xa14d1200,0xa14c1300,
		0xa14b1400,0xa14a1500,0xa1491600,0xa1481700,0xa1471800,0xa1461900,0xa1451a00,0xa1441b00,0xa1431c00,0xa1421d00,
		0xa1411e00,0xa1401f00,0xa13f2000,0xa13e2100,0xa13d2200,0xa13c2300,0xa13b2400,0xa13a2500,0xa1392600,0xa1382700,
		0xa1372800,0xa1362900,0xa1352a00,0xa1342b00,0xa1332c00,0xa1322d00,0xa1312e00,0xa1302f00,0xa12f3000,0xa12e3100,
		0xa12d3200,0xa12c3300,0xa12b3400,0xa12a3500,0xa1293600,0xa1283700,0xa1273800,0xa1263900,0xa1253a00,0xa1243b00,
		0xa1233c00,0xa1223d00,0xa1213e00,0xa1203f00,0xa11f4000,0xa11e4100,0xa11d4200,0xa11c4300,0xa11b4400,0xa11a4500,
		0xa1194600,0xa1184700,0xa1174800,0xa1164900,0xa1154a00,0xa1144b00,0xa1134c00,0xa1124d00,0xa1114e00,0xa1104f00,
		0xa10f5000,0xa10e5100,0xa10d5200,0xa10c5300,0xa10b5400,0xa10a5500,0xa1095600,0xa1085700,0xa1075800,0xa1065900,
		0xa1055a00,0xa1045b00,0xa1035c00,0xa1025d00,0xa1015e00,0xa1005f00,0xa0ff6000,0xa0fe6100,0xa0fd6200,0xa0fc6300,
		0xa0fb6400,0xa0fa6500,0xa0f96600,0xa0f86700,0xa0f76800,0xa0f66900,0xa0f56a00,0xa0f46b00,0xa0f36c00,0xa0f26d00,
		0xa0f16e00,0xa0f06f00,0xa0ef7000,0xa0ee7100,0xa0ed7200,0xa0ec7300,0xa0eb7400,0xa0ea7500,0xa0e97600,0xa0e87700,
		0xa0e77800,0xa0e67900,0xa0e57a00,0xa0e47b00,0xa0e37c00,0xa0e27d00,0xa0e17e00,0xa0e07f00,0xa0df8000,0xa0de8100,
		0xa0dd8200,0xa0dc8300,0xa0db8400,0xa0da8500,0xa0d98600,0xa0d88700,0xa0d78800,0xa0d68900,0xa0d58a00,0xa0d48b00,
		0xa0d38c00,0xa0d28d00,0xa0d18e00,0xa0d08f00,0xa0cf9000,0xa0ce9100,0xa0cd9200,0xa0cc9300,0xa0cb9400,0xa0ca9500,
		0xa0c99600,0xa0c89700,0xa0c79800,0xa0c69900,0xa0c59a00,0xa0c49b00,0xa0c39c00,0xa0c29d00,0xa0c19e00,0xa0c09f00,
		0xa0bfa000,0xa0bea100,0xa0bda200,0xa0bca300,0xa0bba400,0xa0baa500,0xa0b9a600,0xa0b8a700,0xa0b7a800,0xa0b6a900,
		0xa0b5aa00,0xa0b4ab00,0xa0b3ac00,0xa0b2ad00,0xa0b1ae00,0xa0b0af00,0xa0afb000,0xa0aeb100,0xa0adb200,0xa0acb300,
		0xa0abb400,0xa0aab500,0xa0a9b600,0xa0a8b700,0xa0a7b800,0xa0a6b900,0xa0a5ba00,0xa0a4bb00,0xa0a3bc00,0xa0a2bd00,
		0xa0a1be00,0xa0a0bf00,0xa09fc000,0xa09ec100,0xa09dc200,0xa09cc300,0xa09bc400,0xa09ac500,0xa099c600,0xa098c700,
		0xa097c800,0xa096c900,0xa095ca00,0xa094cb00,0xa093cc00,0xa092cd00,0xa091ce00,0xa090cf00,0xa08fd000,0xa08ed100,
		0xa08dd200,0xa08cd300,0xa08bd400,0xa08ad500,0xa089d600,0xa088d700,0xa087d800,0xa086d900,0xa085da00,0xa084db00,
		0xa083dc00,0xa082dd00,0xa081de00,0xa080df00,0xa07fe000,0xa07ee100,0xa07de200,0xa07ce300,0xa07be400,0xa07ae500,
		0xa079e600,0xa078e700,0xa077e800,0xa076e900,0xa075ea00,0xa074eb00,0xa073ec00,0xa072ed00,0xa071ee00,0xa070ef00,
		0xa06ff000,0xa06ef100,0xa06df200,0xa06cf300,0xa06bf400,0xa06af500,0xa069f600,0xa068f700,0xa067f800,0xa066f900,
		0xa065fa00,0xa064fb00,0xa063fc00,0xa062fd00,0xa061fe00,0xa060ff00,0xa003000a,0xa000300b,0x9fff180b,0xa000300b,
		0x9ffd0c0b,0xa000300b,0x9ffd180b,0xa000300b,0x9ff9060b,0xa000300b,0x9ffb180b,0xa000300b,0x9ff70c0b,0xa000300b,
		0x9ff9180b,0xa000300b,0x9ff1030b,0xa000300b,0x9ff7180b,0xa000300b,0x9ff10c0b,0xa000300b,0x9ff5180b,0xa000300b,
		0x9feb060b,0xa000300b,0x9ff3180b,0xa000300b,0x9feb0c0b,0xa000300b,0x9ff1180b,0xa000300b,0x9fe3010a,0xa000300b,
		0x9fef180b,0xa000300b,0x9fe50c0b,0xa000300b,0x9fed180b,0xa000300b,0x9fdd060b,0xa000300b,0x9feb180b,0xa000300b,
		0x9fdf0c0b,0xa000300b,0x9fe9180b,0xa000300b,0x9fd3030b,0xa000300b,0x9fe7180b,0xa000300b,0x9fd90c0b,0xa000300b,
		0x9fe5180b,0xa000300b,0x9fcf060b,0xa000300b,0x9fe3180b,0xa000300b,0x9fd30c0b,0xa000300b,0x9fe1180b,0xa000300b,
		0x9fc3020a,0xa000300b,0x9fdf180b,0xa000300b,0x9fcd0c0b,0xa000300b,0x9fdd180b,0xa000300b,0x9fc1060b,0xa000300b,
		0x9fdb180b,0xa000300b,0x9fc70c0b,0xa000300b,0x9fd9180b,0xa000300b,0x9fb5030b,0xa000300b,0x9fd7180b,0xa000300b,
		0x9fc10c0b,0xa000300b,0x9fd5180b,0xa000300b,0x9fb3060b,0xa000300b,0x9fd3180b,0xa000300b,0x9fbb0c0b,0xa000300b,
		0x9fd1180b,0xa000300b,0x9fa3030a,0xa000300b,0x9fcf180b,0xa000300b,0x9fb50c0b,0xa000300b,0x9fcd180b,0xa000300b,
		0x9fa5060b,0xa000300b,0x9fcb180b,0xa000300b,0x9faf0c0b,0xa000300b,0x9fc9180b,0xa000300b,0x9f97030b,0xa000300b,
		0x9fc7180b,0xa000300b,0x9fa90c0b,0xa000300b,0x9fc5180b,0xa000300b,0x9f97060b,0xa000300b,0x9fc3180b,0xa000300b,
		0x9fa30c0b,0xa000300b,0x9fc1180b,0xa000300b,0x9f83fc0a,0xa000300b,0xa03f180b,0xa000300b,0xa05d0c0b,0xa000300b,
		0xa03d180b,0xa000300b,0xa069060b,0xa000300b,0xa03b180b,0xa000300b,0xa0570c0b,0xa000300b,0xa039180b,0xa000300b,
		0xa069030b,0xa000300b,0xa037180b,0xa000300b,0xa0510c0b,0xa000300b,0xa035180b,0xa000300b,0xa05b060b,0xa000300b,
		0xa033180b,0xa000300b,0xa04b0c0b,0xa000300b,0xa031180b,0xa000300b,0x9f63fd0a,0xa000300b,0xa02f180b,0xa000300b,
		0xa0450c0b,0xa000300b,0xa02d180b,0xa000300b,0xa04d060b,0xa000300b,0xa02b180b,0xa000300b,0xa03f0c0b,0xa000300b,
		0xa029180b,0xa000300b,0xa04b030b,0xa000300b,0xa027180b,0xa000300b,0xa0390c0b,0xa000300b,0xa025180b,0xa000300b,
		0xa03f060b,0xa000300b,0xa023180b,0xa000300b,0xa0330c0b,0xa000300b,0xa021180b,0xa000300b,0x9f43fe0a,0xa000300b,
		0xa01f180b,0xa000300b,0xa02d0c0b,0xa000300b,0xa01d180b,0xa000300b,0xa031060b,0xa000300b,0xa01b180b,0xa000300b,
		0xa0270c0b,0xa000300b,0xa019180b,0xa000300b,0xa02d030b,0xa000300b,0xa017180b,0xa000300b,0xa0210c0b,0xa000300b,
		0xa015180b,0xa000300b,0xa023060b,0xa000300b,0xa013180b,0xa000300b,0xa01b0c0b,0xa000300b,0xa011180b,0xa000300b,
		0x9f23ff0a,0xa000300b,0xa00f180b,0xa000300b,0xa0150c0b,0xa000300b,0xa00d180b,0xa000300b,0xa015060b,0xa000300b,
		0xa00b180b,0xa000300b,0xa00f0c0b,0xa000300b,0xa009180b,0xa000300b,0xa00f030b,0xa000300b,0xa007180b,0xa000300b,
		0xa0090c0b,0xa000300b,0xa005180b,0xa000300b,0xa007060b,0xa000300b,0xa003180b,0xa000300b,0xa0030c0b,0xa000300b,
		0xa001180b,0xa000300b,0x9f610000,0x9f600100,0x9f5f0200,0x9f5e0300,0x9f5d0400,0x9f5c0500,0x9f5b0600,0x9f5a0700,
		0x9f590800,0x9f580900,0x9f570a00,0x9f560b00,0x9f550c00,0x9f540d00,0x9f530e00,0x9f520f00,0x9f511000,0x9f501100,
		0x9f4f1200,0x9f4e1300,0x9f4d1400,0x9f4c1500,0x9f4b1600,0x9f4a1700,0x9f491800,0x9f481900,0x9f471a00,0x9f461b00,
		0x9f451c00,0x9f441d00,0x9f431e00,0x9f421f00,0x9f412000,0x9f402100,0x9f3f2200,0x9f3e2300,0x9f3d2400,0x9f3c2500,
		0x9f3b2600,0x9f3a2700,0x9f392800,0x9f382900,0x9f372a00,0x9f362b00,0x9f352c00,0x9f342d00,0x9f332e00,0x9f322f00,
		0x9f313000,0x9f303100,0x9f2f3200,0x9f2e3300,0x9f2d3400,0x9f2c3500,0x9f2b3600,0x9f2a3700,0x9f293800,0x9f283900,
		0x9f273a00,0x9f263b00,0x9f253c00,0x9f243d00,0x9f233e00,0x9f223f00,0x9f214000,0x9f204100,0x9f1f4200,0x9f1e4300,
		0x9f1d4400,0x9f1c4500,0x9f1b4600,0x9f1a4700,0x9f194800,0x9f184900,0x9f174a00,0x9f164b00,0x9f154c00,0x9f144d00,
		0x9f134e00,0x9f124f00,0x9f115000,0x9f105100,0x9f0f5200,0x9f0e5300,0x9f0d5400,0x9f0c5500,0x9f0b5600,0x9f0a5700,
		0x9f095800,0x9f085900,0x9f075a00,0x9f065b00,0x9f055c00,0x9f045d00,0x9f035e00,0x9f025f00,0x9f016000,0x9f006100,
		0x9eff6200,0x9efe6300,0x9efd6400,0x9efc6500,0x9efb6600,0x9efa6700,0x9ef96800,0x9ef86900,0x9ef76a00,0x9ef66b00,
		0x9ef56c00,0x9ef46d00,0x9ef36e00,0x9ef26f00,0x9ef17000,0x9ef07100,0x9eef7200,0x9eee7300,0x9eed7400,0x9eec7500,
		0x9eeb7600,0x9eea7700,0x9ee97800,0x9ee87900,0x9ee77a00,0x9ee67b00,0x9ee57c00,0x9ee47d00,0x9ee37e00,0x9ee27f00,
		0x9ee18000,0x9ee08100,0x9edf8200,0x9ede8300,0x9edd8400,0x9edc8500,0x9edb8600,0x9eda8700,0x9ed98800,0x9ed88900,
		0x9ed78a00,0x9ed68b00,0x9ed58c00,0x9ed48d00,0x9ed38e00,0x9ed28f00,0x9ed19000,0x9ed09100,0x9ecf9200,0x9ece9300,
		0x9ecd9400,0x9ecc9500,0x9ecb9600,0x9eca9700,0x9ec99800,0x9ec89900,0x9ec79a00,0x9ec69b00,0x9ec59c00,0x9ec49d00,
		0x9ec39e00,0x9ec29f00,0x9ec1a000,0x9ec0a100,0x9ebfa200,0x9ebea300,0x9ebda400,0x9ebca500,0x9ebba600,0x9ebaa700,
		0x9eb9a800,0x9eb8a900,0x9eb7aa00,0x9eb6ab00,0x9eb5ac00,0x9eb4ad00,0x9eb3ae00,0x9eb2af00,0x9eb1b000,0x9eb0b100,
		0x9eafb200,0x9eaeb300,0x9eadb400,0x9eacb500,0x9eabb600,0x9eaab700,0x9ea9b800,0x9ea8b900,0x9ea7ba00,0x9ea6bb00,
		0x9ea5bc00,0x9ea4bd00,0x9ea3be00,0x9ea2bf00,0x9ea1c000,0x9ea0c100,0x9e9fc200,0x9e9ec300,0x9e9dc400,0x9e9cc500,
		0x9e9bc600,0x9e9ac700,0x9e99c800,0x9e98c900,0x9e97ca00,0x9e96cb00,0x9e95cc00,0x9e94cd00,0x9e93ce00,0x9e92cf00,
		0x9e91d000,0x9e90d100,0x9e8fd200,0x9e8ed300,0x9e8dd400,0x9e8cd500,0x9e8bd600,0x9e8ad700,0x9e89d800,0x9e88d900,
		0x9e87da00,0x9e86db00,0x9e85dc00,0x9e84dd00,0x9e83de00,0x9e82df00,0x9e81e000,0x9e80e100,0x9e7fe200,0x9e7ee300,
		0x9e7de400,0x9e7ce500,0x9e7be600,0x9e7ae700,0x9e79e800,0x9e78e900,0x9e77ea00,0x9e76eb00,0x9e75ec00,0x9e74ed00,
		0x9e73ee00,0x9e72ef00,0x9e71f000,0x9e70f100,0x9e6ff200,0x9e6ef300,0x9e6df400,0x9e6cf500,0x9e6bf600,0x9e6af700,
		0x9e69f800,0x9e68f900,0x9e67fa00,0x9e66fb00,0x9e65fc00,0x9e64fd00,0x9e63fe00,0x9e62ff00,0x9e310002,0x9e003103,
		0x9e2f0102,0x9e003103,0x9e2d0202,0x9e003103,0x9e2b0302,0x9e003103,0x9e290402,0x9e003103,0x9e270502,0x9e003103,
		0x9e250602,0x9e003103,0x9e230702,0x9e003103,0x9e210802,0x9e003103,0x9e1f0902,0x9e003103,0x9e1d0a02,0x9e003103,
		0x9e1b0b02,0x9e003103,0x9e190c02,0x9e003103,0x9e170d02,0x9e003103,0x9e150e02,0x9e003103,0x9e130f02,0x9e003103,
		0x9e111002,0x9e003103,0x9e0f1102,0x9e003103,0x9e0d1202,0x9e003103,0x9e0b1302,0x9e003103,0x9e091402,0x9e003103,
		0x9e071502,0x9e003103,0x9e051602,0x9e003103,0x9e031702,0x9e003103,0x9e011802,0x9e003103,0x9dff1902,0x9e003103,
		0x9dfd1a02,0x9e003103,0x9dfb1b02,0x9e003103,0x9df91c02,0x9e003103,0x9df71d02,0x9e003103,0x9df51e02,0x9e003103,
		0x9df31f02,0x9e003103,0x9df12002,0x9e003103,0x9def2102,0x9e003103,0x9ded2202,0x9e003103,0x9deb2302,0x9e003103,
		0x9de92402,0x9e003103,0x9de72502,0x9e003103,0x9de52602,0x9e003103,0x9de32702,0x9e003103,0x9de12802,0x9e003103,
		0x9ddf2902,0x9e003103,0x9ddd2a02,0x9e003103,0x9ddb2b02,0x9e003103,0x9dd92c02,0x9e003103,0x9dd72d02,0x9e003103,
		0x9dd52e02,0x9e003103,0x9dd32f02,0x9e003103,0x9dd13002,0x9e003103,0x9dcf3102,0x9e003103,0x9dcd3202,0x9e003103,
		0x9dcb3302,0x9e003103,0x9dc93402,0x9e003103,0x9dc73502,0x9e003103,0x9dc53602,0x9e003103,0x9dc33702,0x9e003103,
		0x9dc13802,0x9e003103,0x9dbf3902,0x9e003103,0x9dbd3a02,0x9e003103,0x9dbb3b02,0x9e003103,0x9db93c02,0x9e003103,
		0x9db73d02,0x9e003103,0x9db53e02,0x9e003103,0x9db33f02,0x9e003103,0x9db1c002,0x9e003103,0x9dafc102,0x9e003103,
		0x9dadc202,0x9e003103,0x9dabc302,0x9e003103,0x9da9c402,0x9e003103,0x9da7c502,0x9e003103,0x9da5c602,0x9e003103,
		0x9da3c702,0x9e003103,0x9da1c802,0x9e003103,0x9d9fc902,0x9e003103,0x9d9dca02,0x9e003103,0x9d9bcb02,0x9e003103,
		0x9d99cc02,0x9e003103,0x9d97cd02,0x9e003103,0x9d95ce02,0x9e003103,0x9d93cf02,0x9e003103,0x9d91d002,0x9e003103,
		0x9d8fd102,0x9e003103,0x9d8dd202,0x9e003103,0x9d8bd302,0x9e003103,0x9d89d402,0x9e003103,0x9d87d502,0x9e003103,
		0x9d85d602,0x9e003103,0x9d83d702,0x9e003103,0x9d81d802,0x9e003103,0x9d7fd902,0x9e003103,0x9d7dda02,0x9e003103,
		0x9d7bdb02,0x9e003103,0x9d79dc02,0x9e003103,0x9d77dd02,0x9e003103,0x9d75de02,0x9e003103,0x9d73df02,0x9e003103,
		0x9d71e002,0x9e003103,0x9d6fe102,0x9e003103,0x9d6de202,0x9e003103,0x9d6be302,0x9e003103,0x9d69e402,0x9e003103,
		0x9d67e502,0x9e003103,0x9d65e602,0x9e003103,0x9d63e702,0x9e003103,0x9d61e802,0x9e003103,0x9d5fe902,0x9e003103,
		0x9d5dea02,0x9e003103,0x9d5beb02,0x9e003103,0x9d59ec02,0x9e003103,0x9d57ed02,0x9e003103,0x9d55ee02,0x9e003103,
		0x9d53ef02,0x9e003103,0x9d51f002,0x9e003103,0x9d4ff102,0x9e003103,0x9d4df202,0x9e003103,0x9d4bf302,0x9e003103,
		0x9d49f402,0x9e003103,0x9d47f502,0x9e003103,0x9d45f602,0x9e003103,0x9d43f702,0x9e003103,0x9d41f802,0x9e003103,
		0x9d3ff902,0x9e003103,0x9d3dfa02,0x9e003103,0x9d3bfb02,0x9e003103,0x9d39fc02,0x9e003103,0x9d37fd02,0x9e003103,
		0x9d35fe02,0x9e003103,0x9d33ff02,0x9e003103,0x9d630000,0x9d620100,0x9d610200,0x9d600300,0x9d5f0400,0x9d5e0500,
		0x9d5d0600,0x9d5c0700,0x9d5b0800,0x9d5a0900,0x9d590a00,0x9d580b00,0x9d570c00,0x9d560d00,0x9d550e00,0x9d540f00,
		0x9d531000,0x9d521100,0x9d511200,0x9d501300,0x9d4f1400,0x9d4e1500,0x9d4d1600,0x9d4c1700,0x9d4b1800,0x9d4a1900,
		0x9d491a00,0x9d481b00,0x9d471c00,0x9d461d00,0x9d451e00,0x9d441f00,0x9d432000,0x9d422100,0x9d412200,0x9d402300,
		0x9d3f2400,0x9d3e2500,0x9d3d2600,0x9d3c2700,0x9d3b2800,0x9d3a2900,0x9d392a00,0x9d382b00,0x9d372c00,0x9d362d00,
		0x9d352e00,0x9d342f00,0x9d333000,0x9d323100,0x9d313200,0x9d303300,0x9d2f3400,0x9d2e3500,0x9d2d3600,0x9d2c3700,
		0x9d2b3800,0x9d2a3900,0x9d293a00,0x9d283b00,0x9d273c00,0x9d263d00,0x9d253e00,0x9d243f00,0x9d234000,0x9d224100,
		0x9d214200,0x9d204300,0x9d1f4400,0x9d1e4500,0x9d1d4600,0x9d1c4700,0x9d1b4800,0x9d1a4900,0x9d194a00,0x9d184b00,
		0x9d174c00,0x9d164d00,0x9d154e00,0x9d144f00,0x9d135000,0x9d125100,0x9d115200,0x9d105300,0x9d0f5400,0x9d0e5500,
		0x9d0d5600,0x9d0c5700,0x9d0b5800,0x9d0a5900,0x9d095a00,0x9d085b00,0x9d075c00,0x9d065d00,0x9d055e00,0x9d045f00,
		0x9d036000,0x9d026100,0x9d016200,0x9d006300,0x9cff6400,0x9cfe6500,0x9cfd6600,0x9cfc6700,0x9cfb6800,0x9cfa6900,
		0x9cf96a00,0x9cf86b00,0x9cf76c00,0x9cf66d00,0x9cf56e00,0x9cf46f00,0x9cf37000,0x9cf27100,0x9cf17200,0x9cf07300,
		0x9cef7400,0x9cee7500,0x9ced7600,0x9cec7700,0x9ceb7800,0x9cea7900,0x9ce97a00,0x9ce87b00,0x9ce77c00,0x9ce67d00,
		0x9ce57e00,0x9ce47f00,0x9ce38000,0x9ce28100,0x9ce18200,0x9ce08300,0x9cdf8400,0x9cde8500,0x9cdd8600,0x9cdc8700,
		0x9cdb8800,0x9cda8900,0x9cd98a00,0x9cd88b00,0x9cd78c00,0x9cd68d00,0x9cd58e00,0x9cd48f00,0x9cd39000,0x9cd29100,
		0x9cd19200,0x9cd09300,0x9ccf9400,0x9cce9500,0x9ccd9600,0x9ccc9700,0x9ccb9800,0x9cca9900,0x9cc99a00,0x9cc89b00,
		0x9cc79c00,0x9cc69d00,0x9cc59e00,0x9cc49f00,0x9cc3a000,0x9cc2a100,0x9cc1a200,0x9cc0a300,0x9cbfa400,0x9cbea500,
		0x9cbda600,0x9cbca700,0x9cbba800,0x9cbaa900,0x9cb9aa00,0x9cb8ab00,0x9cb7ac00,0x9cb6ad00,0x9cb5ae00,0x9cb4af00,
		0x9cb3b000,0x9cb2b100,0x9cb1b200,0x9cb0b300,0x9cafb400,0x9caeb500,0x9cadb600,0x9cacb700,0x9cabb800,0x9caab900,
		0x9ca9ba00,0x9ca8bb00,0x9ca7bc00,0x9ca6bd00,0x9ca5be00,0x9ca4bf00,0x9ca3c000,0x9ca2c100,0x9ca1c200,0x9ca0c300,
		0x9c9fc400,0x9c9ec500,0x9c9dc600,0x9c9cc700,0x9c9bc800,0x9c9ac900,0x9c99ca00,0x9c98cb00,0x9c97cc00,0x9c96cd00,
		0x9c95ce00,0x9c94cf00,0x9c93d000,0x9c92d100,0x9c91d200,0x9c90d300,0x9c8fd400,0x9c8ed500,0x9c8dd600,0x9c8cd700,
		0x9c8bd800,0x9c8ad900,0x9c89da00,0x9c88db00,0x9c87dc00,0x9c86dd00,0x9c85de00,0x9c84df00,0x9c83e000,0x9c82e100,
		0x9c81e200,0x9c80e300,0x9c7fe400,0x9c7ee500,0x9c7de600,0x9c7ce700,0x9c7be800,0x9c7ae900,0x9c79ea00,0x9c78eb00,
		0x9c77ec00,0x9c76ed00,0x9c75ee00,0x9c74ef00,0x9c73f000,0x9c72f100,0x9c71f200,0x9c70f300,0x9c6ff400,0x9c6ef500,
		0x9c6df600,0x9c6cf700,0x9c6bf800,0x9c6af900,0x9c69fa00,0x9c68fb00,0x9c67fc00,0x9c66fd00,0x9c65fe00,0x9c64ff00,
		0x9c190004,0x9c003205,0x9bff1905,0x9c003205,0x9c150104,0x9c003205,0x9bfd1905,0x9c003205,0x9c110204,0x9c003205,
		0x9bfb1905,0x9c003205,0x9c0d0304,0x9c003205,0x9bf91905,0x9c003205,0x9c090404,0x9c003205,0x9bf71905,0x9c003205,
		0x9c050504,0x9c003205,0x9bf51905,0x9c003205,0x9c010604,0x9c003205,0x9bf31905,0x9c003205,0x9bfd0704,0x9c003205,
		0x9bf11905,0x9c003205,0x9bf90804,0x9c003205,0x9bef1905,0x9c003205,0x9bf50904,0x9c003205,0x9bed1905,0x9c003205,
		0x9bf10a04,0x9c003205,0x9beb1905,0x9c003205,0x9bed0b04,0x9c003205,0x9be91905,0x9c003205,0x9be90c04,0x9c003205,
		0x9be71905,0x9c003205,0x9be50d04,0x9c003205,0x9be51905,0x9c003205,0x9be10e04,0x9c003205,0x9be31905,0x9c003205,
		0x9bdd0f04,0x9c003205,0x9be11905,0x9c003205,0x9bd91004,0x9c003205,0x9bdf1905,0x9c003205,0x9bd51104,0x9c003205,
		0x9bdd1905,0x9c003205,0x9bd11204,0x9c003205,0x9bdb1905,0x9c003205,0x9bcd1304,0x9c003205,0x9bd91905,0x9c003205,
		0x9bc91404,0x9c003205,0x9bd71905,0x9c003205,0x9bc51504,0x9c003205,0x9bd51905,0x9c003205,0x9bc11604,0x9c003205,
		0x9bd31905,0x9c003205,0x9bbd1704,0x9c003205,0x9bd11905,0x9c003205,0x9bb91804,0x9c003205,0x9bcf1905,0x9c003205,
		0x9bb51904,0x9c003205,0x9bcd1905,0x9c003205,0x9bb11a04,0x9c003205,0x9bcb1905,0x9c003205,0x9bad1b04,0x9c003205,
		0x9bc91905,0x9c003205,0x9ba91c04,0x9c003205,0x9bc71905,0x9c003205,0x9ba51d04,0x9c003205,0x9bc51905,0x9c003205,
		0x9ba11e04,0x9c003205,0x9bc31905,0x9c003205,0x9b9d1f04,0x9c003205,0x9bc11905,0x9c003205,0x9b99e004,0x9c003205,
		0x9c3f1905,0x9c003205,0x9b95e104,0x9c003205,0x9c3d1905,0x9c003205,0x9b91e204,0x9c003205,0x9c3b1905,0x9c003205,
		0x9b8de304,0x9c003205,0x9c391905,0x9c003205,0x9b89e404,0x9c003205,0x9c371905,0x9c003205,0x9b85e504,0x9c003205,
		0x9c351905,0x9c003205,0x9b81e604,0x9c003205,0x9c331905,0x9c003205,0x9b7de704,0x9c003205,0x9c311905,0x9c003205,
		0x9b79e804,0x9c003205,0x9c2f1905,0x9c003205,0x9b75e904,0x9c003205,0x9c2d1905,0x9c003205,0x9b71ea04,0x9c003205,
		0x9c2b1905,0x9c003205,0x9b6deb04,0x9c003205,0x9c291905,0x9c003205,0x9b69ec04,0x9c003205,0x9c271905,0x9c003205,
		0x9b65ed04,0x9c003205,0x9c251905,0x9c003205,0x9b61ee04,0x9c003205,0x9c231905,0x9c003205,0x9b5def04,0x9c003205,
		0x9c211905,0x9c003205,0x9b59f004,0x9c003205,0x9c1f1905,0x9c003205,0x9b55f104,0x9c003205,0x9c1d1905,0x9c003205,
		0x9b51f204,0x9c003205,0x9c1b1905,0x9c003205,0x9b4df304,0x9c003205,0x9c191905,0x9c003205,0x9b49f404,0x9c003205,
		0x9c171905,0x9c003205,0x9b45f504,0x9c003205,0x9c151905,0x9c003205,0x9b41f604,0x9c003205,0x9c131905,0x9c003205,
		0x9b3df704,0x9c003205,0x9c111905,0x9c003205,0x9b39f804,0x9c003205,0x9c0f1905,0x9c003205,0x9b35f904,0x9c003205,
		0x9c0d1905,0x9c003205,0x9b31fa04,0x9c003205,0x9c0b1905,0x9c003205,0x9b2dfb04,0x9c003205,0x9c091905,0x9c003205,
		0x9b29fc04,0x9c003205,0x9c071905,0x9c003205,0x9b25fd04,0x9c003205,0x9c051905,0x9c003205,0x9b21fe04,0x9c003205,
		0x9c031905,0x9c003205,0x9b1dff04,0x9c003205,0x9c011905,0x9c003205,0x9b650000,0x9b640100,0x9b630200,0x9b620300,
		0x9b610400,0x9b600500,0x9b5f0600,0x9b5e0700,0x9b5d0800,0x9b5c0900,0x9b5b0a00,0x9b5a0b00,0x9b590c00,0x9b580d00,
		0x9b570e00,0x9b560f00,0x9b551000,0x9b541100,0x9b531200,0x9b521300,0x9b511400,0x9b501500,0x9b4f1600,0x9b4e1700,
		0x9b4d1800,0x9b4c1900,0x9b4b1a00,0x9b4a1b00,0x9b491c00,0x9b481d00,0x9b471e00,0x9b461f00,0x9b452000,0x9b442100,
		0x9b432200,0x9b422300,0x9b412400,0x9b402500,0x9b3f2600,0x9b3e2700,0x9b3d2800,0x9b3c2900,0x9b3b2a00,0x9b3a2b00,
		0x9b392c00,0x9b382d00,0x9b372e00,0x9b362f00,0x9b353000,0x9b343100,0x9b333200,0x9b323300,0x9b313400,0x9b303500,
		0x9b2f3600,0x9b2e3700,0x9b2d3800,0x9b2c3900,0x9b2b3a00,0x9b2a3b00,0x9b293c00,0x9b283d00,0x9b273e00,0x9b263f00,
		0x9b254000,0x9b244100,0x9b234200,0x9b224300,0x9b214400,0x9b204500,0x9b1f4600,0x9b1e4700,0x9b1d4800,0x9b1c4900,
		0x9b1b4a00,0x9b1a4b00,0x9b194c00,0x9b184d00,0x9b174e00,0x9b164f00,0x9b155000,0x9b145100,0x9b135200,0x9b125300,
		0x9b115400,0x9b105500,0x9b0f5600,0x9b0e5700,0x9b0d5800,0x9b0c5900,0x9b0b5a00,0x9b0a5b00,0x9b095c00,0x9b085d00,
		0x9b075e00,0x9b065f00,0x9b056000,0x9b046100,0x9b036200,0x9b026300,0x9b016400,0x9b006500,0x9aff6600,0x9afe6700,
		0x9afd6800,0x9afc6900,0x9afb6a00,0x9afa6b00,0x9af96c00,0x9af86d00,0x9af76e00,0x9af66f00,0x9af57000,0x9af47100,
		0x9af37200,0x9af27300,0x9af17400,0x9af07500,0x9aef7600,0x9aee7700,0x9aed7800,0x9aec7900,0x9aeb7a00,0x9aea7b00,
		0x9ae97c00,0x9ae87d00,0x9ae77e00,0x9ae67f00,0x9ae58000,0x9ae48100,0x9ae38200,0x9ae28300,0x9ae18400,0x9ae08500,
		0x9adf8600,0x9ade8700,0x9add8800,0x9adc8900,0x9adb8a00,0x9ada8b00,0x9ad98c00,0x9ad88d00,0x9ad78e00,0x9ad68f00,
		0x9ad59000,0x9ad49100,0x9ad39200,0x9ad29300,0x9ad19400,0x9ad09500,0x9acf9600,0x9ace9700,0x9acd9800,0x9acc9900,
		0x9acb9a00,0x9aca9b00,0x9ac99c00,0x9ac89d00,0x9ac79e00,0x9ac69f00,0x9ac5a000,0x9ac4a100,0x9ac3a200,0x9ac2a300,
		0x9ac1a400,0x9ac0a500,0x9abfa600,0x9abea700,0x9abda800,0x9abca900,0x9abbaa00,0x9abaab00,0x9ab9ac00,0x9ab8ad00,
		0x9ab7ae00,0x9ab6af00,0x9ab5b000,0x9ab4b100,0x9ab3b200,0x9ab2b300,0x9ab1b400,0x9ab0b500,0x9aafb600,0x9aaeb700,
		0x9aadb800,0x9aacb900,0x9aabba00,0x9aaabb00,0x9aa9bc00,0x9aa8bd00,0x9aa7be00,0x9aa6bf00,0x9aa5c000,0x9aa4c100,
		0x9aa3c200,0x9aa2c300,0x9aa1c400,0x9aa0c500,0x9a9fc600,0x9a9ec700,0x9a9dc800,0x9a9cc900,0x9a9bca00,0x9a9acb00,
		0x9a99cc00,0x9a98cd00,0x9a97ce00,0x9a96cf00,0x9a95d000,0x9a94d100,0x9a93d200,0x9a92d300,0x9a91d400,0x9a90d500,
		0x9a8fd600,0x9a8ed700,0x9a8dd800,0x9a8cd900,0x9a8bda00,0x9a8adb00,0x9a89dc00,0x9a88dd00,0x9a87de00,0x9a86df00,
		0x9a85e000,0x9a84e100,0x9a83e200,0x9a82e300,0x9a81e400,0x9a80e500,0x9a7fe600,0x9a7ee700,0x9a7de800,0x9a7ce900,
		0x9a7bea00,0x9a7aeb00,0x9a79ec00,0x9a78ed00,0x9a77ee00,0x9a76ef00,0x9a75f000,0x9a74f100,0x9a73f200,0x9a72f300,
		0x9a71f400,0x9a70f500,0x9a6ff600,0x9a6ef700,0x9a6df800,0x9a6cf900,0x9a6bfa00,0x9a6afb00,0x9a69fc00,0x9a68fd00,
		0x9a67fe00,0x9a66ff00,0x9a330002,0x9a003303,0x9a310102,0x9a003303,0x9a2f0202,0x9a003303,0x9a2d0302,0x9a003303,
		0x9a2b0402,0x9a003303,0x9a290502,0x9a003303,0x9a270602,0x9a003303,0x9a250702,0x9a003303,0x9a230802,0x9a003303,
		0x9a210902,0x9a003303,0x9a1f0a02,0x9a003303,0x9a1d0b02,0x9a003303,0x9a1b0c02,0x9a003303,0x9a190d02,0x9a003303,
		0x9a170e02,0x9a003303,0x9a150f02,0x9a003303,0x9a131002,0x9a003303,0x9a111102,0x9a003303,0x9a0f1202,0x9a003303,
		0x9a0d1302,0x9a003303,0x9a0b1402,0x9a003303,0x9a091502,0x9a003303,0x9a071602,0x9a003303,0x9a051702,0x9a003303,
		0x9a031802,0x9a003303,0x9a011902,0x9a003303,0x99ff1a02,0x9a003303,0x99fd1b02,0x9a003303,0x99fb1c02,0x9a003303,
		0x99f91d02,0x9a003303,0x99f71e02,0x9a003303,0x99f51f02,0x9a003303,0x99f32002,0x9a003303,0x99f12102,0x9a003303,
		0x99ef2202,0x9a003303,0x99ed2302,0x9a003303,0x99eb2402,0x9a003303,0x99e92502,0x9a003303,0x99e72602,0x9a003303,
		0x99e52702,0x9a003303,0x99e32802,0x9a003303,0x99e12902,0x9a003303,0x99df2a02,0x9a003303,0x99dd2b02,0x9a003303,
		0x99db2c02,0x9a003303,0x99d92d02,0x9a003303,0x99d72e02,0x9a003303,0x99d52f02,0x9a003303,0x99d33002,0x9a003303,
		0x99d13102,0x9a003303,0x99cf3202,0x9a003303,0x99cd3302,0x9a003303,0x99cb3402,0x9a003303,0x99c93502,0x9a003303,
		0x99c73602,0x9a003303,0x99c53702,0x9a003303,0x99c33802,0x9a003303,0x99c13902,0x9a003303,0x99bf3a02,0x9a003303,
		0x99bd3b02,0x9a003303,0x99bb3c02,0x9a003303,0x99b93d02,0x9a003303,0x99b73e02,0x9a003303,0x99b53f02,0x9a003303,
		0x99b3c002,0x9a003303,0x99b1c102,0x9a003303,0x99afc202,0x9a003303,0x99adc302,0x9a003303,0x99abc402,0x9a003303,
		0x99a9c502,0x9a003303,0x99a7c602,0x9a003303,0x99a5c702,0x9a003303,0x99a3c802,0x9a003303,0x99a1c902,0x9a003303,
		0x999fca02,0x9a003303,0x999dcb02,0x9a003303,0x999bcc02,0x9a003303,0x9999cd02,0x9a003303,0x9997ce02,0x9a003303,
		0x9995cf02,0x9a003303,0x9993d002,0x9a003303,0x9991d102,0x9a003303,0x998fd202,0x9a003303,0x998dd302,0x9a003303,
		0x998bd402,0x9a003303,0x9989d502,0x9a003303,0x9987d602,0x9a003303,0x9985d702,0x9a003303,0x9983d802,0x9a003303,
		0x9981d902,0x9a003303,0x997fda02,0x9a003303,0x997ddb02,0x9a003303,0x997bdc02,0x9a003303,0x9979dd02,0x9a003303,
		0x9977de02,0x9a003303,0x9975df02,0x9a003303,0x9973e002,0x9a003303,0x9971e102,0x9a003303,0x996fe202,0x9a003303,
		0x996de302,0x9a003303,0x996be402,0x9a003303,0x9969e502,0x9a003303,0x9967e602,0x9a003303,0x9965e702,0x9a003303,
		0x9963e802,0x9a003303,0x9961e902,0x9a003303,0x995fea02,0x9a003303,0x995deb02,0x9a003303,0x995bec02,0x9a003303,
		0x9959ed02,0x9a003303,0x9957ee02,0x9a003303,0x9955ef02,0x9a003303,0x9953f002,0x9a003303,0x9951f102,0x9a003303,
		0x994ff202,0x9a003303,0x994df302,0x9a003303,0x994bf402,0x9a003303,0x9949f502,0x9a003303,0x9947f602,0x9a003303,
		0x9945f702,0x9a003303,0x9943f802,0x9a003303,0x9941f902,0x9a003303,0x993ffa02,0x9a003303,0x993dfb02,0x9a003303,
		0x993bfc02,0x9a003303,0x9939fd02,0x9a003303,0x9937fe02,0x9a003303,0x9935ff02,0x9a003303,0x99670000,0x99660100,
		0x99650200,0x99640300,0x99630400,0x99620500,0x99610600,0x99600700,0x995f0800,0x995e0900,0x995d0a00,0x995c0b00,
		0x995b0c00,0x995a0d00,0x99590e00,0x99580f00,0x99571000,0x99561100,0x99551200,0x99541300,0x99531400,0x99521500,
		0x99511600,0x99501700,0x994f1800,0x994e1900,0x994d1a00,0x994c1b00,0x994b1c00,0x994a1d00,0x99491e00,0x99481f00,
		0x99472000,0x99462100,0x99452200,0x99442300,0x99432400,0x99422500,0x99412600,0x99402700,0x993f2800,0x993e2900,
		0x993d2a00,0x993c2b00,0x993b2c00,0x993a2d00,0x99392e00,0x99382f00,0x99373000,0x99363100,0x99353200,0x99343300,
		0x99333400,0x99323500,0x99313600,0x99303700,0x992f3800,0x992e3900,0x992d3a00,0x992c3b00,0x992b3c00,0x992a3d00,
		0x99293e00,0x99283f00,0x99274000,0x99264100,0x99254200,0x99244300,0x99234400,0x99224500,0x99214600,0x99204700,
		0x991f4800,0x991e4900,0x991d4a00,0x991c4b00,0x991b4c00,0x991a4d00,0x99194e00,0x99184f00,0x99175000,0x99165100,
		0x99155200,0x99145300,0x99135400,0x99125500,0x99115600,0x99105700,0x990f5800,0x990e5900,0x990d5a00,0x990c5b00,
		0x990b5c00,0x990a5d00,0x99095e00,0x99085f00,0x99076000,0x99066100,0x99056200,0x99046300,0x99036400,0x99026500,
		0x99016600,0x99006700,0x98ff6800,0x98fe6900,0x98fd6a00,0x98fc6b00,0x98fb6c00,0x98fa6d00,0x98f96e00,0x98f86f00,
		0x98f77000,0x98f67100,0x98f57200,0x98f47300,0x98f37400,0x98f27500,0x98f17600,0x98f07700,0x98ef7800,0x98ee7900,
		0x98ed7a00,0x98ec7b00,0x98eb7c00,0x98ea7d00,0x98e97e00,0x98e87f00,0x98e78000,0x98e68100,0x98e58200,0x98e48300,
		0x98e38400,0x98e28500,0x98e18600,0x98e08700,0x98df8800,0x98de8900,0x98dd8a00,0x98dc8b00,0x98db8c00,0x98da8d00,
		0x98d98e00,0x98d88f00,0x98d79000,0x98d69100,0x98d59200,0x98d49300,0x98d39400,0x98d29500,0x98d19600,0x98d09700,
		0x98cf9800,0x98ce9900,0x98cd9a00,0x98cc9b00,0x98cb9c00,0x98ca9d00,0x98c99e00,0x98c89f00,0x98c7a000,0x98c6a100,
		0x98c5a200,0x98c4a300,0x98c3a400,0x98c2a500,0x98c1a600,0x98c0a700,0x98bfa800,0x98bea900,0x98bdaa00,0x98bcab00,
		0x98bbac00,0x98baad00,0x98b9ae00,0x98b8af00,0x98b7b000,0x98b6b100,0x98b5b200,0x98b4b300,0x98b3b400,0x98b2b500,
		0x98b1b600,0x98b0b700,0x98afb800,0x98aeb900,0x98adba00,0x98acbb00,0x98abbc00,0x98aabd00,0x98a9be00,0x98a8bf00,
		0x98a7c000,0x98a6c100,0x98a5c200,0x98a4c300,0x98a3c400,0x98a2c500,0x98a1c600,0x98a0c700,0x989fc800,0x989ec900,
		0x989dca00,0x989ccb00,0x989bcc00,0x989acd00,0x9899ce00,0x9898cf00,0x9897d000,0x9896d100,0x9895d200,0x9894d300,
		0x9893d400,0x9892d500,0x9891d600,0x9890d700,0x988fd800,0x988ed900,0x988dda00,0x988cdb00,0x988bdc00,0x988add00,
		0x9889de00,0x9888df00,0x9887e000,0x9886e100,0x9885e200,0x9884e300,0x9883e400,0x9882e500,0x9881e600,0x9880e700,
		0x987fe800,0x987ee900,0x987dea00,0x987ceb00,0x987bec00,0x987aed00,0x9879ee00,0x9878ef00,0x9877f000,0x9876f100,
		0x9875f200,0x9874f300,0x9873f400,0x9872f500,0x9871f600,0x9870f700,0x986ff800,0x986ef900,0x986dfa00,0x986cfb00,
		0x986bfc00,0x986afd00,0x9869fe00,0x9868ff00,0x980d0006,0x98003407,0x97ff1a07,0x98003407,0x97fd0d07,0x98003407,
		0x97fd1a07,0x98003407,0x98050106,0x98003407,0x97fb1a07,0x98003407,0x97f70d07,0x98003407,0x97f91a07,0x98003407,
		0x97fd0206,0x98003407,0x97f71a07,0x98003407,0x97f10d07,0x98003407,0x97f51a07,0x98003407,0x97f50306,0x98003407,
		0x97f31a07,0x98003407,0x97eb0d07,0x98003407,0x97f11a07,0x98003407,0x97ed0406,0x98003407,0x97ef1a07,0x98003407,
		0x97e50d07,0x98003407,0x97ed1a07,0x98003407,0x97e50506,0x98003407,0x97eb1a07,0x98003407,0x97df0d07,0x98003407,
		0x97e91a07,0x98003407,0x97dd0606,0x98003407,0x97e71a07,0x98003407,0x97d90d07,0x98003407,0x97e51a07,0x98003407,
		0x97d50706,0x98003407,0x97e31a07,0x98003407,0x97d30d07,0x98003407,0x97e11a07,0x98003407,0x97cd0806,0x98003407,
		0x97df1a07,0x98003407,0x97cd0d07,0x98003407,0x97dd1a07,0x98003407,0x97c50906,0x98003407,0x97db1a07,0x98003407,
		0x97c70d07,0x98003407,0x97d91a07,0x98003407,0x97bd0a06,0x98003407,0x97d71a07,0x98003407,0x97c10d07,0x98003407,
		0x97d51a07,0x98003407,0x97b50b06,0x98003407,0x97d31a07,0x98003407,0x97bb0d07,0x98003407,0x97d11a07,0x98003407,
		0x97ad0c06,0x98003407,0x97cf1a07,0x98003407,0x97b50d07,0x98003407,0x97cd1a07,0x98003407,0x97a50d06,0x98003407,
		0x97cb1a07,0x98003407,0x97af0d07,0x98003407,0x97c91a07,0x98003407,0x979d0e06,0x98003407,0x97c71a07,0x98003407,
		0x97a90d07,0x98003407,0x97c51a07,0x98003407,0x97950f06,0x98003407,0x97c31a07,0x98003407,0x97a30d07,0x98003407,
		0x97c11a07,0x98003407,0x978df006,0x98003407,0x983f1a07,0x98003407,0x985d0d07,0x98003407,0x983d1a07,0x98003407,
		0x9785f106,0x98003407,0x983b1a07,0x98003407,0x98570d07,0x98003407,0x98391a07,0x98003407,0x977df206,0x98003407,
		0x98371a07,0x98003407,0x98510d07,0x98003407,0x98351a07,0x98003407,0x9775f306,0x98003407,0x98331a07,0x98003407,
		0x984b0d07,0x98003407,0x98311a07,0x98003407,0x976df406,0x98003407,0x982f1a07,0x98003407,0x98450d07,0x98003407,
		0x982d1a07,0x98003407,0x9765f506,0x98003407,0x982b1a07,0x98003407,0x983f0d07,0x98003407,0x98291a07,0x98003407,
		0x975df606,0x98003407,0x98271a07,0x98003407,0x98390d07,0x98003407,0x98251a07,0x98003407,0x9755f706,0x98003407,
		0x98231a07,0x98003407,0x98330d07,0x98003407,0x98211a07,0x98003407,0x974df806,0x98003407,0x981f1a07,0x98003407,
		0x982d0d07,0x98003407,0x981d1a07,0x98003407,0x9745f906,0x98003407,0x981b1a07,0x98003407,0x98270d07,0x98003407,
		0x98191a07,0x98003407,0x973dfa06,0x98003407,0x98171a07,0x98003407,0x98210d07,0x98003407,0x98151a07,0x98003407,
		0x9735fb06,0x98003407,0x98131a07,0x98003407,0x981b0d07,0x98003407,0x98111a07,0x98003407,0x972dfc06,0x98003407,
		0x980f1a07,0x98003407,0x98150d07,0x98003407,0x980d1a07,0x98003407,0x9725fd06,0x98003407,0x980b1a07,0x98003407,
		0x980f0d07,0x98003407,0x98091a07,0x98003407,0x971dfe06,0x98003407,0x98071a07,0x98003407,0x98090d07,0x98003407,
		0x98051a07,0x98003407,0x9715ff06,0x98003407,0x98031a07,0x98003407,0x98030d07,0x98003407,0x98011a07,0x98003407,
		0x97690000,0x97680100,0x97670200,0x97660300,0x97650400,0x97640500,0x97630600,0x97620700,0x97610800,0x97600900,
		0x975f0a00,0x975e0b00,0x975d0c00,0x975c0d00,0x975b0e00,0x975a0f00,0x97591000,0x97581100,0x97571200,0x97561300,
		0x97551400,0x97541500,0x97531600,0x97521700,0x97511800,0x97501900,0x974f1a00,0x974e1b00,0x974d1c00,0x974c1d00,
		0x974b1e00,0x974a1f00,0x97492000,0x97482100,0x97472200,0x97462300,0x97452400,0x97442500,0x97432600,0x97422700,
		0x97412800,0x97402900,0x973f2a00,0x973e2b00,0x973d2c00,0x973c2d00,0x973b2e00,0x973a2f00,0x97393000,0x97383100,
		0x97373200,0x97363300,0x97353400,0x97343500,0x97333600,0x97323700,0x97313800,0x97303900,0x972f3a00,0x972e3b00,
		0x972d3c00,0x972c3d00,0x972b3e00,0x972a3f00,0x97294000,0x97284100,0x97274200,0x97264300,0x97254400,0x97244500,
		0x97234600,0x97224700,0x97214800,0x97204900,0x971f4a00,0x971e4b00,0x971d4c00,0x971c4d00,0x971b4e00,0x971a4f00,
		0x97195000,0x97185100,0x97175200,0x97165300,0x97155400,0x97145500,0x97135600,0x97125700,0x97115800,0x97105900,
		0x970f5a00,0x970e5b00,0x970d5c00,0x970c5d00,0x970b5e00,0x970a5f00,0x97096000,0x97086100,0x97076200,0x97066300,
		0x97056400,0x97046500,0x97036600,0x97026700,0x97016800,0x97006900,0x96ff6a00,0x96fe6b00,0x96fd6c00,0x96fc6d00,
		0x96fb6e00,0x96fa6f00,0x96f97000,0x96f87100,0x96f77200,0x96f67300,0x96f57400,0x96f47500,0x96f37600,0x96f27700,
		0x96f17800,0x96f07900,0x96ef7a00,0x96ee7b00,0x96ed7c00,0x96ec7d00,0x96eb7e00,0x96ea7f00,0x96e98000,0x96e88100,
		0x96e78200,0x96e68300,0x96e58400,0x96e48500,0x96e38600,0x96e28700,0x96e18800,0x96e08900,0x96df8a00,0x96de8b00,
		0x96dd8c00,0x96dc8d00,0x96db8e00,0x96da8f00,0x96d99000,0x96d89100,0x96d79200,0x96d69300,0x96d59400,0x96d49500,
		0x96d39600,0x96d29700,0x96d19800,0x96d09900,0x96cf9a00,0x96ce9b00,0x96cd9c00,0x96cc9d00,0x96cb9e00,0x96ca9f00,
		0x96c9a000,0x96c8a100,0x96c7a200,0x96c6a300,0x96c5a400,0x96c4a500,0x96c3a600,0x96c2a700,0x96c1a800,0x96c0a900,
		0x96bfaa00,0x96beab00,0x96bdac00,0x96bcad00,0x96bbae00,0x96baaf00,0x96b9b000,0x96b8b100,0x96b7b200,0x96b6b300,
		0x96b5b400,0x96b4b500,0x96b3b600,0x96b2b700,0x96b1b800,0x96b0b900,0x96afba00,0x96aebb00,0x96adbc00,0x96acbd00,
		0x96abbe00,0x96aabf00,0x96a9c000,0x96a8c100,0x96a7c200,0x96a6c300,0x96a5c400,0x96a4c500,0x96a3c600,0x96a2c700,
		0x96a1c800,0x96a0c900,0x969fca00,0x969ecb00,0x969dcc00,0x969ccd00,0x969bce00,0x969acf00,0x9699d000,0x9698d100,
		0x9697d200,0x9696d300,0x9695d400,0x9694d500,0x9693d600,0x9692d700,0x9691d800,0x9690d900,0x968fda00,0x968edb00,
		0x968ddc00,0x968cdd00,0x968bde00,0x968adf00,0x9689e000,0x9688e100,0x9687e200,0x9686e300,0x9685e400,0x9684e500,
		0x9683e600,0x9682e700,0x9681e800,0x9680e900,0x967fea00,0x967eeb00,0x967dec00,0x967ced00,0x967bee00,0x967aef00,
		0x9679f000,0x9678f100,0x9677f200,0x9676f300,0x9675f400,0x9674f500,0x9673f600,0x9672f700,0x9671f800,0x9670f900,
		0x966ffa00,0x966efb00,0x966dfc00,0x966cfd00,0x966bfe00,0x966aff00,0x96350002,0x96003503,0x96330102,0x96003503,
		0x96310202,0x96003503,0x962f0302,0x96003503,0x962d0402,0x96003503,0x962b0502,0x96003503,0x96290602,0x96003503,
		0x96270702,0x96003503,0x96250802,0x96003503,0x96230902,0x96003503,0x96210a02,0x96003503,0x961f0b02,0x96003503,
		0x961d0c02,0x96003503,0x961b0d02,0x96003503,0x96190e02,0x96003503,0x96170f02,0x96003503,0x96151002,0x96003503,
		0x96131102,0x96003503,0x96111202,0x96003503,0x960f1302,0x96003503,0x960d1402,0x96003503,0x960b1502,0x96003503,
		0x96091602,0x96003503,0x96071702,0x96003503,0x96051802,0x96003503,0x96031902,0x96003503,0x96011a02,0x96003503,
		0x95ff1b02,0x96003503,0x95fd1c02,0x96003503,0x95fb1d02,0x96003503,0x95f91e02,0x96003503,0x95f71f02,0x96003503,
		0x95f52002,0x96003503,0x95f32102,0x96003503,0x95f12202,0x96003503,0x95ef2302,0x96003503,0x95ed2402,0x96003503,
		0x95eb2502,0x96003503,0x95e92602,0x96003503,0x95e72702,0x96003503,0x95e52802,0x96003503,0x95e32902,0x96003503,
		0x95e12a02,0x96003503,0x95df2b02,0x96003503,0x95dd2c02,0x96003503,0x95db2d02,0x96003503,0x95d92e02,0x96003503,
		0x95d72f02,0x96003503,0x95d53002,0x96003503,0x95d33102,0x96003503,0x95d13202,0x96003503,0x95cf3302,0x96003503,
		0x95cd3402,0x96003503,0x95cb3502,0x96003503,0x95c93602,0x96003503,0x95c73702,0x96003503,0x95c53802,0x96003503,
		0x95c33902,0x96003503,0x95c13a02,0x96003503,0x95bf3b02,0x96003503,0x95bd3c02,0x96003503,0x95bb3d02,0x96003503,
		0x95b93e02,0x96003503,0x95b73f02,0x96003503,0x95b5c002,0x96003503,0x95b3c102,0x96003503,0x95b1c202,0x96003503,
		0x95afc302,0x96003503,0x95adc402,0x96003503,0x95abc502,0x96003503,0x95a9c602,0x96003503,0x95a7c702,0x96003503,
		0x95a5c802,0x96003503,0x95a3c902,0x96003503,0x95a1ca02,0x96003503,0x959fcb02,0x96003503,0x959dcc02,0x96003503,
		0x959bcd02,0x96003503,0x9599ce02,0x96003503,0x9597cf02,0x96003503,0x9595d002,0x96003503,0x9593d102,0x96003503,
		0x9591d202,0x96003503,0x958fd302,0x96003503,0x958dd402,0x96003503,0x958bd502,0x96003503,0x9589d602,0x96003503,
		0x9587d702,0x96003503,0x9585d802,0x96003503,0x9583d902,0x96003503,0x9581da02,0x96003503,0x957fdb02,0x96003503,
		0x957ddc02,0x96003503,0x957bdd02,0x96003503,0x9579de02,0x96003503,0x9577df02,0x96003503,0x9575e002,0x96003503,
		0x9573e102,0x96003503,0x9571e202,0x96003503,0x956fe302,0x96003503,0x956de402,0x96003503,0x956be502,0x96003503,
		0x9569e602,0x96003503,0x9567e702,0x96003503,0x9565e802,0x96003503,0x9563e902,0x96003503,0x9561ea02,0x96003503,
		0x955feb02,0x96003503,0x955dec02,0x96003503,0x955bed02,0x96003503,0x9559ee02,0x96003503,0x9557ef02,0x96003503,
		0x9555f002,0x96003503,0x9553f102,0x96003503,0x9551f202,0x96003503,0x954ff302,0x96003503,0x954df402,0x96003503,
		0x954bf502,0x96003503,0x9549f602,0x96003503,0x9547f702,0x96003503,0x9545f802,0x96003503,0x9543f902,0x96003503,
		0x9541fa02,0x96003503,0x953ffb02,0x96003503,0x953dfc02,0x96003503,0x953bfd02,0x96003503,0x9539fe02,0x96003503,
		0x9537ff02,0x96003503,0x956b0000,0x956a0100,0x95690200,0x95680300,0x95670400,0x95660500,0x95650600,0x95640700,
		0x95630800,0x95620900,0x95610a00,0x95600b00,0x955f0c00,0x955e0d00,0x955d0e00,0x955c0f00,0x955b1000,0x955a1100,
		0x95591200,0x95581300,0x95571400,0x95561500,0x95551600,0x95541700,0x95531800,0x95521900,0x95511a00,0x95501b00,
		0x954f1c00,0x954e1d00,0x954d1e00,0x954c1f00,0x954b2000,0x954a2100,0x95492200,0x95482300,0x95472400,0x95462500,
		0x95452600,0x95442700,0x95432800,0x95422900,0x95412a00,0x95402b00,0x953f2c00,0x953e2d00,0x953d2e00,0x953c2f00,
		0x953b3000,0x953a3100,0x95393200,0x95383300,0x95373400,0x95363500,0x95353600,0x95343700,0x95333800,0x95323900,
		0x95313a00,0x95303b00,0x952f3c00,0x952e3d00,0x952d3e00,0x952c3f00,0x952b4000,0x952a4100,0x95294200,0x95284300,
		0x95274400,0x95264500,0x95254600,0x95244700,0x95234800,0x95224900,0x95214a00,0x95204b00,0x951f4c00,0x951e4d00,
		0x951d4e00,0x951c4f00,0x951b5000,0x951a5100,0x95195200,0x95185300,0x95175400,0x95165500,0x95155600,0x95145700,
		0x95135800,0x95125900,0x95115a00,0x95105b00,0x950f5c00,0x950e5d00,0x950d5e00,0x950c5f00,0x950b6000,0x950a6100,
		0x95096200,0x95086300,0x95076400,0x95066500,0x95056600,0x95046700,0x95036800,0x95026900,0x95016a00,0x95006b00,
		0x94ff6c00,0x94fe6d00,0x94fd6e00,0x94fc6f00,0x94fb7000,0x94fa7100,0x94f97200,0x94f87300,0x94f77400,0x94f67500,
		0x94f57600,0x94f47700,0x94f37800,0x94f27900,0x94f17a00,0x94f07b00,0x94ef7c00,0x94ee7d00,0x94ed7e00,0x94ec7f00,
		0x94eb8000,0x94ea8100,0x94e98200,0x94e88300,0x94e78400,0x94e68500,0x94e58600,0x94e48700,0x94e38800,0x94e28900,
		0x94e18a00,0x94e08b00,0x94df8c00,0x94de8d00,0x94dd8e00,0x94dc8f00,0x94db9000,0x94da9100,0x94d99200,0x94d89300,
		0x94d79400,0x94d69500,0x94d59600,0x94d49700,0x94d39800,0x94d29900,0x94d19a00,0x94d09b00,0x94cf9c00,0x94ce9d00,
		0x94cd9e00,0x94cc9f00,0x94cba000,0x94caa100,0x94c9a200,0x94c8a300,0x94c7a400,0x94c6a500,0x94c5a600,0x94c4a700,
		0x94c3a800,0x94c2a900,0x94c1aa00,0x94c0ab00,0x94bfac00,0x94bead00,0x94bdae00,0x94bcaf00,0x94bbb000,0x94bab100,
		0x94b9b200,0x94b8b300,0x94b7b400,0x94b6b500,0x94b5b600,0x94b4b700,0x94b3b800,0x94b2b900,0x94b1ba00,0x94b0bb00,
		0x94afbc00,0x94aebd00,0x94adbe00,0x94acbf00,0x94abc000,0x94aac100,0x94a9c200,0x94a8c300,0x94a7c400,0x94a6c500,
		0x94a5c600,0x94a4c700,0x94a3c800,0x94a2c900,0x94a1ca00,0x94a0cb00,0x949fcc00,0x949ecd00,0x949dce00,0x949ccf00,
		0x949bd000,0x949ad100,0x9499d200,0x9498d300,0x9497d400,0x9496d500,0x9495d600,0x9494d700,0x9493d800,0x9492d900,
		0x9491da00,0x9490db00,0x948fdc00,0x948edd00,0x948dde00,0x948cdf00,0x948be000,0x948ae100,0x9489e200,0x9488e300,
		0x9487e400,0x9486e500,0x9485e600,0x9484e700,0x9483e800,0x9482e900,0x9481ea00,0x9480eb00,0x947fec00,0x947eed00,
		0x947dee00,0x947cef00,0x947bf000,0x947af100,0x9479f200,0x9478f300,0x9477f400,0x9476f500,0x9475f600,0x9474f700,
		0x9473f800,0x9472f900,0x9471fa00,0x9470fb00,0x946ffc00,0x946efd00,0x946dfe00,0x946cff00,0x941b0004,0x94003605,
		0x93ff1b05,0x94003605,0x94170104,0x94003605,0x93fd1b05,0x94003605,0x94130204,0x94003605,0x93fb1b05,0x94003605,
		0x940f0304,0x94003605,0x93f91b05,0x94003605,0x940b0404,0x94003605,0x93f71b05,0x94003605,0x94070504,0x94003605,
		0x93f51b05,0x94003605,0x94030604,0x94003605,0x93f31b05,0x94003605,0x93ff0704,0x94003605,0x93f11b05,0x94003605,
		0x93fb0804,0x94003605,0x93ef1b05,0x94003605,0x93f70904,0x94003605,0x93ed1b05,0x94003605,0x93f30a04,0x94003605,
		0x93eb1b05,0x94003605,0x93ef0b04,0x94003605,0x93e91b05,0x94003605,0x93eb0c04,0x94003605,0x93e71b05,0x94003605,
		0x93e70d04,0x94003605,0x93e51b05,0x94003605,0x93e30e04,0x94003605,0x93e31b05,0x94003605,0x93df0f04,0x94003605,
		0x93e11b05,0x94003605,0x93db1004,0x94003605,0x93df1b05,0x94003605,0x93d71104,0x94003605,0x93dd1b05,0x94003605,
		0x93d31204,0x94003605,0x93db1b05,0x94003605,0x93cf1304,0x94003605,0x93d91b05,0x94003605,0x93cb1404,0x94003605,
		0x93d71b05,0x94003605,0x93c71504,0x94003605,0x93d51b05,0x94003605,0x93c31604,0x94003605,0x93d31b05,0x94003605,
		0x93bf1704,0x94003605,0x93d11b05,0x94003605,0x93bb1804,0x94003605,0x93cf1b05,0x94003605,0x93b71904,0x94003605,
		0x93cd1b05,0x94003605,0x93b31a04,0x94003605,0x93cb1b05,0x94003605,0x93af1b04,0x94003605,0x93c91b05,0x94003605,
		0x93ab1c04,0x94003605,0x93c71b05,0x94003605,0x93a71d04,0x94003605,0x93c51b05,0x94003605,0x93a31e04,0x94003605,
		0x93c31b05,0x94003605,0x939f1f04,0x94003605,0x93c11b05,0x94003605,0x939be004,0x94003605,0x943f1b05,0x94003605,
		0x9397e104,0x94003605,0x943d1b05,0x94003605,0x9393e204,0x94003605,0x943b1b05,0x94003605,0x938fe304,0x94003605,
		0x94391b05,0x94003605,0x938be404,0x94003605,0x94371b05,0x94003605,0x9387e504,0x94003605,0x94351b05,0x94003605,
		0x9383e604,0x94003605,0x94331b05,0x94003605,0x937fe704,0x94003605,0x94311b05,0x94003605,0x937be804,0x94003605,
		0x942f1b05,0x94003605,0x9377e904,0x94003605,0x942d1b05,0x94003605,0x9373ea04,0x94003605,0x942b1b05,0x94003605,
		0x936feb04,0x94003605,0x94291b05,0x94003605,0x936bec04,0x94003605,0x94271b05,0x94003605,0x9367ed04,0x94003605,
		0x94251b05,0x94003605,0x9363ee04,0x94003605,0x94231b05,0x94003605,0x935fef04,0x94003605,0x94211b05,0x94003605,
		0x935bf004,0x94003605,0x941f1b05,0x94003605,0x9357f104,0x94003605,0x941d1b05,0x94003605,0x9353f204,0x94003605,
		0x941b1b05,0x94003605,0x934ff304,0x94003605,0x94191b05,0x94003605,0x934bf404,0x94003605,0x94171b05,0x94003605,
		0x9347f504,0x94003605,0x94151b05,0x94003605,0x9343f604,0x94003605,0x94131b05,0x94003605,0x933ff704,0x94003605,
		0x94111b05,0x94003605,0x933bf804,0x94003605,0x940f1b05,0x94003605,0x9337f904,0x94003605,0x940d1b05,0x94003605,
		0x9333fa04,0x94003605,0x940b1b05,0x94003605,0x932ffb04,0x94003605,0x94091b05,0x94003605,0x932bfc04,0x94003605,
		0x94071b05,0x94003605,0x9327fd04,0x94003605,0x94051b05,0x94003605,0x9323fe04,0x94003605,0x94031b05,0x94003605,
		0x931fff04,0x94003605,0x94011b05,0x94003605,0x936d0000,0x936c0100,0x936b0200,0x936a0300,0x93690400,0x93680500,
		0x93670600,0x93660700,0x93650800,0x93640900,0x93630a00,0x93620b00,0x93610c00,0x93600d00,0x935f0e00,0x935e0f00,
		0x935d1000,0x935c1100,0x935b1200,0x935a1300,0x93591400,0x93581500,0x93571600,0x93561700,0x93551800,0x93541900,
		0x93531a00,0x93521b00,0x93511c00,0x93501d00,0x934f1e00,0x934e1f00,0x934d2000,0x934c2100,0x934b2200,0x934a2300,
		0x93492400,0x93482500,0x93472600,0x93462700,0x93452800,0x93442900,0x93432a00,0x93422b00,0x93412c00,0x93402d00,
		0x933f2e00,0x933e2f00,0x933d3000,0x933c3100,0x933b3200,0x933a3300,0x93393400,0x93383500,0x93373600,0x93363700,
		0x93353800,0x93343900,0x93333a00,0x93323b00,0x93313c00,0x93303d00,0x932f3e00,0x932e3f00,0x932d4000,0x932c4100,
		0x932b4200,0x932a4300,0x93294400,0x93284500,0x93274600,0x93264700,0x93254800,0x93244900,0x93234a00,0x93224b00,
		0x93214c00,0x93204d00,0x931f4e00,0x931e4f00,0x931d5000,0x931c5100,0x931b5200,0x931a5300,0x93195400,0x93185500,
		0x93175600,0x93165700,0x93155800,0x93145900,0x93135a00,0x93125b00,0x93115c00,0x93105d00,0x930f5e00,0x930e5f00,
		0x930d6000,0x930c6100,0x930b6200,0x930a6300,0x93096400,0x93086500,0x93076600,0x93066700,0x93056800,0x93046900,
		0x93036a00,0x93026b00,0x93016c00,0x93006d00,0x92ff6e00,0x92fe6f00,0x92fd7000,0x92fc7100,0x92fb7200,0x92fa7300,
		0x92f97400,0x92f87500,0x92f77600,0x92f67700,0x92f57800,0x92f47900,0x92f37a00,0x92f27b00,0x92f17c00,0x92f07d00,
		0x92ef7e00,0x92ee7f00,0x92ed8000,0x92ec8100,0x92eb8200,0x92ea8300,0x92e98400,0x92e88500,0x92e78600,0x92e68700,
		0x92e58800,0x92e48900,0x92e38a00,0x92e28b00,0x92e18c00,0x92e08d00,0x92df8e00,0x92de8f00,0x92dd9000,0x92dc9100,
		0x92db9200,0x92da9300,0x92d99400,0x92d89500,0x92d79600,0x92d69700,0x92d59800,0x92d49900,0x92d39a00,0x92d29b00,
		0x92d19c00,0x92d09d00,0x92cf9e00,0x92ce9f00,0x92cda000,0x92cca100,0x92cba200,0x92caa300,0x92c9a400,0x92c8a500,
		0x92c7a600,0x92c6a700,0x92c5a800,0x92c4a900,0x92c3aa00,0x92c2ab00,0x92c1ac00,0x92c0ad00,0x92bfae00,0x92beaf00,
		0x92bdb000,0x92bcb100,0x92bbb200,0x92bab300,0x92b9b400,0x92b8b500,0x92b7b600,0x92b6b700,0x92b5b800,0x92b4b900,
		0x92b3ba00,0x92b2bb00,0x92b1bc00,0x92b0bd00,0x92afbe00,0x92aebf00,0x92adc000,0x92acc100,0x92abc200,0x92aac300,
		0x92a9c400,0x92a8c500,0x92a7c600,0x92a6c700,0x92a5c800,0x92a4c900,0x92a3ca00,0x92a2cb00,0x92a1cc00,0x92a0cd00,
		0x929fce00,0x929ecf00,0x929dd000,0x929cd100,0x929bd200,0x929ad300,0x9299d400,0x9298d500,0x9297d600,0x9296d700,
		0x9295d800,0x9294d900,0x9293da00,0x9292db00,0x9291dc00,0x9290dd00,0x928fde00,0x928edf00,0x928de000,0x928ce100,
		0x928be200,0x928ae300,0x9289e400,0x9288e500,0x9287e600,0x9286e700,0x9285e800,0x9284e900,0x9283ea00,0x9282eb00,
		0x9281ec00,0x9280ed00,0x927fee00,0x927eef00,0x927df000,0x927cf100,0x927bf200,0x927af300,0x9279f400,0x9278f500,
		0x9277f600,0x9276f700,0x9275f800,0x9274f900,0x9273fa00,0x9272fb00,0x9271fc00,0x9270fd00,0x926ffe00,0x926eff00,
		0x92370002,0x92003703,0x92350102,0x92003703,0x92330202,0x92003703,0x92310302,0x92003703,0x922f0402,0x92003703,
		0x922d0502,0x92003703,0x922b0602,0x92003703,0x92290702,0x92003703,0x92270802,0x92003703,0x92250902,0x92003703,
		0x92230a02,0x92003703,0x92210b02,0x92003703,0x921f0c02,0x92003703,0x921d0d02,0x92003703,0x921b0e02,0x92003703,
		0x92190f02,0x92003703,0x92171002,0x92003703,0x92151102,0x92003703,0x92131202,0x92003703,0x92111302,0x92003703,
		0x920f1402,0x92003703,0x920d1502,0x92003703,0x920b1602,0x92003703,0x92091702,0x92003703,0x92071802,0x92003703,
		0x92051902,0x92003703,0x92031a02,0x92003703,0x92011b02,0x92003703,0x91ff1c02,0x92003703,0x91fd1d02,0x92003703,
		0x91fb1e02,0x92003703,0x91f91f02,0x92003703,0x91f72002,0x92003703,0x91f52102,0x92003703,0x91f32202,0x92003703,
		0x91f12302,0x92003703,0x91ef2402,0x92003703,0x91ed2502,0x92003703,0x91eb2602,0x92003703,0x91e92702,0x92003703,
		0x91e72802,0x92003703,0x91e52902,0x92003703,0x91e32a02,0x92003703,0x91e12b02,0x92003703,0x91df2c02,0x92003703,
		0x91dd2d02,0x92003703,0x91db2e02,0x92003703,0x91d92f02,0x92003703,0x91d73002,0x92003703,0x91d53102,0x92003703,
		0x91d33202,0x92003703,0x91d13302,0x92003703,0x91cf3402,0x92003703,0x91cd3502,0x92003703,0x91cb3602,0x92003703,
		0x91c93702,0x92003703,0x91c73802,0x92003703,0x91c53902,0x92003703,0x91c33a02,0x92003703,0x91c13b02,0x92003703,
		0x91bf3c02,0x92003703,0x91bd3d02,0x92003703,0x91bb3e02,0x92003703,0x91b93f02,0x92003703,0x91b7c002,0x92003703,
		0x91b5c102,0x92003703,0x91b3c202,0x92003703,0x91b1c302,0x92003703,0x91afc402,0x92003703,0x91adc502,0x92003703,
		0x91abc602,0x92003703,0x91a9c702,0x92003703,0x91a7c802,0x92003703,0x91a5c902,0x92003703,0x91a3ca02,0x92003703,
		0x91a1cb02,0x92003703,0x919fcc02,0x92003703,0x919dcd02,0x92003703,0x919bce02,0x92003703,0x9199cf02,0x92003703,
		0x9197d002,0x92003703,0x9195d102,0x92003703,0x9193d202,0x92003703,0x9191d302,0x92003703,0x918fd402,0x92003703,
		0x918dd502,0x92003703,0x918bd602,0x92003703,0x9189d702,0x92003703,0x9187d802,0x92003703,0x9185d902,0x92003703,
		0x9183da02,0x92003703,0x9181db02,0x92003703,0x917fdc02,0x92003703,0x917ddd02,0x92003703,0x917bde02,0x92003703,
		0x9179df02,0x92003703,0x9177e002,0x92003703,0x9175e102,0x92003703,0x9173e202,0x92003703,0x9171e302,0x92003703,
		0x916fe402,0x92003703,0x916de502,0x92003703,0x916be602,0x92003703,0x9169e702,0x92003703,0x9167e802,0x92003703,
		0x9165e902,0x92003703,0x9163ea02,0x92003703,0x9161eb02,0x92003703,0x915fec02,0x92003703,0x915ded02,0x92003703,
		0x915bee02,0x92003703,0x9159ef02,0x92003703,0x9157f002,0x92003703,0x9155f102,0x92003703,0x9153f202,0x92003703,
		0x9151f302,0x92003703,0x914ff402,0x92003703,0x914df502,0x92003703,0x914bf602,0x92003703,0x9149f702,0x92003703,
		0x9147f802,0x92003703,0x9145f902,0x92003703,0x9143fa02,0x92003703,0x9141fb02,0x92003703,0x913ffc02,0x92003703,
		0x913dfd02,0x92003703,0x913bfe02,0x92003703,0x9139ff02,0x92003703,0x916f0000,0x916e0100,0x916d0200,0x916c0300,
		0x916b0400,0x916a0500,0x91690600,0x91680700,0x91670800,0x91660900,0x91650a00,0x91640b00,0x91630c00,0x91620d00,
		0x91610e00,0x91600f00,0x915f1000,0x915e1100,0x915d1200,0x915c1300,0x915b1400,0x915a1500,0x91591600,0x91581700,
		0x91571800,0x91561900,0x91551a00,0x91541b00,0x91531c00,0x91521d00,0x91511e00,0x91501f00,0x914f2000,0x914e2100,
		0x914d2200,0x914c2300,0x914b2400,0x914a2500,0x91492600,0x91482700,0x91472800,0x91462900,0x91452a00,0x91442b00,
		0x91432c00,0x91422d00,0x91412e00,0x91402f00,0x913f3000,0x913e3100,0x913d3200,0x913c3300,0x913b3400,0x913a3500,
		0x91393600,0x91383700,0x91373800,0x91363900,0x91353a00,0x91343b00,0x91333c00,0x91323d00,0x91313e00,0x91303f00,
		0x912f4000,0x912e4100,0x912d4200,0x912c4300,0x912b4400,0x912a4500,0x91294600,0x91284700,0x91274800,0x91264900,
		0x91254a00,0x91244b00,0x91234c00,0x91224d00,0x91214e00,0x91204f00,0x911f5000,0x911e5100,0x911d5200,0x911c5300,
		0x911b5400,0x911a5500,0x91195600,0x91185700,0x91175800,0x91165900,0x91155a00,0x91145b00,0x91135c00,0x91125d00,
		0x91115e00,0x91105f00,0x910f6000,0x910e6100,0x910d6200,0x910c6300,0x910b6400,0x910a6500,0x91096600,0x91086700,
		0x91076800,0x91066900,0x91056a00,0x91046b00,0x91036c00,0x91026d00,0x91016e00,0x91006f00,0x90ff7000,0x90fe7100,
		0x90fd7200,0x90fc7300,0x90fb7400,0x90fa7500,0x90f97600,0x90f87700,0x90f77800,0x90f67900,0x90f57a00,0x90f47b00,
		0x90f37c00,0x90f27d00,0x90f17e00,0x90f07f00,0x90ef8000,0x90ee8100,0x90ed8200,0x90ec8300,0x90eb8400,0x90ea8500,
		0x90e98600,0x90e88700,0x90e78800,0x90e68900,0x90e58a00,0x90e48b00,0x90e38c00,0x90e28d00,0x90e18e00,0x90e08f00,
		0x90df9000,0x90de9100,0x90dd9200,0x90dc9300,0x90db9400,0x90da9500,0x90d99600,0x90d89700,0x90d79800,0x90d69900,
		0x90d59a00,0x90d49b00,0x90d39c00,0x90d29d00,0x90d19e00,0x90d09f00,0x90cfa000,0x90cea100,0x90cda200,0x90cca300,
		0x90cba400,0x90caa500,0x90c9a600,0x90c8a700,0x90c7a800,0x90c6a900,0x90c5aa00,0x90c4ab00,0x90c3ac00,0x90c2ad00,
		0x90c1ae00,0x90c0af00,0x90bfb000,0x90beb100,0x90bdb200,0x90bcb300,0x90bbb400,0x90bab500,0x90b9b600,0x90b8b700,
		0x90b7b800,0x90b6b900,0x90b5ba00,0x90b4bb00,0x90b3bc00,0x90b2bd00,0x90b1be00,0x90b0bf00,0x90afc000,0x90aec100,
		0x90adc200,0x90acc300,0x90abc400,0x90aac500,0x90a9c600,0x90a8c700,0x90a7c800,0x90a6c900,0x90a5ca00,0x90a4cb00,
		0x90a3cc00,0x90a2cd00,0x90a1ce00,0x90a0cf00,0x909fd000,0x909ed100,0x909dd200,0x909cd300,0x909bd400,0x909ad500,
		0x9099d600,0x9098d700,0x9097d800,0x9096d900,0x9095da00,0x9094db00,0x9093dc00,0x9092dd00,0x9091de00,0x9090df00,
		0x908fe000,0x908ee100,0x908de200,0x908ce300,0x908be400,0x908ae500,0x9089e600,0x9088e700,0x9087e800,0x9086e900,
		0x9085ea00,0x9084eb00,0x9083ec00,0x9082ed00,0x9081ee00,0x9080ef00,0x907ff000,0x907ef100,0x907df200,0x907cf300,
		0x907bf400,0x907af500,0x9079f600,0x9078f700,0x9077f800,0x9076f900,0x9075fa00,0x9074fb00,0x9073fc00,0x9072fd00,
		0x9071fe00,0x9070ff00,0x90070008,0x90003809,0x8fff1c09,0x90003809,0x8ffd0e09,0x90003809,0x8ffd1c09,0x90003809,
		0x8ff90709,0x90003809,0x8ffb1c09,0x90003809,0x8ff70e09,0x90003809,0x8ff91c09,0x90003809,0x8ff70108,0x90003809,
		0x8ff71c09,0x90003809,0x8ff10e09,0x90003809,0x8ff51c09,0x90003809,0x8feb0709,0x90003809,0x8ff31c09,0x90003809,
		0x8feb0e09,0x90003809,0x8ff11c09,0x90003809,0x8fe70208,0x90003809,0x8fef1c09,0x90003809,0x8fe50e09,0x90003809,
		0x8fed1c09,0x90003809,0x8fdd0709,0x90003809,0x8feb1c09,0x90003809,0x8fdf0e09,0x90003809,0x8fe91c09,0x90003809,
		0x8fd70308,0x90003809,0x8fe71c09,0x90003809,0x8fd90e09,0x90003809,0x8fe51c09,0x90003809,0x8fcf0709,0x90003809,
		0x8fe31c09,0x90003809,0x8fd30e09,0x90003809,0x8fe11c09,0x90003809,0x8fc70408,0x90003809,0x8fdf1c09,0x90003809,
		0x8fcd0e09,0x90003809,0x8fdd1c09,0x90003809,0x8fc10709,0x90003809,0x8fdb1c09,0x90003809,0x8fc70e09,0x90003809,
		0x8fd91c09,0x90003809,0x8fb70508,0x90003809,0x8fd71c09,0x90003809,0x8fc10e09,0x90003809,0x8fd51c09,0x90003809,
		0x8fb30709,0x90003809,0x8fd31c09,0x90003809,0x8fbb0e09,0x90003809,0x8fd11c09,0x90003809,0x8fa70608,0x90003809,
		0x8fcf1c09,0x90003809,0x8fb50e09,0x90003809,0x8fcd1c09,0x90003809,0x8fa50709,0x90003809,0x8fcb1c09,0x90003809,
		0x8faf0e09,0x90003809,0x8fc91c09,0x90003809,0x8f970708,0x90003809,0x8fc71c09,0x90003809,0x8fa90e09,0x90003809,
		0x8fc51c09,0x90003809,0x8f970709,0x90003809,0x8fc31c09,0x90003809,0x8fa30e09,0x90003809,0x8fc11c09,0x90003809,
		0x8f87f808,0x90003809,0x903f1c09,0x90003809,0x905d0e09,0x90003809,0x903d1c09,0x90003809,0x90690709,0x90003809,
		0x903b1c09,0x90003809,0x90570e09,0x90003809,0x90391c09,0x90003809,0x8f77f908,0x90003809,0x90371c09,0x90003809,
		0x90510e09,0x90003809,0x90351c09,0x90003809,0x905b0709,0x90003809,0x90331c09,0x90003809,0x904b0e09,0x90003809,
		0x90311c09,0x90003809,0x8f67fa08,0x90003809,0x902f1c09,0x90003809,0x90450e09,0x90003809,0x902d1c09,0x90003809,
		0x904d0709,0x90003809,0x902b1c09,0x90003809,0x903f0e09,0x90003809,0x90291c09,0x90003809,0x8f57fb08,0x90003809,
		0x90271c09,0x90003809,0x90390e09,0x90003809,0x90251c09,0x90003809,0x903f0709,0x90003809,0x90231c09,0x90003809,
		0x90330e09,0x90003809,0x90211c09,0x90003809,0x8f47fc08,0x90003809,0x901f1c09,0x90003809,0x902d0e09,0x90003809,
		0x901d1c09,0x90003809,0x90310709,0x90003809,0x901b1c09,0x90003809,0x90270e09,0x90003809,0x90191c09,0x90003809,
		0x8f37fd08,0x90003809,0x90171c09,0x90003809,0x90210e09,0x90003809,0x90151c09,0x90003809,0x90230709,0x90003809,
		0x90131c09,0x90003809,0x901b0e09,0x90003809,0x90111c09,0x90003809,0x8f27fe08,0x90003809,0x900f1c09,0x90003809,
		0x90150e09,0x90003809,0x900d1c09,0x90003809,0x90150709,0x90003809,0x900b1c09,0x90003809,0x900f0e09,0x90003809,
		0x90091c09,0x90003809,0x8f17ff08,0x90003809,0x90071c09,0x90003809,0x90090e09,0x90003809,0x90051c09,0x90003809,
		0x90070709,0x90003809,0x90031c09,0x90003809,0x90030e09,0x90003809,0x90011c09,0x90003809,0x8f710000,0x8f700100,
		0x8f6f0200,0x8f6e0300,0x8f6d0400,0x8f6c0500,0x8f6b0600,0x8f6a0700,0x8f690800,0x8f680900,0x8f670a00,0x8f660b00,
		0x8f650c00,0x8f640d00,0x8f630e00,0x8f620f00,0x8f611000,0x8f601100,0x8f5f1200,0x8f5e1300,0x8f5d1400,0x8f5c1500,
		0x8f5b1600,0x8f5a1700,0x8f591800,0x8f581900,0x8f571a00,0x8f561b00,0x8f551c00,0x8f541d00,0x8f531e00,0x8f521f00,
		0x8f512000,0x8f502100,0x8f4f2200,0x8f4e2300,0x8f4d2400,0x8f4c2500,0x8f4b2600,0x8f4a2700,0x8f492800,0x8f482900,
		0x8f472a00,0x8f462b00,0x8f452c00,0x8f442d00,0x8f432e00,0x8f422f00,0x8f413000,0x8f403100,0x8f3f3200,0x8f3e3300,
		0x8f3d3400,0x8f3c3500,0x8f3b3600,0x8f3a3700,0x8f393800,0x8f383900,0x8f373a00,0x8f363b00,0x8f353c00,0x8f343d00,
		0x8f333e00,0x8f323f00,0x8f314000,0x8f304100,0x8f2f4200,0x8f2e4300,0x8f2d4400,0x8f2c4500,0x8f2b4600,0x8f2a4700,
		0x8f294800,0x8f284900,0x8f274a00,0x8f264b00,0x8f254c00,0x8f244d00,0x8f234e00,0x8f224f00,0x8f215000,0x8f205100,
		0x8f1f5200,0x8f1e5300,0x8f1d5400,0x8f1c5500,0x8f1b5600,0x8f1a5700,0x8f195800,0x8f185900,0x8f175a00,0x8f165b00,
		0x8f155c00,0x8f145d00,0x8f135e00,0x8f125f00,0x8f116000,0x8f106100,0x8f0f6200,0x8f0e6300,0x8f0d6400,0x8f0c6500,
		0x8f0b6600,0x8f0a6700,0x8f096800,0x8f086900,0x8f076a00,0x8f066b00,0x8f056c00,0x8f046d00,0x8f036e00,0x8f026f00,
		0x8f017000,0x8f007100,0x8eff7200,0x8efe7300,0x8efd7400,0x8efc7500,0x8efb7600,0x8efa7700,0x8ef97800,0x8ef87900,
		0x8ef77a00,0x8ef67b00,0x8ef57c00,0x8ef47d00,0x8ef37e00,0x8ef27f00,0x8ef18000,0x8ef08100,0x8eef8200,0x8eee8300,
		0x8eed8400,0x8eec8500,0x8eeb8600,0x8eea8700,0x8ee98800,0x8ee88900,0x8ee78a00,0x8ee68b00,0x8ee58c00,0x8ee48d00,
		0x8ee38e00,0x8ee28f00,0x8ee19000,0x8ee09100,0x8edf9200,0x8ede9300,0x8edd9400,0x8edc9500,0x8edb9600,0x8eda9700,
		0x8ed99800,0x8ed89900,0x8ed79a00,0x8ed69b00,0x8ed59c00,0x8ed49d00,0x8ed39e00,0x8ed29f00,0x8ed1a000,0x8ed0a100,
		0x8ecfa200,0x8ecea300,0x8ecda400,0x8ecca500,0x8ecba600,0x8ecaa700,0x8ec9a800,0x8ec8a900,0x8ec7aa00,0x8ec6ab00,
		0x8ec5ac00,0x8ec4ad00,0x8ec3ae00,0x8ec2af00,0x8ec1b000,0x8ec0b100,0x8ebfb200,0x8ebeb300,0x8ebdb400,0x8ebcb500,
		0x8ebbb600,0x8ebab700,0x8eb9b800,0x8eb8b900,0x8eb7ba00,0x8eb6bb00,0x8eb5bc00,0x8eb4bd00,0x8eb3be00,0x8eb2bf00,
		0x8eb1c000,0x8eb0c100,0x8eafc200,0x8eaec300,0x8eadc400,0x8eacc500,0x8eabc600,0x8eaac700,0x8ea9c800,0x8ea8c900,
		0x8ea7ca00,0x8ea6cb00,0x8ea5cc00,0x8ea4cd00,0x8ea3ce00,0x8ea2cf00,0x8ea1d000,0x8ea0d100,0x8e9fd200,0x8e9ed300,
		0x8e9dd400,0x8e9cd500,0x8e9bd600,0x8e9ad700,0x8e99d800,0x8e98d900,0x8e97da00,0x8e96db00,0x8e95dc00,0x8e94dd00,
		0x8e93de00,0x8e92df00,0x8e91e000,0x8e90e100,0x8e8fe200,0x8e8ee300,0x8e8de400,0x8e8ce500,0x8e8be600,0x8e8ae700,
		0x8e89e800,0x8e88e900,0x8e87ea00,0x8e86eb00,0x8e85ec00,0x8e84ed00,0x8e83ee00,0x8e82ef00,0x8e81f000,0x8e80f100,
		0x8e7ff200,0x8e7ef300,0x8e7df400,0x8e7cf500,0x8e7bf600,0x8e7af700,0x8e79f800,0x8e78f900,0x8e77fa00,0x8e76fb00,
		0x8e75fc00,0x8e74fd00,0x8e73fe00,0x8e72ff00,0x8e390002,0x8e003903,0x8e370102,0x8e003903,0x8e350202,0x8e003903,
		0x8e330302,0x8e003903,0x8e310402,0x8e003903,0x8e2f0502,0x8e003903,0x8e2d0602,0x8e003903,0x8e2b0702,0x8e003903,
		0x8e290802,0x8e003903,0x8e270902,0x8e003903,0x8e250a02,0x8e003903,0x8e230b02,0x8e003903,0x8e210c02,0x8e003903,
		0x8e1f0d02,0x8e003903,0x8e1d0e02,0x8e003903,0x8e1b0f02,0x8e003903,0x8e191002,0x8e003903,0x8e171102,0x8e003903,
		0x8e151202,0x8e003903,0x8e131302,0x8e003903,0x8e111402,0x8e003903,0x8e0f1502,0x8e003903,0x8e0d1602,0x8e003903,
		0x8e0b1702,0x8e003903,0x8e091802,0x8e003903,0x8e071902,0x8e003903,0x8e051a02,0x8e003903,0x8e031b02,0x8e003903,
		0x8e011c02,0x8e003903,0x8dff1d02,0x8e003903,0x8dfd1e02,0x8e003903,0x8dfb1f02,0x8e003903,0x8df92002,0x8e003903,
		0x8df72102,0x8e003903,0x8df52202,0x8e003903,0x8df32302,0x8e003903,0x8df12402,0x8e003903,0x8def2502,0x8e003903,
		0x8ded2602,0x8e003903,0x8deb2702,0x8e003903,0x8de92802,0x8e003903,0x8de72902,0x8e003903,0x8de52a02,0x8e003903,
		0x8de32b02,0x8e003903,0x8de12c02,0x8e003903,0x8ddf2d02,0x8e003903,0x8ddd2e02,0x8e003903,0x8ddb2f02,0x8e003903,
		0x8dd93002,0x8e003903,0x8dd73102,0x8e003903,0x8dd53202,0x8e003903,0x8dd33302,0x8e003903,0x8dd13402,0x8e003903,
		0x8dcf3502,0x8e003903,0x8dcd3602,0x8e003903,0x8dcb3702,0x8e003903,0x8dc93802,0x8e003903,0x8dc73902,0x8e003903,
		0x8dc53a02,0x8e003903,0x8dc33b02,0x8e003903,0x8dc13c02,0x8e003903,0x8dbf3d02,0x8e003903,0x8dbd3e02,0x8e003903,
		0x8dbb3f02,0x8e003903,0x8db9c002,0x8e003903,0x8db7c102,0x8e003903,0x8db5c202,0x8e003903,0x8db3c302,0x8e003903,
		0x8db1c402,0x8e003903,0x8dafc502,0x8e003903,0x8dadc602,0x8e003903,0x8dabc702,0x8e003903,0x8da9c802,0x8e003903,
		0x8da7c902,0x8e003903,0x8da5ca02,0x8e003903,0x8da3cb02,0x8e003903,0x8da1cc02,0x8e003903,0x8d9fcd02,0x8e003903,
		0x8d9dce02,0x8e003903,0x8d9bcf02,0x8e003903,0x8d99d002,0x8e003903,0x8d97d102,0x8e003903,0x8d95d202,0x8e003903,
		0x8d93d302,0x8e003903,0x8d91d402,0x8e003903,0x8d8fd502,0x8e003903,0x8d8dd602,0x8e003903,0x8d8bd702,0x8e003903,
		0x8d89d802,0x8e003903,0x8d87d902,0x8e003903,0x8d85da02,0x8e003903,0x8d83db02,0x8e003903,0x8d81dc02,0x8e003903,
		0x8d7fdd02,0x8e003903,0x8d7dde02,0x8e003903,0x8d7bdf02,0x8e003903,0x8d79e002,0x8e003903,0x8d77e102,0x8e003903,
		0x8d75e202,0x8e003903,0x8d73e302,0x8e003903,0x8d71e402,0x8e003903,0x8d6fe502,0x8e003903,0x8d6de602,0x8e003903,
		0x8d6be702,0x8e003903,0x8d69e802,0x8e003903,0x8d67e902,0x8e003903,0x8d65ea02,0x8e003903,0x8d63eb02,0x8e003903,
		0x8d61ec02,0x8e003903,0x8d5fed02,0x8e003903,0x8d5dee02,0x8e003903,0x8d5bef02,0x8e003903,0x8d59f002,0x8e003903,
		0x8d57f102,0x8e003903,0x8d55f202,0x8e003903,0x8d53f302,0x8e003903,0x8d51f402,0x8e003903,0x8d4ff502,0x8e003903,
		0x8d4df602,0x8e003903,0x8d4bf702,0x8e003903,0x8d49f802,0x8e003903,0x8d47f902,0x8e003903,0x8d45fa02,0x8e003903,
		0x8d43fb02,0x8e003903,0x8d41fc02,0x8e003903,0x8d3ffd02,0x8e003903,0x8d3dfe02,0x8e003903,0x8d3bff02,0x8e003903,
		0x8d730000,0x8d720100,0x8d710200,0x8d700300,0x8d6f0400,0x8d6e0500,0x8d6d0600,0x8d6c0700,0x8d6b0800,0x8d6a0900,
		0x8d690a00,0x8d680b00,0x8d670c00,0x8d660d00,0x8d650e00,0x8d640f00,0x8d631000,0x8d621100,0x8d611200,0x8d601300,
		0x8d5f1400,0x8d5e1500,0x8d5d1600,0x8d5c1700,0x8d5b1800,0x8d5a1900,0x8d591a00,0x8d581b00,0x8d571c00,0x8d561d00,
		0x8d551e00,0x8d541f00,0x8d532000,0x8d522100,0x8d512200,0x8d502300,0x8d4f2400,0x8d4e2500,0x8d4d2600,0x8d4c2700,
		0x8d4b2800,0x8d4a2900,0x8d492a00,0x8d482b00,0x8d472c00,0x8d462d00,0x8d452e00,0x8d442f00,0x8d433000,0x8d423100,
		0x8d413200,0x8d403300,0x8d3f3400,0x8d3e3500,0x8d3d3600,0x8d3c3700,0x8d3b3800,0x8d3a3900,0x8d393a00,0x8d383b00,
		0x8d373c00,0x8d363d00,0x8d353e00,0x8d343f00,0x8d334000,0x8d324100,0x8d314200,0x8d304300,0x8d2f4400,0x8d2e4500,
		0x8d2d4600,0x8d2c4700,0x8d2b4800,0x8d2a4900,0x8d294a00,0x8d284b00,0x8d274c00,0x8d264d00,0x8d254e00,0x8d244f00,
		0x8d235000,0x8d225100,0x8d215200,0x8d205300,0x8d1f5400,0x8d1e5500,0x8d1d5600,0x8d1c5700,0x8d1b5800,0x8d1a5900,
		0x8d195a00,0x8d185b00,0x8d175c00,0x8d165d00,0x8d155e00,0x8d145f00,0x8d136000,0x8d126100,0x8d116200,0x8d106300,
		0x8d0f6400,0x8d0e6500,0x8d0d6600,0x8d0c6700,0x8d0b6800,0x8d0a6900,0x8d096a00,0x8d086b00,0x8d076c00,0x8d066d00,
		0x8d056e00,0x8d046f00,0x8d037000,0x8d027100,0x8d017200,0x8d007300,0x8cff7400,0x8cfe7500,0x8cfd7600,0x8cfc7700,
		0x8cfb7800,0x8cfa7900,0x8cf97a00,0x8cf87b00,0x8cf77c00,0x8cf67d00,0x8cf57e00,0x8cf47f00,0x8cf38000,0x8cf28100,
		0x8cf18200,0x8cf08300,0x8cef8400,0x8cee8500,0x8ced8600,0x8cec8700,0x8ceb8800,0x8cea8900,0x8ce98a00,0x8ce88b00,
		0x8ce78c00,0x8ce68d00,0x8ce58e00,0x8ce48f00,0x8ce39000,0x8ce29100,0x8ce19200,0x8ce09300,0x8cdf9400,0x8cde9500,
		0x8cdd9600,0x8cdc9700,0x8cdb9800,0x8cda9900,0x8cd99a00,0x8cd89b00,0x8cd79c00,0x8cd69d00,0x8cd59e00,0x8cd49f00,
		0x8cd3a000,0x8cd2a100,0x8cd1a200,0x8cd0a300,0x8ccfa400,0x8ccea500,0x8ccda600,0x8ccca700,0x8ccba800,0x8ccaa900,
		0x8cc9aa00,0x8cc8ab00,0x8cc7ac00,0x8cc6ad00,0x8cc5ae00,0x8cc4af00,0x8cc3b000,0x8cc2b100,0x8cc1b200,0x8cc0b300,
		0x8cbfb400,0x8cbeb500,0x8cbdb600,0x8cbcb700,0x8cbbb800,0x8cbab900,0x8cb9ba00,0x8cb8bb00,0x8cb7bc00,0x8cb6bd00,
		0x8cb5be00,0x8cb4bf00,0x8cb3c000,0x8cb2c100,0x8cb1c200,0x8cb0c300,0x8cafc400,0x8caec500,0x8cadc600,0x8cacc700,
		0x8cabc800,0x8caac900,0x8ca9ca00,0x8ca8cb00,0x8ca7cc00,0x8ca6cd00,0x8ca5ce00,0x8ca4cf00,0x8ca3d000,0x8ca2d100,
		0x8ca1d200,0x8ca0d300,0x8c9fd400,0x8c9ed500,0x8c9dd600,0x8c9cd700,0x8c9bd800,0x8c9ad900,0x8c99da00,0x8c98db00,
		0x8c97dc00,0x8c96dd00,0x8c95de00,0x8c94df00,0x8c93e000,0x8c92e100,0x8c91e200,0x8c90e300,0x8c8fe400,0x8c8ee500,
		0x8c8de600,0x8c8ce700,0x8c8be800,0x8c8ae900,0x8c89ea00,0x8c88eb00,0x8c87ec00,0x8c86ed00,0x8c85ee00,0x8c84ef00,
		0x8c83f000,0x8c82f100,0x8c81f200,0x8c80f300,0x8c7ff400,0x8c7ef500,0x8c7df600,0x8c7cf700,0x8c7bf800,0x8c7af900,
		0x8c79fa00,0x8c78fb00,0x8c77fc00,0x8c76fd00,0x8c75fe00,0x8c74ff00,0x8c1d0004,0x8c003a05,0x8bff1d05,0x8c003a05,
		0x8c190104,0x8c003a05,0x8bfd1d05,0x8c003a05,0x8c150204,0x8c003a05,0x8bfb1d05,0x8c003a05,0x8c110304,0x8c003a05,
		0x8bf91d05,0x8c003a05,0x8c0d0404,0x8c003a05,0x8bf71d05,0x8c003a05,0x8c090504,0x8c003a05,0x8bf51d05,0x8c003a05,
		0x8c050604,0x8c003a05,0x8bf31d05,0x8c003a05,0x8c010704,0x8c003a05,0x8bf11d05,0x8c003a05,0x8bfd0804,0x8c003a05,
		0x8bef1d05,0x8c003a05,0x8bf90904,0x8c003a05,0x8bed1d05,0x8c003a05,0x8bf50a04,0x8c003a05,0x8beb1d05,0x8c003a05,
		0x8bf10b04,0x8c003a05,0x8be91d05,0x8c003a05,0x8bed0c04,0x8c003a05,0x8be71d05,0x8c003a05,0x8be90d04,0x8c003a05,
		0x8be51d05,0x8c003a05,0x8be50e04,0x8c003a05,0x8be31d05,0x8c003a05,0x8be10f04,0x8c003a05,0x8be11d05,0x8c003a05,
		0x8bdd1004,0x8c003a05,0x8bdf1d05,0x8c003a05,0x8bd91104,0x8c003a05,0x8bdd1d05,0x8c003a05,0x8bd51204,0x8c003a05,
		0x8bdb1d05,0x8c003a05,0x8bd11304,0x8c003a05,0x8bd91d05,0x8c003a05,0x8bcd1404,0x8c003a05,0x8bd71d05,0x8c003a05,
		0x8bc91504,0x8c003a05,0x8bd51d05,0x8c003a05,0x8bc51604,0x8c003a05,0x8bd31d05,0x8c003a05,0x8bc11704,0x8c003a05,
		0x8bd11d05,0x8c003a05,0x8bbd1804,0x8c003a05,0x8bcf1d05,0x8c003a05,0x8bb91904,0x8c003a05,0x8bcd1d05,0x8c003a05,
		0x8bb51a04,0x8c003a05,0x8bcb1d05,0x8c003a05,0x8bb11b04,0x8c003a05,0x8bc91d05,0x8c003a05,0x8bad1c04,0x8c003a05,
		0x8bc71d05,0x8c003a05,0x8ba91d04,0x8c003a05,0x8bc51d05,0x8c003a05,0x8ba51e04,0x8c003a05,0x8bc31d05,0x8c003a05,
		0x8ba11f04,0x8c003a05,0x8bc11d05,0x8c003a05,0x8b9de004,0x8c003a05,0x8c3f1d05,0x8c003a05,0x8b99e104,0x8c003a05,
		0x8c3d1d05,0x8c003a05,0x8b95e204,0x8c003a05,0x8c3b1d05,0x8c003a05,0x8b91e304,0x8c003a05,0x8c391d05,0x8c003a05,
		0x8b8de404,0x8c003a05,0x8c371d05,0x8c003a05,0x8b89e504,0x8c003a05,0x8c351d05,0x8c003a05,0x8b85e604,0x8c003a05,
		0x8c331d05,0x8c003a05,0x8b81e704,0x8c003a05,0x8c311d05,0x8c003a05,0x8b7de804,0x8c003a05,0x8c2f1d05,0x8c003a05,
		0x8b79e904,0x8c003a05,0x8c2d1d05,0x8c003a05,0x8b75ea04,0x8c003a05,0x8c2b1d05,0x8c003a05,0x8b71eb04,0x8c003a05,
		0x8c291d05,0x8c003a05,0x8b6dec04,0x8c003a05,0x8c271d05,0x8c003a05,0x8b69ed04,0x8c003a05,0x8c251d05,0x8c003a05,
		0x8b65ee04,0x8c003a05,0x8c231d05,0x8c003a05,0x8b61ef04,0x8c003a05,0x8c211d05,0x8c003a05,0x8b5df004,0x8c003a05,
		0x8c1f1d05,0x8c003a05,0x8b59f104,0x8c003a05,0x8c1d1d05,0x8c003a05,0x8b55f204,0x8c003a05,0x8c1b1d05,0x8c003a05,
		0x8b51f304,0x8c003a05,0x8c191d05,0x8c003a05,0x8b4df404,0x8c003a05,0x8c171d05,0x8c003a05,0x8b49f504,0x8c003a05,
		0x8c151d05,0x8c003a05,0x8b45f604,0x8c003a05,0x8c131d05,0x8c003a05,0x8b41f704,0x8c003a05,0x8c111d05,0x8c003a05,
		0x8b3df804,0x8c003a05,0x8c0f1d05,0x8c003a05,0x8b39f904,0x8c003a05,0x8c0d1d05,0x8c003a05,0x8b35fa04,0x8c003a05,
		0x8c0b1d05,0x8c003a05,0x8b31fb04,0x8c003a05,0x8c091d05,0x8c003a05,0x8b2dfc04,0x8c003a05,0x8c071d05,0x8c003a05,
		0x8b29fd04,0x8c003a05,0x8c051d05,0x8c003a05,0x8b25fe04,0x8c003a05,0x8c031d05,0x8c003a05,0x8b21ff04,0x8c003a05,
		0x8c011d05,0x8c003a05,0x8b750000,0x8b740100,0x8b730200,0x8b720300,0x8b710400,0x8b700500,0x8b6f0600,0x8b6e0700,
		0x8b6d0800,0x8b6c0900,0x8b6b0a00,0x8b6a0b00,0x8b690c00,0x8b680d00,0x8b670e00,0x8b660f00,0x8b651000,0x8b641100,
		0x8b631200,0x8b621300,0x8b611400,0x8b601500,0x8b5f1600,0x8b5e1700,0x8b5d1800,0x8b5c1900,0x8b5b1a00,0x8b5a1b00,
		0x8b591c00,0x8b581d00,0x8b571e00,0x8b561f00,0x8b552000,0x8b542100,0x8b532200,0x8b522300,0x8b512400,0x8b502500,
		0x8b4f2600,0x8b4e2700,0x8b4d2800,0x8b4c2900,0x8b4b2a00,0x8b4a2b00,0x8b492c00,0x8b482d00,0x8b472e00,0x8b462f00,
		0x8b453000,0x8b443100,0x8b433200,0x8b423300,0x8b413400,0x8b403500,0x8b3f3600,0x8b3e3700,0x8b3d3800,0x8b3c3900,
		0x8b3b3a00,0x8b3a3b00,0x8b393c00,0x8b383d00,0x8b373e00,0x8b363f00,0x8b354000,0x8b344100,0x8b334200,0x8b324300,
		0x8b314400,0x8b304500,0x8b2f4600,0x8b2e4700,0x8b2d4800,0x8b2c4900,0x8b2b4a00,0x8b2a4b00,0x8b294c00,0x8b284d00,
		0x8b274e00,0x8b264f00,0x8b255000,0x8b245100,0x8b235200,0x8b225300,0x8b215400,0x8b205500,0x8b1f5600,0x8b1e5700,
		0x8b1d5800,0x8b1c5900,0x8b1b5a00,0x8b1a5b00,0x8b195c00,0x8b185d00,0x8b175e00,0x8b165f00,0x8b156000,0x8b146100,
		0x8b136200,0x8b126300,0x8b116400,0x8b106500,0x8b0f6600,0x8b0e6700,0x8b0d6800,0x8b0c6900,0x8b0b6a00,0x8b0a6b00,
		0x8b096c00,0x8b086d00,0x8b076e00,0x8b066f00,0x8b057000,0x8b047100,0x8b037200,0x8b027300,0x8b017400,0x8b007500,
		0x8aff7600,0x8afe7700,0x8afd7800,0x8afc7900,0x8afb7a00,0x8afa7b00,0x8af97c00,0x8af87d00,0x8af77e00,0x8af67f00,
		0x8af58000,0x8af48100,0x8af38200,0x8af28300,0x8af18400,0x8af08500,0x8aef8600,0x8aee8700,0x8aed8800,0x8aec8900,
		0x8aeb8a00,0x8aea8b00,0x8ae98c00,0x8ae88d00,0x8ae78e00,0x8ae68f00,0x8ae59000,0x8ae49100,0x8ae39200,0x8ae29300,
		0x8ae19400,0x8ae09500,0x8adf9600,0x8ade9700,0x8add9800,0x8adc9900,0x8adb9a00,0x8ada9b00,0x8ad99c00,0x8ad89d00,
		0x8ad79e00,0x8ad69f00,0x8ad5a000,0x8ad4a100,0x8ad3a200,0x8ad2a300,0x8ad1a400,0x8ad0a500,0x8acfa600,0x8acea700,
		0x8acda800,0x8acca900,0x8acbaa00,0x8acaab00,0x8ac9ac00,0x8ac8ad00,0x8ac7ae00,0x8ac6af00,0x8ac5b000,0x8ac4b100,
		0x8ac3b200,0x8ac2b300,0x8ac1b400,0x8ac0b500,0x8abfb600,0x8abeb700,0x8abdb800,0x8abcb900,0x8abbba00,0x8ababb00,
		0x8ab9bc00,0x8ab8bd00,0x8ab7be00,0x8ab6bf00,0x8ab5c000,0x8ab4c100,0x8ab3c200,0x8ab2c300,0x8ab1c400,0x8ab0c500,
		0x8aafc600,0x8aaec700,0x8aadc800,0x8aacc900,0x8aabca00,0x8aaacb00,0x8aa9cc00,0x8aa8cd00,0x8aa7ce00,0x8aa6cf00,
		0x8aa5d000,0x8aa4d100,0x8aa3d200,0x8aa2d300,0x8aa1d400,0x8aa0d500,0x8a9fd600,0x8a9ed700,0x8a9dd800,0x8a9cd900,
		0x8a9bda00,0x8a9adb00,0x8a99dc00,0x8a98dd00,0x8a97de00,0x8a96df00,0x8a95e000,0x8a94e100,0x8a93e200,0x8a92e300,
		0x8a91e400,0x8a90e500,0x8a8fe600,0x8a8ee700,0x8a8de800,0x8a8ce900,0x8a8bea00,0x8a8aeb00,0x8a89ec00,0x8a88ed00,
		0x8a87ee00,0x8a86ef00,0x8a85f000,0x8a84f100,0x8a83f200,0x8a82f300,0x8a81f400,0x8a80f500,0x8a7ff600,0x8a7ef700,
		0x8a7df800,0x8a7cf900,0x8a7bfa00,0x8a7afb00,0x8a79fc00,0x8a78fd00,0x8a77fe00,0x8a76ff00,0x8a3b0002,0x8a003b03,
		0x8a390102,0x8a003b03,0x8a370202,0x8a003b03,0x8a350302,0x8a003b03,0x8a330402,0x8a003b03,0x8a310502,0x8a003b03,
		0x8a2f0602,0x8a003b03,0x8a2d0702,0x8a003b03,0x8a2b0802,0x8a003b03,0x8a290902,0x8a003b03,0x8a270a02,0x8a003b03,
		0x8a250b02,0x8a003b03,0x8a230c02,0x8a003b03,0x8a210d02,0x8a003b03,0x8a1f0e02,0x8a003b03,0x8a1d0f02,0x8a003b03,
		0x8a1b1002,0x8a003b03,0x8a191102,0x8a003b03,0x8a171202,0x8a003b03,0x8a151302,0x8a003b03,0x8a131402,0x8a003b03,
		0x8a111502,0x8a003b03,0x8a0f1602,0x8a003b03,0x8a0d1702,0x8a003b03,0x8a0b1802,0x8a003b03,0x8a091902,0x8a003b03,
		0x8a071a02,0x8a003b03,0x8a051b02,0x8a003b03,0x8a031c02,0x8a003b03,0x8a011d02,0x8a003b03,0x89ff1e02,0x8a003b03,
		0x89fd1f02,0x8a003b03,0x89fb2002,0x8a003b03,0x89f92102,0x8a003b03,0x89f72202,0x8a003b03,0x89f52302,0x8a003b03,
		0x89f32402,0x8a003b03,0x89f12502,0x8a003b03,0x89ef2602,0x8a003b03,0x89ed2702,0x8a003b03,0x89eb2802,0x8a003b03,
		0x89e92902,0x8a003b03,0x89e72a02,0x8a003b03,0x89e52b02,0x8a003b03,0x89e32c02,0x8a003b03,0x89e12d02,0x8a003b03,
		0x89df2e02,0x8a003b03,0x89dd2f02,0x8a003b03,0x89db3002,0x8a003b03,0x89d93102,0x8a003b03,0x89d73202,0x8a003b03,
		0x89d53302,0x8a003b03,0x89d33402,0x8a003b03,0x89d13502,0x8a003b03,0x89cf3602,0x8a003b03,0x89cd3702,0x8a003b03,
		0x89cb3802,0x8a003b03,0x89c93902,0x8a003b03,0x89c73a02,0x8a003b03,0x89c53b02,0x8a003b03,0x89c33c02,0x8a003b03,
		0x89c13d02,0x8a003b03,0x89bf3e02,0x8a003b03,0x89bd3f02,0x8a003b03,0x89bbc002,0x8a003b03,0x89b9c102,0x8a003b03,
		0x89b7c202,0x8a003b03,0x89b5c302,0x8a003b03,0x89b3c402,0x8a003b03,0x89b1c502,0x8a003b03,0x89afc602,0x8a003b03,
		0x89adc702,0x8a003b03,0x89abc802,0x8a003b03,0x89a9c902,0x8a003b03,0x89a7ca02,0x8a003b03,0x89a5cb02,0x8a003b03,
		0x89a3cc02,0x8a003b03,0x89a1cd02,0x8a003b03,0x899fce02,0x8a003b03,0x899dcf02,0x8a003b03,0x899bd002,0x8a003b03,
		0x8999d102,0x8a003b03,0x8997d202,0x8a003b03,0x8995d302,0x8a003b03,0x8993d402,0x8a003b03,0x8991d502,0x8a003b03,
		0x898fd602,0x8a003b03,0x898dd702,0x8a003b03,0x898bd802,0x8a003b03,0x8989d902,0x8a003b03,0x8987da02,0x8a003b03,
		0x8985db02,0x8a003b03,0x8983dc02,0x8a003b03,0x8981dd02,0x8a003b03,0x897fde02,0x8a003b03,0x897ddf02,0x8a003b03,
		0x897be002,0x8a003b03,0x8979e102,0x8a003b03,0x8977e202,0x8a003b03,0x8975e302,0x8a003b03,0x8973e402,0x8a003b03,
		0x8971e502,0x8a003b03,0x896fe602,0x8a003b03,0x896de702,0x8a003b03,0x896be802,0x8a003b03,0x8969e902,0x8a003b03,
		0x8967ea02,0x8a003b03,0x8965eb02,0x8a003b03,0x8963ec02,0x8a003b03,0x8961ed02,0x8a003b03,0x895fee02,0x8a003b03,
		0x895def02,0x8a003b03,0x895bf002,0x8a003b03,0x8959f102,0x8a003b03,0x8957f202,0x8a003b03,0x8955f302,0x8a003b03,
		0x8953f402,0x8a003b03,0x8951f502,0x8a003b03,0x894ff602,0x8a003b03,0x894df702,0x8a003b03,0x894bf802,0x8a003b03,
		0x8949f902,0x8a003b03,0x8947fa02,0x8a003b03,0x8945fb02,0x8a003b03,0x8943fc02,0x8a003b03,0x8941fd02,0x8a003b03,
		0x893ffe02,0x8a003b03,0x893dff02,0x8a003b03,0x89770000,0x89760100,0x89750200,0x89740300,0x89730400,0x89720500,
		0x89710600,0x89700700,0x896f0800,0x896e0900,0x896d0a00,0x896c0b00,0x896b0c00,0x896a0d00,0x89690e00,0x89680f00,
		0x89671000,0x89661100,0x89651200,0x89641300,0x89631400,0x89621500,0x89611600,0x89601700,0x895f1800,0x895e1900,
		0x895d1a00,0x895c1b00,0x895b1c00,0x895a1d00,0x89591e00,0x89581f00,0x89572000,0x89562100,0x89552200,0x89542300,
		0x89532400,0x89522500,0x89512600,0x89502700,0x894f2800,0x894e2900,0x894d2a00,0x894c2b00,0x894b2c00,0x894a2d00,
		0x89492e00,0x89482f00,0x89473000,0x89463100,0x89453200,0x89443300,0x89433400,0x89423500,0x89413600,0x89403700,
		0x893f3800,0x893e3900,0x893d3a00,0x893c3b00,0x893b3c00,0x893a3d00,0x89393e00,0x89383f00,0x89374000,0x89364100,
		0x89354200,0x89344300,0x89334400,0x89324500,0x89314600,0x89304700,0x892f4800,0x892e4900,0x892d4a00,0x892c4b00,
		0x892b4c00,0x892a4d00,0x89294e00,0x89284f00,0x89275000,0x89265100,0x89255200,0x89245300,0x89235400,0x89225500,
		0x89215600,0x89205700,0x891f5800,0x891e5900,0x891d5a00,0x891c5b00,0x891b5c00,0x891a5d00,0x89195e00,0x89185f00,
		0x89176000,0x89166100,0x89156200,0x89146300,0x89136400,0x89126500,0x89116600,0x89106700,0x890f6800,0x890e6900,
		0x890d6a00,0x890c6b00,0x890b6c00,0x890a6d00,0x89096e00,0x89086f00,0x89077000,0x89067100,0x89057200,0x89047300,
		0x89037400,0x89027500,0x89017600,0x89007700,0x88ff7800,0x88fe7900,0x88fd7a00,0x88fc7b00,0x88fb7c00,0x88fa7d00,
		0x88f97e00,0x88f87f00,0x88f78000,0x88f68100,0x88f58200,0x88f48300,0x88f38400,0x88f28500,0x88f18600,0x88f08700,
		0x88ef8800,0x88ee8900,0x88ed8a00,0x88ec8b00,0x88eb8c00,0x88ea8d00,0x88e98e00,0x88e88f00,0x88e79000,0x88e69100,
		0x88e59200,0x88e49300,0x88e39400,0x88e29500,0x88e19600,0x88e09700,0x88df9800,0x88de9900,0x88dd9a00,0x88dc9b00,
		0x88db9c00,0x88da9d00,0x88d99e00,0x88d89f00,0x88d7a000,0x88d6a100,0x88d5a200,0x88d4a300,0x88d3a400,0x88d2a500,
		0x88d1a600,0x88d0a700,0x88cfa800,0x88cea900,0x88cdaa00,0x88ccab00,0x88cbac00,0x88caad00,0x88c9ae00,0x88c8af00,
		0x88c7b000,0x88c6b100,0x88c5b200,0x88c4b300,0x88c3b400,0x88c2b500,0x88c1b600,0x88c0b700,0x88bfb800,0x88beb900,
		0x88bdba00,0x88bcbb00,0x88bbbc00,0x88babd00,0x88b9be00,0x88b8bf00,0x88b7c000,0x88b6c100,0x88b5c200,0x88b4c300,
		0x88b3c400,0x88b2c500,0x88b1c600,0x88b0c700,0x88afc800,0x88aec900,0x88adca00,0x88accb00,0x88abcc00,0x88aacd00,
		0x88a9ce00,0x88a8cf00,0x88a7d000,0x88a6d100,0x88a5d200,0x88a4d300,0x88a3d400,0x88a2d500,0x88a1d600,0x88a0d700,
		0x889fd800,0x889ed900,0x889dda00,0x889cdb00,0x889bdc00,0x889add00,0x8899de00,0x8898df00,0x8897e000,0x8896e100,
		0x8895e200,0x8894e300,0x8893e400,0x8892e500,0x8891e600,0x8890e700,0x888fe800,0x888ee900,0x888dea00,0x888ceb00,
		0x888bec00,0x888aed00,0x8889ee00,0x8888ef00,0x8887f000,0x8886f100,0x8885f200,0x8884f300,0x8883f400,0x8882f500,
		0x8881f600,0x8880f700,0x887ff800,0x887ef900,0x887dfa00,0x887cfb00,0x887bfc00,0x887afd00,0x8879fe00,0x8878ff00,
		0x880f0006,0x88003c07,0x87ff1e07,0x88003c07,0x87fd0f07,0x88003c07,0x87fd1e07,0x88003c07,0x88070106,0x88003c07,
		0x87fb1e07,0x88003c07,0x87f70f07,0x88003c07,0x87f91e07,0x88003c07,0x87ff0206,0x88003c07,0x87f71e07,0x88003c07,
		0x87f10f07,0x88003c07,0x87f51e07,0x88003c07,0x87f70306,0x88003c07,0x87f31e07,0x88003c07,0x87eb0f07,0x88003c07,
		0x87f11e07,0x88003c07,0x87ef0406,0x88003c07,0x87ef1e07,0x88003c07,0x87e50f07,0x88003c07,0x87ed1e07,0x88003c07,
		0x87e70506,0x88003c07,0x87eb1e07,0x88003c07,0x87df0f07,0x88003c07,0x87e91e07,0x88003c07,0x87df0606,0x88003c07,
		0x87e71e07,0x88003c07,0x87d90f07,0x88003c07,0x87e51e07,0x88003c07,0x87d70706,0x88003c07,0x87e31e07,0x88003c07,
		0x87d30f07,0x88003c07,0x87e11e07,0x88003c07,0x87cf0806,0x88003c07,0x87df1e07,0x88003c07,0x87cd0f07,0x88003c07,
		0x87dd1e07,0x88003c07,0x87c70906,0x88003c07,0x87db1e07,0x88003c07,0x87c70f07,0x88003c07,0x87d91e07,0x88003c07,
		0x87bf0a06,0x88003c07,0x87d71e07,0x88003c07,0x87c10f07,0x88003c07,0x87d51e07,0x88003c07,0x87b70b06,0x88003c07,
		0x87d31e07,0x88003c07,0x87bb0f07,0x88003c07,0x87d11e07,0x88003c07,0x87af0c06,0x88003c07,0x87cf1e07,0x88003c07,
		0x87b50f07,0x88003c07,0x87cd1e07,0x88003c07,0x87a70d06,0x88003c07,0x87cb1e07,0x88003c07,0x87af0f07,0x88003c07,
		0x87c91e07,0x88003c07,0x879f0e06,0x88003c07,0x87c71e07,0x88003c07,0x87a90f07,0x88003c07,0x87c51e07,0x88003c07,
		0x87970f06,0x88003c07,0x87c31e07,0x88003c07,0x87a30f07,0x88003c07,0x87c11e07,0x88003c07,0x878ff006,0x88003c07,
		0x883f1e07,0x88003c07,0x885d0f07,0x88003c07,0x883d1e07,0x88003c07,0x8787f106,0x88003c07,0x883b1e07,0x88003c07,
		0x88570f07,0x88003c07,0x88391e07,0x88003c07,0x877ff206,0x88003c07,0x88371e07,0x88003c07,0x88510f07,0x88003c07,
		0x88351e07,0x88003c07,0x8777f306,0x88003c07,0x88331e07,0x88003c07,0x884b0f07,0x88003c07,0x88311e07,0x88003c07,
		0x876ff406,0x88003c07,0x882f1e07,0x88003c07,0x88450f07,0x88003c07,0x882d1e07,0x88003c07,0x8767f506,0x88003c07,
		0x882b1e07,0x88003c07,0x883f0f07,0x88003c07,0x88291e07,0x88003c07,0x875ff606,0x88003c07,0x88271e07,0x88003c07,
		0x88390f07,0x88003c07,0x88251e07,0x88003c07,0x8757f706,0x88003c07,0x88231e07,0x88003c07,0x88330f07,0x88003c07,
		0x88211e07,0x88003c07,0x874ff806,0x88003c07,0x881f1e07,0x88003c07,0x882d0f07,0x88003c07,0x881d1e07,0x88003c07,
		0x8747f906,0x88003c07,0x881b1e07,0x88003c07,0x88270f07,0x88003c07,0x88191e07,0x88003c07,0x873ffa06,0x88003c07,
		0x88171e07,0x88003c07,0x88210f07,0x88003c07,0x88151e07,0x88003c07,0x8737fb06,0x88003c07,0x88131e07,0x88003c07,
		0x881b0f07,0x88003c07,0x88111e07,0x88003c07,0x872ffc06,0x88003c07,0x880f1e07,0x88003c07,0x88150f07,0x88003c07,
		0x880d1e07,0x88003c07,0x8727fd06,0x88003c07,0x880b1e07,0x88003c07,0x880f0f07,0x88003c07,0x88091e07,0x88003c07,
		0x871ffe06,0x88003c07,0x88071e07,0x88003c07,0x88090f07,0x88003c07,0x88051e07,0x88003c07,0x8717ff06,0x88003c07,
		0x88031e07,0x88003c07,0x88030f07,0x88003c07,0x88011e07,0x88003c07,0x87790000,0x87780100,0x87770200,0x87760300,
		0x87750400,0x87740500,0x87730600,0x87720700,0x87710800,0x87700900,0x876f0a00,0x876e0b00,0x876d0c00,0x876c0d00,
		0x876b0e00,0x876a0f00,0x87691000,0x87681100,0x87671200,0x87661300,0x87651400,0x87641500,0x87631600,0x87621700,
		0x87611800,0x87601900,0x875f1a00,0x875e1b00,0x875d1c00,0x875c1d00,0x875b1e00,0x875a1f00,0x87592000,0x87582100,
		0x87572200,0x87562300,0x87552400,0x87542500,0x87532600,0x87522700,0x87512800,0x87502900,0x874f2a00,0x874e2b00,
		0x874d2c00,0x874c2d00,0x874b2e00,0x874a2f00,0x87493000,0x87483100,0x87473200,0x87463300,0x87453400,0x87443500,
		0x87433600,0x87423700,0x87413800,0x87403900,0x873f3a00,0x873e3b00,0x873d3c00,0x873c3d00,0x873b3e00,0x873a3f00,
		0x87394000,0x87384100,0x87374200,0x87364300,0x87354400,0x87344500,0x87334600,0x87324700,0x87314800,0x87304900,
		0x872f4a00,0x872e4b00,0x872d4c00,0x872c4d00,0x872b4e00,0x872a4f00,0x87295000,0x87285100,0x87275200,0x87265300,
		0x87255400,0x87245500,0x87235600,0x87225700,0x87215800,0x87205900,0x871f5a00,0x871e5b00,0x871d5c00,0x871c5d00,
		0x871b5e00,0x871a5f00,0x87196000,0x87186100,0x87176200,0x87166300,0x87156400,0x87146500,0x87136600,0x87126700,
		0x87116800,0x87106900,0x870f6a00,0x870e6b00,0x870d6c00,0x870c6d00,0x870b6e00,0x870a6f00,0x87097000,0x87087100,
		0x87077200,0x87067300,0x87057400,0x87047500,0x87037600,0x87027700,0x87017800,0x87007900,0x86ff7a00,0x86fe7b00,
		0x86fd7c00,0x86fc7d00,0x86fb7e00,0x86fa7f00,0x86f98000,0x86f88100,0x86f78200,0x86f68300,0x86f58400,0x86f48500,
		0x86f38600,0x86f28700,0x86f18800,0x86f08900,0x86ef8a00,0x86ee8b00,0x86ed8c00,0x86ec8d00,0x86eb8e00,0x86ea8f00,
		0x86e99000,0x86e89100,0x86e79200,0x86e69300,0x86e59400,0x86e49500,0x86e39600,0x86e29700,0x86e19800,0x86e09900,
		0x86df9a00,0x86de9b00,0x86dd9c00,0x86dc9d00,0x86db9e00,0x86da9f00,0x86d9a000,0x86d8a100,0x86d7a200,0x86d6a300,
		0x86d5a400,0x86d4a500,0x86d3a600,0x86d2a700,0x86d1a800,0x86d0a900,0x86cfaa00,0x86ceab00,0x86cdac00,0x86ccad00,
		0x86cbae00,0x86caaf00,0x86c9b000,0x86c8b100,0x86c7b200,0x86c6b300,0x86c5b400,0x86c4b500,0x86c3b600,0x86c2b700,
		0x86c1b800,0x86c0b900,0x86bfba00,0x86bebb00,0x86bdbc00,0x86bcbd00,0x86bbbe00,0x86babf00,0x86b9c000,0x86b8c100,
		0x86b7c200,0x86b6c300,0x86b5c400,0x86b4c500,0x86b3c600,0x86b2c700,0x86b1c800,0x86b0c900,0x86afca00,0x86aecb00,
		0x86adcc00,0x86accd00,0x86abce00,0x86aacf00,0x86a9d000,0x86a8d100,0x86a7d200,0x86a6d300,0x86a5d400,0x86a4d500,
		0x86a3d600,0x86a2d700,0x86a1d800,0x86a0d900,0x869fda00,0x869edb00,0x869ddc00,0x869cdd00,0x869bde00,0x869adf00,
		0x8699e000,0x8698e100,0x8697e200,0x8696e300,0x8695e400,0x8694e500,0x8693e600,0x8692e700,0x8691e800,0x8690e900,
		0x868fea00,0x868eeb00,0x868dec00,0x868ced00,0x868bee00,0x868aef00,0x8689f000,0x8688f100,0x8687f200,0x8686f300,
		0x8685f400,0x8684f500,0x8683f600,0x8682f700,0x8681f800,0x8680f900,0x867ffa00,0x867efb00,0x867dfc00,0x867cfd00,
		0x867bfe00,0x867aff00,0x863d0002,0x86003d03,0x863b0102,0x86003d03,0x86390202,0x86003d03,0x86370302,0x86003d03,
		0x86350402,0x86003d03,0x86330502,0x86003d03,0x86310602,0x86003d03,0x862f0702,0x86003d03,0x862d0802,0x86003d03,
		0x862b0902,0x86003d03,0x86290a02,0x86003d03,0x86270b02,0x86003d03,0x86250c02,0x86003d03,0x86230d02,0x86003d03,
		0x86210e02,0x86003d03,0x861f0f02,0x86003d03,0x861d1002,0x86003d03,0x861b1102,0x86003d03,0x86191202,0x86003d03,
		0x86171302,0x86003d03,0x86151402,0x86003d03,0x86131502,0x86003d03,0x86111602,0x86003d03,0x860f1702,0x86003d03,
		0x860d1802,0x86003d03,0x860b1902,0x86003d03,0x86091a02,0x86003d03,0x86071b02,0x86003d03,0x86051c02,0x86003d03,
		0x86031d02,0x86003d03,0x86011e02,0x86003d03,0x85ff1f02,0x86003d03,0x85fd2002,0x86003d03,0x85fb2102,0x86003d03,
		0x85f92202,0x86003d03,0x85f72302,0x86003d03,0x85f52402,0x86003d03,0x85f32502,0x86003d03,0x85f12602,0x86003d03,
		0x85ef2702,0x86003d03,0x85ed2802,0x86003d03,0x85eb2902,0x86003d03,0x85e92a02,0x86003d03,0x85e72b02,0x86003d03,
		0x85e52c02,0x86003d03,0x85e32d02,0x86003d03,0x85e12e02,0x86003d03,0x85df2f02,0x86003d03,0x85dd3002,0x86003d03,
		0x85db3102,0x86003d03,0x85d93202,0x86003d03,0x85d73302,0x86003d03,0x85d53402,0x86003d03,0x85d33502,0x86003d03,
		0x85d13602,0x86003d03,0x85cf3702,0x86003d03,0x85cd3802,0x86003d03,0x85cb3902,0x86003d03,0x85c93a02,0x86003d03,
		0x85c73b02,0x86003d03,0x85c53c02,0x86003d03,0x85c33d02,0x86003d03,0x85c13e02,0x86003d03,0x85bf3f02,0x86003d03,
		0x85bdc002,0x86003d03,0x85bbc102,0x86003d03,0x85b9c202,0x86003d03,0x85b7c302,0x86003d03,0x85b5c402,0x86003d03,
		0x85b3c502,0x86003d03,0x85b1c602,0x86003d03,0x85afc702,0x86003d03,0x85adc802,0x86003d03,0x85abc902,0x86003d03,
		0x85a9ca02,0x86003d03,0x85a7cb02,0x86003d03,0x85a5cc02,0x86003d03,0x85a3cd02,0x86003d03,0x85a1ce02,0x86003d03,
		0x859fcf02,0x86003d03,0x859dd002,0x86003d03,0x859bd102,0x86003d03,0x8599d202,0x86003d03,0x8597d302,0x86003d03,
		0x8595d402,0x86003d03,0x8593d502,0x86003d03,0x8591d602,0x86003d03,0x858fd702,0x86003d03,0x858dd802,0x86003d03,
		0x858bd902,0x86003d03,0x8589da02,0x86003d03,0x8587db02,0x86003d03,0x8585dc02,0x86003d03,0x8583dd02,0x86003d03,
		0x8581de02,0x86003d03,0x857fdf02,0x86003d03,0x857de002,0x86003d03,0x857be102,0x86003d03,0x8579e202,0x86003d03,
		0x8577e302,0x86003d03,0x8575e402,0x86003d03,0x8573e502,0x86003d03,0x8571e602,0x86003d03,0x856fe702,0x86003d03,
		0x856de802,0x86003d03,0x856be902,0x86003d03,0x8569ea02,0x86003d03,0x8567eb02,0x86003d03,0x8565ec02,0x86003d03,
		0x8563ed02,0x86003d03,0x8561ee02,0x86003d03,0x855fef02,0x86003d03,0x855df002,0x86003d03,0x855bf102,0x86003d03,
		0x8559f202,0x86003d03,0x8557f302,0x86003d03,0x8555f402,0x86003d03,0x8553f502,0x86003d03,0x8551f602,0x86003d03,
		0x854ff702,0x86003d03,0x854df802,0x86003d03,0x854bf902,0x86003d03,0x8549fa02,0x86003d03,0x8547fb02,0x86003d03,
		0x8545fc02,0x86003d03,0x8543fd02,0x86003d03,0x8541fe02,0x86003d03,0x853fff02,0x86003d03,0x857b0000,0x857a0100,
		0x85790200,0x85780300,0x85770400,0x85760500,0x85750600,0x85740700,0x85730800,0x85720900,0x85710a00,0x85700b00,
		0x856f0c00,0x856e0d00,0x856d0e00,0x856c0f00,0x856b1000,0x856a1100,0x85691200,0x85681300,0x85671400,0x85661500,
		0x85651600,0x85641700,0x85631800,0x85621900,0x85611a00,0x85601b00,0x855f1c00,0x855e1d00,0x855d1e00,0x855c1f00,
		0x855b2000,0x855a2100,0x85592200,0x85582300,0x85572400,0x85562500,0x85552600,0x85542700,0x85532800,0x85522900,
		0x85512a00,0x85502b00,0x854f2c00,0x854e2d00,0x854d2e00,0x854c2f00,0x854b3000,0x854a3100,0x85493200,0x85483300,
		0x85473400,0x85463500,0x85453600,0x85443700,0x85433800,0x85423900,0x85413a00,0x85403b00,0x853f3c00,0x853e3d00,
		0x853d3e00,0x853c3f00,0x853b4000,0x853a4100,0x85394200,0x85384300,0x85374400,0x85364500,0x85354600,0x85344700,
		0x85334800,0x85324900,0x85314a00,0x85304b00,0x852f4c00,0x852e4d00,0x852d4e00,0x852c4f00,0x852b5000,0x852a5100,
		0x85295200,0x85285300,0x85275400,0x85265500,0x85255600,0x85245700,0x85235800,0x85225900,0x85215a00,0x85205b00,
		0x851f5c00,0x851e5d00,0x851d5e00,0x851c5f00,0x851b6000,0x851a6100,0x85196200,0x85186300,0x85176400,0x85166500,
		0x85156600,0x85146700,0x85136800,0x85126900,0x85116a00,0x85106b00,0x850f6c00,0x850e6d00,0x850d6e00,0x850c6f00,
		0x850b7000,0x850a7100,0x85097200,0x85087300,0x85077400,0x85067500,0x85057600,0x85047700,0x85037800,0x85027900,
		0x85017a00,0x85007b00,0x84ff7c00,0x84fe7d00,0x84fd7e00,0x84fc7f00,0x84fb8000,0x84fa8100,0x84f98200,0x84f88300,
		0x84f78400,0x84f68500,0x84f58600,0x84f48700,0x84f38800,0x84f28900,0x84f18a00,0x84f08b00,0x84ef8c00,0x84ee8d00,
		0x84ed8e00,0x84ec8f00,0x84eb9000,0x84ea9100,0x84e99200,0x84e89300,0x84e79400,0x84e69500,0x84e59600,0x84e49700,
		0x84e39800,0x84e29900,0x84e19a00,0x84e09b00,0x84df9c00,0x84de9d00,0x84dd9e00,0x84dc9f00,0x84dba000,0x84daa100,
		0x84d9a200,0x84d8a300,0x84d7a400,0x84d6a500,0x84d5a600,0x84d4a700,0x84d3a800,0x84d2a900,0x84d1aa00,0x84d0ab00,
		0x84cfac00,0x84cead00,0x84cdae00,0x84ccaf00,0x84cbb000,0x84cab100,0x84c9b200,0x84c8b300,0x84c7b400,0x84c6b500,
		0x84c5b600,0x84c4b700,0x84c3b800,0x84c2b900,0x84c1ba00,0x84c0bb00,0x84bfbc00,0x84bebd00,0x84bdbe00,0x84bcbf00,
		0x84bbc000,0x84bac100,0x84b9c200,0x84b8c300,0x84b7c400,0x84b6c500,0x84b5c600,0x84b4c700,0x84b3c800,0x84b2c900,
		0x84b1ca00,0x84b0cb00,0x84afcc00,0x84aecd00,0x84adce00,0x84accf00,0x84abd000,0x84aad100,0x84a9d200,0x84a8d300,
		0x84a7d400,0x84a6d500,0x84a5d600,0x84a4d700,0x84a3d800,0x84a2d900,0x84a1da00,0x84a0db00,0x849fdc00,0x849edd00,
		0x849dde00,0x849cdf00,0x849be000,0x849ae100,0x8499e200,0x8498e300,0x8497e400,0x8496e500,0x8495e600,0x8494e700,
		0x8493e800,0x8492e900,0x8491ea00,0x8490eb00,0x848fec00,0x848eed00,0x848dee00,0x848cef00,0x848bf000,0x848af100,
		0x8489f200,0x8488f300,0x8487f400,0x8486f500,0x8485f600,0x8484f700,0x8483f800,0x8482f900,0x8481fa00,0x8480fb00,
		0x847ffc00,0x847efd00,0x847dfe00,0x847cff00,0x841f0004,0x84003e05,0x83ff1f05,0x84003e05,0x841b0104,0x84003e05,
		0x83fd1f05,0x84003e05,0x84170204,0x84003e05,0x83fb1f05,0x84003e05,0x84130304,0x84003e05,0x83f91f05,0x84003e05,
		0x840f0404,0x84003e05,0x83f71f05,0x84003e05,0x840b0504,0x84003e05,0x83f51f05,0x84003e05,0x84070604,0x84003e05,
		0x83f31f05,0x84003e05,0x84030704,0x84003e05,0x83f11f05,0x84003e05,0x83ff0804,0x84003e05,0x83ef1f05,0x84003e05,
		0x83fb0904,0x84003e05,0x83ed1f05,0x84003e05,0x83f70a04,0x84003e05,0x83eb1f05,0x84003e05,0x83f30b04,0x84003e05,
		0x83e91f05,0x84003e05,0x83ef0c04,0x84003e05,0x83e71f05,0x84003e05,0x83eb0d04,0x84003e05,0x83e51f05,0x84003e05,
		0x83e70e04,0x84003e05,0x83e31f05,0x84003e05,0x83e30f04,0x84003e05,0x83e11f05,0x84003e05,0x83df1004,0x84003e05,
		0x83df1f05,0x84003e05,0x83db1104,0x84003e05,0x83dd1f05,0x84003e05,0x83d71204,0x84003e05,0x83db1f05,0x84003e05,
		0x83d31304,0x84003e05,0x83d91f05,0x84003e05,0x83cf1404,0x84003e05,0x83d71f05,0x84003e05,0x83cb1504,0x84003e05,
		0x83d51f05,0x84003e05,0x83c71604,0x84003e05,0x83d31f05,0x84003e05,0x83c31704,0x84003e05,0x83d11f05,0x84003e05,
		0x83bf1804,0x84003e05,0x83cf1f05,0x84003e05,0x83bb1904,0x84003e05,0x83cd1f05,0x84003e05,0x83b71a04,0x84003e05,
		0x83cb1f05,0x84003e05,0x83b31b04,0x84003e05,0x83c91f05,0x84003e05,0x83af1c04,0x84003e05,0x83c71f05,0x84003e05,
		0x83ab1d04,0x84003e05,0x83c51f05,0x84003e05,0x83a71e04,0x84003e05,0x83c31f05,0x84003e05,0x83a31f04,0x84003e05,
		0x83c11f05,0x84003e05,0x839fe004,0x84003e05,0x843f1f05,0x84003e05,0x839be104,0x84003e05,0x843d1f05,0x84003e05,
		0x8397e204,0x84003e05,0x843b1f05,0x84003e05,0x8393e304,0x84003e05,0x84391f05,0x84003e05,0x838fe404,0x84003e05,
		0x84371f05,0x84003e05,0x838be504,0x84003e05,0x84351f05,0x84003e05,0x8387e604,0x84003e05,0x84331f05,0x84003e05,
		0x8383e704,0x84003e05,0x84311f05,0x84003e05,0x837fe804,0x84003e05,0x842f1f05,0x84003e05,0x837be904,0x84003e05,
		0x842d1f05,0x84003e05,0x8377ea04,0x84003e05,0x842b1f05,0x84003e05,0x8373eb04,0x84003e05,0x84291f05,0x84003e05,
		0x836fec04,0x84003e05,0x84271f05,0x84003e05,0x836bed04,0x84003e05,0x84251f05,0x84003e05,0x8367ee04,0x84003e05,
		0x84231f05,0x84003e05,0x8363ef04,0x84003e05,0x84211f05,0x84003e05,0x835ff004,0x84003e05,0x841f1f05,0x84003e05,
		0x835bf104,0x84003e05,0x841d1f05,0x84003e05,0x8357f204,0x84003e05,0x841b1f05,0x84003e05,0x8353f304,0x84003e05,
		0x84191f05,0x84003e05,0x834ff404,0x84003e05,0x84171f05,0x84003e05,0x834bf504,0x84003e05,0x84151f05,0x84003e05,
		0x8347f604,0x84003e05,0x84131f05,0x84003e05,0x8343f704,0x84003e05,0x84111f05,0x84003e05,0x833ff804,0x84003e05,
		0x840f1f05,0x84003e05,0x833bf904,0x84003e05,0x840d1f05,0x84003e05,0x8337fa04,0x84003e05,0x840b1f05,0x84003e05,
		0x8333fb04,0x84003e05,0x84091f05,0x84003e05,0x832ffc04,0x84003e05,0x84071f05,0x84003e05,0x832bfd04,0x84003e05,
		0x84051f05,0x84003e05,0x8327fe04,0x84003e05,0x84031f05,0x84003e05,0x8323ff04,0x84003e05,0x84011f05,0x84003e05,
		0x837d0000,0x837c0100,0x837b0200,0x837a0300,0x83790400,0x83780500,0x83770600,0x83760700,0x83750800,0x83740900,
		0x83730a00,0x83720b00,0x83710c00,0x83700d00,0x836f0e00,0x836e0f00,0x836d1000,0x836c1100,0x836b1200,0x836a1300,
		0x83691400,0x83681500,0x83671600,0x83661700,0x83651800,0x83641900,0x83631a00,0x83621b00,0x83611c00,0x83601d00,
		0x835f1e00,0x835e1f00,0x835d2000,0x835c2100,0x835b2200,0x835a2300,0x83592400,0x83582500,0x83572600,0x83562700,
		0x83552800,0x83542900,0x83532a00,0x83522b00,0x83512c00,0x83502d00,0x834f2e00,0x834e2f00,0x834d3000,0x834c3100,
		0x834b3200,0x834a3300,0x83493400,0x83483500,0x83473600,0x83463700,0x83453800,0x83443900,0x83433a00,0x83423b00,
		0x83413c00,0x83403d00,0x833f3e00,0x833e3f00,0x833d4000,0x833c4100,0x833b4200,0x833a4300,0x83394400,0x83384500,
		0x83374600,0x83364700,0x83354800,0x83344900,0x83334a00,0x83324b00,0x83314c00,0x83304d00,0x832f4e00,0x832e4f00,
		0x832d5000,0x832c5100,0x832b5200,0x832a5300,0x83295400,0x83285500,0x83275600,0x83265700,0x83255800,0x83245900,
		0x83235a00,0x83225b00,0x83215c00,0x83205d00,0x831f5e00,0x831e5f00,0x831d6000,0x831c6100,0x831b6200,0x831a6300,
		0x83196400,0x83186500,0x83176600,0x83166700,0x83156800,0x83146900,0x83136a00,0x83126b00,0x83116c00,0x83106d00,
		0x830f6e00,0x830e6f00,0x830d7000,0x830c7100,0x830b7200,0x830a7300,0x83097400,0x83087500,0x83077600,0x83067700,
		0x83057800,0x83047900,0x83037a00,0x83027b00,0x83017c00,0x83007d00,0x82ff7e00,0x82fe7f00,0x82fd8000,0x82fc8100,
		0x82fb8200,0x82fa8300,0x82f98400,0x82f88500,0x82f78600,0x82f68700,0x82f58800,0x82f48900,0x82f38a00,0x82f28b00,
		0x82f18c00,0x82f08d00,0x82ef8e00,0x82ee8f00,0x82ed9000,0x82ec9100,0x82eb9200,0x82ea9300,0x82e99400,0x82e89500,
		0x82e79600,0x82e69700,0x82e59800,0x82e49900,0x82e39a00,0x82e29b00,0x82e19c00,0x82e09d00,0x82df9e00,0x82de9f00,
		0x82dda000,0x82dca100,0x82dba200,0x82daa300,0x82d9a400,0x82d8a500,0x82d7a600,0x82d6a700,0x82d5a800,0x82d4a900,
		0x82d3aa00,0x82d2ab00,0x82d1ac00,0x82d0ad00,0x82cfae00,0x82ceaf00,0x82cdb000,0x82ccb100,0x82cbb200,0x82cab300,
		0x82c9b400,0x82c8b500,0x82c7b600,0x82c6b700,0x82c5b800,0x82c4b900,0x82c3ba00,0x82c2bb00,0x82c1bc00,0x82c0bd00,
		0x82bfbe00,0x82bebf00,0x82bdc000,0x82bcc100,0x82bbc200,0x82bac300,0x82b9c400,0x82b8c500,0x82b7c600,0x82b6c700,
		0x82b5c800,0x82b4c900,0x82b3ca00,0x82b2cb00,0x82b1cc00,0x82b0cd00,0x82afce00,0x82aecf00,0x82add000,0x82acd100,
		0x82abd200,0x82aad300,0x82a9d400,0x82a8d500,0x82a7d600,0x82a6d700,0x82a5d800,0x82a4d900,0x82a3da00,0x82a2db00,
		0x82a1dc00,0x82a0dd00,0x829fde00,0x829edf00,0x829de000,0x829ce100,0x829be200,0x829ae300,0x8299e400,0x8298e500,
		0x8297e600,0x8296e700,0x8295e800,0x8294e900,0x8293ea00,0x8292eb00,0x8291ec00,0x8290ed00,0x828fee00,0x828eef00,
		0x828df000,0x828cf100,0x828bf200,0x828af300,0x8289f400,0x8288f500,0x8287f600,0x8286f700,0x8285f800,0x8284f900,
		0x8283fa00,0x8282fb00,0x8281fc00,0x8280fd00,0x827ffe00,0x827eff00,0x823f0002,0x82003f03,0x823d0102,0x82003f03,
		0x823b0202,0x82003f03,0x82390302,0x82003f03,0x82370402,0x82003f03,0x82350502,0x82003f03,0x82330602,0x82003f03,
		0x82310702,0x82003f03,0x822f0802,0x82003f03,0x822d0902,0x82003f03,0x822b0a02,0x82003f03,0x82290b02,0x82003f03,
		0x82270c02,0x82003f03,0x82250d02,0x82003f03,0x82230e02,0x82003f03,0x82210f02,0x82003f03,0x821f1002,0x82003f03,
		0x821d1102,0x82003f03,0x821b1202,0x82003f03,0x82191302,0x82003f03,0x82171402,0x82003f03,0x82151502,0x82003f03,
		0x82131602,0x82003f03,0x82111702,0x82003f03,0x820f1802,0x82003f03,0x820d1902,0x82003f03,0x820b1a02,0x82003f03,
		0x82091b02,0x82003f03,0x82071c02,0x82003f03,0x82051d02,0x82003f03,0x82031e02,0x82003f03,0x82011f02,0x82003f03,
		0x81ff2002,0x82003f03,0x81fd2102,0x82003f03,0x81fb2202,0x82003f03,0x81f92302,0x82003f03,0x81f72402,0x82003f03,
		0x81f52502,0x82003f03,0x81f32602,0x82003f03,0x81f12702,0x82003f03,0x81ef2802,0x82003f03,0x81ed2902,0x82003f03,
		0x81eb2a02,0x82003f03,0x81e92b02,0x82003f03,0x81e72c02,0x82003f03,0x81e52d02,0x82003f03,0x81e32e02,0x82003f03,
		0x81e12f02,0x82003f03,0x81df3002,0x82003f03,0x81dd3102,0x82003f03,0x81db3202,0x82003f03,0x81d93302,0x82003f03,
		0x81d73402,0x82003f03,0x81d53502,0x82003f03,0x81d33602,0x82003f03,0x81d13702,0x82003f03,0x81cf3802,0x82003f03,
		0x81cd3902,0x82003f03,0x81cb3a02,0x82003f03,0x81c93b02,0x82003f03,0x81c73c02,0x82003f03,0x81c53d02,0x82003f03,
		0x81c33e02,0x82003f03,0x81c13f02,0x82003f03,0x81bfc002,0x82003f03,0x81bdc102,0x82003f03,0x81bbc202,0x82003f03,
		0x81b9c302,0x82003f03,0x81b7c402,0x82003f03,0x81b5c502,0x82003f03,0x81b3c602,0x82003f03,0x81b1c702,0x82003f03,
		0x81afc802,0x82003f03,0x81adc902,0x82003f03,0x81abca02,0x82003f03,0x81a9cb02,0x82003f03,0x81a7cc02,0x82003f03,
		0x81a5cd02,0x82003f03,0x81a3ce02,0x82003f03,0x81a1cf02,0x82003f03,0x819fd002,0x82003f03,0x819dd102,0x82003f03,
		0x819bd202,0x82003f03,0x8199d302,0x82003f03,0x8197d402,0x82003f03,0x8195d502,0x82003f03,0x8193d602,0x82003f03,
		0x8191d702,0x82003f03,0x818fd802,0x82003f03,0x818dd902,0x82003f03,0x818bda02,0x82003f03,0x8189db02,0x82003f03,
		0x8187dc02,0x82003f03,0x8185dd02,0x82003f03,0x8183de02,0x82003f03,0x8181df02,0x82003f03,0x817fe002,0x82003f03,
		0x817de102,0x82003f03,0x817be202,0x82003f03,0x8179e302,0x82003f03,0x8177e402,0x82003f03,0x8175e502,0x82003f03,
		0x8173e602,0x82003f03,0x8171e702,0x82003f03,0x816fe802,0x82003f03,0x816de902,0x82003f03,0x816bea02,0x82003f03,
		0x8169eb02,0x82003f03,0x8167ec02,0x82003f03,0x8165ed02,0x82003f03,0x8163ee02,0x82003f03,0x8161ef02,0x82003f03,
		0x815ff002,0x82003f03,0x815df102,0x82003f03,0x815bf202,0x82003f03,0x8159f302,0x82003f03,0x8157f402,0x82003f03,
		0x8155f502,0x82003f03,0x8153f602,0x82003f03,0x8151f702,0x82003f03,0x814ff802,0x82003f03,0x814df902,0x82003f03,
		0x814bfa02,0x82003f03,0x8149fb02,0x82003f03,0x8147fc02,0x82003f03,0x8145fd02,0x82003f03,0x8143fe02,0x82003f03,
		0x8141ff02,0x82003f03,0x817f0000,0x817e0100,0x817d0200,0x817c0300,0x817b0400,0x817a0500,0x81790600,0x81780700,
		0x81770800,0x81760900,0x81750a00,0x81740b00,0x81730c00,0x81720d00,0x81710e00,0x81700f00,0x816f1000,0x816e1100,
		0x816d1200,0x816c1300,0x816b1400,0x816a1500,0x81691600,0x81681700,0x81671800,0x81661900,0x81651a00,0x81641b00,
		0x81631c00,0x81621d00,0x81611e00,0x81601f00,0x815f2000,0x815e2100,0x815d2200,0x815c2300,0x815b2400,0x815a2500,
		0x81592600,0x81582700,0x81572800,0x81562900,0x81552a00,0x81542b00,0x81532c00,0x81522d00,0x81512e00,0x81502f00,
		0x814f3000,0x814e3100,0x814d3200,0x814c3300,0x814b3400,0x814a3500,0x81493600,0x81483700,0x81473800,0x81463900,
		0x81453a00,0x81443b00,0x81433c00,0x81423d00,0x81413e00,0x81403f00,0x813f4000,0x813e4100,0x813d4200,0x813c4300,
		0x813b4400,0x813a4500,0x81394600,0x81384700,0x81374800,0x81364900,0x81354a00,0x81344b00,0x81334c00,0x81324d00,
		0x81314e00,0x81304f00,0x812f5000,0x812e5100,0x812d5200,0x812c5300,0x812b5400,0x812a5500,0x81295600,0x81285700,
		0x81275800,0x81265900,0x81255a00,0x81245b00,0x81235c00,0x81225d00,0x81215e00,0x81205f00,0x811f6000,0x811e6100,
		0x811d6200,0x811c6300,0x811b6400,0x811a6500,0x81196600,0x81186700,0x81176800,0x81166900,0x81156a00,0x81146b00,
		0x81136c00,0x81126d00,0x81116e00,0x81106f00,0x810f7000,0x810e7100,0x810d7200,0x810c7300,0x810b7400,0x810a7500,
		0x81097600,0x81087700,0x81077800,0x81067900,0x81057a00,0x81047b00,0x81037c00,0x81027d00,0x81017e00,0x81007f00,
		0x80ff8000,0x80fe8100,0x80fd8200,0x80fc8300,0x80fb8400,0x80fa8500,0x80f98600,0x80f88700,0x80f78800,0x80f68900,
		0x80f58a00,0x80f48b00,0x80f38c00,0x80f28d00,0x80f18e00,0x80f08f00,0x80ef9000,0x80ee9100,0x80ed9200,0x80ec9300,
		0x80eb9400,0x80ea9500,0x80e99600,0x80e89700,0x80e79800,0x80e69900,0x80e59a00,0x80e49b00,0x80e39c00,0x80e29d00,
		0x80e19e00,0x80e09f00,0x80dfa000,0x80dea100,0x80dda200,0x80dca300,0x80dba400,0x80daa500,0x80d9a600,0x80d8a700,
		0x80d7a800,0x80d6a900,0x80d5aa00,0x80d4ab00,0x80d3ac00,0x80d2ad00,0x80d1ae00,0x80d0af00,0x80cfb000,0x80ceb100,
		0x80cdb200,0x80ccb300,0x80cbb400,0x80cab500,0x80c9b600,0x80c8b700,0x80c7b800,0x80c6b900,0x80c5ba00,0x80c4bb00,
		0x80c3bc00,0x80c2bd00,0x80c1be00,0x80c0bf00,0x80bfc000,0x80bec100,0x80bdc200,0x80bcc300,0x80bbc400,0x80bac500,
		0x80b9c600,0x80b8c700,0x80b7c800,0x80b6c900,0x80b5ca00,0x80b4cb00,0x80b3cc00,0x80b2cd00,0x80b1ce00,0x80b0cf00,
		0x80afd000,0x80aed100,0x80add200,0x80acd300,0x80abd400,0x80aad500,0x80a9d600,0x80a8d700,0x80a7d800,0x80a6d900,
		0x80a5da00,0x80a4db00,0x80a3dc00,0x80a2dd00,0x80a1de00,0x80a0df00,0x809fe000,0x809ee100,0x809de200,0x809ce300,
		0x809be400,0x809ae500,0x8099e600,0x8098e700,0x8097e800,0x8096e900,0x8095ea00,0x8094eb00,0x8093ec00,0x8092ed00,
		0x8091ee00,0x8090ef00,0x808ff000,0x808ef100,0x808df200,0x808cf300,0x808bf400,0x808af500,0x8089f600,0x8088f700,
		0x8087f800,0x8086f900,0x8085fa00,0x8084fb00,0x8083fc00,0x8082fd00,0x8081fe00,0x8080ff00,0x80ff000e,0x8000c00f,
		0x7fffe00f,0x8000c00f,0x7ffdf00f,0x8000c00f,0x7ffde00f,0x8000c00f,0x7ff9f80f,0x8000c00f,0x7ffbe00f,0x8000c00f,
		0x7ff7f00f,0x8000c00f,0x7ff9e00f,0x8000c00f,0x7ff1fc0f,0x8000c00f,0x7ff7e00f,0x8000c00f,0x7ff1f00f,0x8000c00f,
		0x7ff5e00f,0x8000c00f,0x7febf80f,0x8000c00f,0x7ff3e00f,0x8000c00f,0x7febf00f,0x8000c00f,0x7ff1e00f,0x8000c00f,
		0x7fe1fe0f,0x8000c00f,0x7fefe00f,0x8000c00f,0x7fe5f00f,0x8000c00f,0x7fede00f,0x8000c00f,0x7fddf80f,0x8000c00f,
		0x7febe00f,0x8000c00f,0x7fdff00f,0x8000c00f,0x7fe9e00f,0x8000c00f,0x7fd3fc0f,0x8000c00f,0x7fe7e00f,0x8000c00f,
		0x7fd9f00f,0x8000c00f,0x7fe5e00f,0x8000c00f,0x7fcff80f,0x8000c00f,0x7fe3e00f,0x8000c00f,0x7fd3f00f,0x8000c00f,
		0x7fe1e00f,0x8000c00f,0x7fc1ff0f,0x8000c00f,0x7fdfe00f,0x8000c00f,0x7fcdf00f,0x8000c00f,0x7fdde00f,0x8000c00f,
		0x7fc1f80f,0x8000c00f,0x7fdbe00f,0x8000c00f,0x7fc7f00f,0x8000c00f,0x7fd9e00f,0x8000c00f,0x7fb5fc0f,0x8000c00f,
		0x7fd7e00f,0x8000c00f,0x7fc1f00f,0x8000c00f,0x7fd5e00f,0x8000c00f,0x7fb3f80f,0x8000c00f,0x7fd3e00f,0x8000c00f,
		0x7fbbf00f,0x8000c00f,0x7fd1e00f,0x8000c00f,0x7fa3fe0f,0x8000c00f,0x7fcfe00f,0x8000c00f,0x7fb5f00f,0x8000c00f,
		0x7fcde00f,0x8000c00f,0x7fa5f80f,0x8000c00f,0x7fcbe00f,0x8000c00f,0x7faff00f,0x8000c00f,0x7fc9e00f,0x8000c00f,
		0x7f97fc0f,0x8000c00f,0x7fc7e00f,0x8000c00f,0x7fa9f00f,0x8000c00f,0x7fc5e00f,0x8000c00f,0x7f97f80f,0x8000c00f,
		0x7fc3e00f,0x8000c00f,0x7fa3f00f,0x8000c00f,0x7fc1e00f,0x8000c00f,0x807fff0e,0x8000c00f,0x803fe00f,0x8000c00f,
		0x805df00f,0x8000c00f,0x803de00f,0x8000c00f,0x8069f80f,0x8000c00f,0x803be00f,0x8000c00f,0x8057f00f,0x8000c00f,
		0x8039e00f,0x8000c00f,0x8069fc0f,0x8000c00f,0x8037e00f,0x8000c00f,0x8051f00f,0x8000c00f,0x8035e00f,0x8000c00f,
		0x805bf80f,0x8000c00f,0x8033e00f,0x8000c00f,0x804bf00f,0x8000c00f,0x8031e00f,0x8000c00f,0x805dfe0f,0x8000c00f,
		0x802fe00f,0x8000c00f,0x8045f00f,0x8000c00f,0x802de00f,0x8000c00f,0x804df80f,0x8000c00f,0x802be00f,0x8000c00f,
		0x803ff00f,0x8000c00f,0x8029e00f,0x8000c00f,0x804bfc0f,0x8000c00f,0x8027e00f,0x8000c00f,0x8039f00f,0x8000c00f,
		0x8025e00f,0x8000c00f,0x803ff80f,0x8000c00f,0x8023e00f,0x8000c00f,0x8033f00f,0x8000c00f,0x8021e00f,0x8000c00f,
		0x803fff0f,0x8000c00f,0x801fe00f,0x8000c00f,0x802df00f,0x8000c00f,0x801de00f,0x8000c00f,0x8031f80f,0x8000c00f,
		0x801be00f,0x8000c00f,0x8027f00f,0x8000c00f,0x8019e00f,0x8000c00f,0x802dfc0f,0x8000c00f,0x8017e00f,0x8000c00f,
		0x8021f00f,0x8000c00f,0x8015e00f,0x8000c00f,0x8023f80f,0x8000c00f,0x8013e00f,0x8000c00f,0x801bf00f,0x8000c00f,
		0x8011e00f,0x8000c00f,0x801ffe0f,0x8000c00f,0x800fe00f,0x8000c00f,0x8015f00f,0x8000c00f,0x800de00f,0x8000c00f,
		0x8015f80f,0x8000c00f,0x800be00f,0x8000c00f,0x800ff00f,0x8000c00f,0x8009e00f,0x8000c00f,0x800ffc0f,0x8000c00f,
		0x8007e00f,0x8000c00f,0x8009f00f,0x8000c00f,0x8005e00f,0x8000c00f,0x8007f80f,0x8000c00f,0x8003e00f,0x8000c00f,
		0x8003f00f,0x8000c00f,0x8001e00f,0x8000c00f,0x7f810000,0x7f800100,0x7f7f0200,0x7f7e0300,0x7f7d0400,0x7f7c0500,
		0x7f7b0600,0x7f7a0700,0x7f790800,0x7f780900,0x7f770a00,0x7f760b00,0x7f750c00,0x7f740d00,0x7f730e00,0x7f720f00,
		0x7f711000,0x7f701100,0x7f6f1200,0x7f6e1300,0x7f6d1400,0x7f6c1500,0x7f6b1600,0x7f6a1700,0x7f691800,0x7f681900,
		0x7f671a00,0x7f661b00,0x7f651c00,0x7f641d00,0x7f631e00,0x7f621f00,0x7f612000,0x7f602100,0x7f5f2200,0x7f5e2300,
		0x7f5d2400,0x7f5c2500,0x7f5b2600,0x7f5a2700,0x7f592800,0x7f582900,0x7f572a00,0x7f562b00,0x7f552c00,0x7f542d00,
		0x7f532e00,0x7f522f00,0x7f513000,0x7f503100,0x7f4f3200,0x7f4e3300,0x7f4d3400,0x7f4c3500,0x7f4b3600,0x7f4a3700,
		0x7f493800,0x7f483900,0x7f473a00,0x7f463b00,0x7f453c00,0x7f443d00,0x7f433e00,0x7f423f00,0x7f414000,0x7f404100,
		0x7f3f4200,0x7f3e4300,0x7f3d4400,0x7f3c4500,0x7f3b4600,0x7f3a4700,0x7f394800,0x7f384900,0x7f374a00,0x7f364b00,
		0x7f354c00,0x7f344d00,0x7f334e00,0x7f324f00,0x7f315000,0x7f305100,0x7f2f5200,0x7f2e5300,0x7f2d5400,0x7f2c5500,
		0x7f2b5600,0x7f2a5700,0x7f295800,0x7f285900,0x7f275a00,0x7f265b00,0x7f255c00,0x7f245d00,0x7f235e00,0x7f225f00,
		0x7f216000,0x7f206100,0x7f1f6200,0x7f1e6300,0x7f1d6400,0x7f1c6500,0x7f1b6600,0x7f1a6700,0x7f196800,0x7f186900,
		0x7f176a00,0x7f166b00,0x7f156c00,0x7f146d00,0x7f136e00,0x7f126f00,0x7f117000,0x7f107100,0x7f0f7200,0x7f0e7300,
		0x7f0d7400,0x7f0c7500,0x7f0b7600,0x7f0a7700,0x7f097800,0x7f087900,0x7f077a00,0x7f067b00,0x7f057c00,0x7f047d00,
		0x7f037e00,0x7f027f00,0x7f018000,0x7f008100,0x7eff8200,0x7efe8300,0x7efd8400,0x7efc8500,0x7efb8600,0x7efa8700,
		0x7ef98800,0x7ef88900,0x7ef78a00,0x7ef68b00,0x7ef58c00,0x7ef48d00,0x7ef38e00,0x7ef28f00,0x7ef19000,0x7ef09100,
		0x7eef9200,0x7eee9300,0x7eed9400,0x7eec9500,0x7eeb9600,0x7eea9700,0x7ee99800,0x7ee89900,0x7ee79a00,0x7ee69b00,
		0x7ee59c00,0x7ee49d00,0x7ee39e00,0x7ee29f00,0x7ee1a000,0x7ee0a100,0x7edfa200,0x7edea300,0x7edda400,0x7edca500,
		0x7edba600,0x7edaa700,0x7ed9a800,0x7ed8a900,0x7ed7aa00,0x7ed6ab00,0x7ed5ac00,0x7ed4ad00,0x7ed3ae00,0x7ed2af00,
		0x7ed1b000,0x7ed0b100,0x7ecfb200,0x7eceb300,0x7ecdb400,0x7eccb500,0x7ecbb600,0x7ecab700,0x7ec9b800,0x7ec8b900,
		0x7ec7ba00,0x7ec6bb00,0x7ec5bc00,0x7ec4bd00,0x7ec3be00,0x7ec2bf00,0x7ec1c000,0x7ec0c100,0x7ebfc200,0x7ebec300,
		0x7ebdc400,0x7ebcc500,0x7ebbc600,0x7ebac700,0x7eb9c800,0x7eb8c900,0x7eb7ca00,0x7eb6cb00,0x7eb5cc00,0x7eb4cd00,
		0x7eb3ce00,0x7eb2cf00,0x7eb1d000,0x7eb0d100,0x7eafd200,0x7eaed300,0x7eadd400,0x7eacd500,0x7eabd600,0x7eaad700,
		0x7ea9d800,0x7ea8d900,0x7ea7da00,0x7ea6db00,0x7ea5dc00,0x7ea4dd00,0x7ea3de00,0x7ea2df00,0x7ea1e000,0x7ea0e100,
		0x7e9fe200,0x7e9ee300,0x7e9de400,0x7e9ce500,0x7e9be600,0x7e9ae700,0x7e99e800,0x7e98e900,0x7e97ea00,0x7e96eb00,
		0x7e95ec00,0x7e94ed00,0x7e93ee00,0x7e92ef00,0x7e91f000,0x7e90f100,0x7e8ff200,0x7e8ef300,0x7e8df400,0x7e8cf500,
		0x7e8bf600,0x7e8af700,0x7e89f800,0x7e88f900,0x7e87fa00,0x7e86fb00,0x7e85fc00,0x7e84fd00,0x7e83fe00,0x7e82ff00,
		0x7ec10002,0x7e00c103,0x7ebf0102,0x7e00c103,0x7ebd0202,0x7e00c103,0x7ebb0302,0x7e00c103,0x7eb90402,0x7e00c103,
		0x7eb70502,0x7e00c103,0x7eb50602,0x7e00c103,0x7eb30702,0x7e00c103,0x7eb10802,0x7e00c103,0x7eaf0902,0x7e00c103,
		0x7ead0a02,0x7e00c103,0x7eab0b02,0x7e00c103,0x7ea90c02,0x7e00c103,0x7ea70d02,0x7e00c103,0x7ea50e02,0x7e00c103,
		0x7ea30f02,0x7e00c103,0x7ea11002,0x7e00c103,0x7e9f1102,0x7e00c103,0x7e9d1202,0x7e00c103,0x7e9b1302,0x7e00c103,
		0x7e991402,0x7e00c103,0x7e971502,0x7e00c103,0x7e951602,0x7e00c103,0x7e931702,0x7e00c103,0x7e911802,0x7e00c103,
		0x7e8f1902,0x7e00c103,0x7e8d1a02,0x7e00c103,0x7e8b1b02,0x7e00c103,0x7e891c02,0x7e00c103,0x7e871d02,0x7e00c103,
		0x7e851e02,0x7e00c103,0x7e831f02,0x7e00c103,0x7e812002,0x7e00c103,0x7e7f2102,0x7e00c103,0x7e7d2202,0x7e00c103,
		0x7e7b2302,0x7e00c103,0x7e792402,0x7e00c103,0x7e772502,0x7e00c103,0x7e752602,0x7e00c103,0x7e732702,0x7e00c103,
		0x7e712802,0x7e00c103,0x7e6f2902,0x7e00c103,0x7e6d2a02,0x7e00c103,0x7e6b2b02,0x7e00c103,0x7e692c02,0x7e00c103,
		0x7e672d02,0x7e00c103,0x7e652e02,0x7e00c103,0x7e632f02,0x7e00c103,0x7e613002,0x7e00c103,0x7e5f3102,0x7e00c103,
		0x7e5d3202,0x7e00c103,0x7e5b3302,0x7e00c103,0x7e593402,0x7e00c103,0x7e573502,0x7e00c103,0x7e553602,0x7e00c103,
		0x7e533702,0x7e00c103,0x7e513802,0x7e00c103,0x7e4f3902,0x7e00c103,0x7e4d3a02,0x7e00c103,0x7e4b3b02,0x7e00c103,
		0x7e493c02,0x7e00c103,0x7e473d02,0x7e00c103,0x7e453e02,0x7e00c103,0x7e433f02,0x7e00c103,0x7e41c002,0x7e00c103,
		0x7e3fc102,0x7e00c103,0x7e3dc202,0x7e00c103,0x7e3bc302,0x7e00c103,0x7e39c402,0x7e00c103,0x7e37c502,0x7e00c103,
		0x7e35c602,0x7e00c103,0x7e33c702,0x7e00c103,0x7e31c802,0x7e00c103,0x7e2fc902,0x7e00c103,0x7e2dca02,0x7e00c103,
		0x7e2bcb02,0x7e00c103,0x7e29cc02,0x7e00c103,0x7e27cd02,0x7e00c103,0x7e25ce02,0x7e00c103,0x7e23cf02,0x7e00c103,
		0x7e21d002,0x7e00c103,0x7e1fd102,0x7e00c103,0x7e1dd202,0x7e00c103,0x7e1bd302,0x7e00c103,0x7e19d402,0x7e00c103,
		0x7e17d502,0x7e00c103,0x7e15d602,0x7e00c103,0x7e13d702,0x7e00c103,0x7e11d802,0x7e00c103,0x7e0fd902,0x7e00c103,
		0x7e0dda02,0x7e00c103,0x7e0bdb02,0x7e00c103,0x7e09dc02,0x7e00c103,0x7e07dd02,0x7e00c103,0x7e05de02,0x7e00c103,
		0x7e03df02,0x7e00c103,0x7e01e002,0x7e00c103,0x7dffe102,0x7e00c103,0x7dfde202,0x7e00c103,0x7dfbe302,0x7e00c103,
		0x7df9e402,0x7e00c103,0x7df7e502,0x7e00c103,0x7df5e602,0x7e00c103,0x7df3e702,0x7e00c103,0x7df1e802,0x7e00c103,
		0x7defe902,0x7e00c103,0x7dedea02,0x7e00c103,0x7debeb02,0x7e00c103,0x7de9ec02,0x7e00c103,0x7de7ed02,0x7e00c103,
		0x7de5ee02,0x7e00c103,0x7de3ef02,0x7e00c103,0x7de1f002,0x7e00c103,0x7ddff102,0x7e00c103,0x7dddf202,0x7e00c103,
		0x7ddbf302,0x7e00c103,0x7dd9f402,0x7e00c103,0x7dd7f502,0x7e00c103,0x7dd5f602,0x7e00c103,0x7dd3f702,0x7e00c103,
		0x7dd1f802,0x7e00c103,0x7dcff902,0x7e00c103,0x7dcdfa02,0x7e00c103,0x7dcbfb02,0x7e00c103,0x7dc9fc02,0x7e00c103,
		0x7dc7fd02,0x7e00c103,0x7dc5fe02,0x7e00c103,0x7dc3ff02,0x7e00c103,0x7d830000,0x7d820100,0x7d810200,0x7d800300,
		0x7d7f0400,0x7d7e0500,0x7d7d0600,0x7d7c0700,0x7d7b0800,0x7d7a0900,0x7d790a00,0x7d780b00,0x7d770c00,0x7d760d00,
		0x7d750e00,0x7d740f00,0x7d731000,0x7d721100,0x7d711200,0x7d701300,0x7d6f1400,0x7d6e1500,0x7d6d1600,0x7d6c1700,
		0x7d6b1800,0x7d6a1900,0x7d691a00,0x7d681b00,0x7d671c00,0x7d661d00,0x7d651e00,0x7d641f00,0x7d632000,0x7d622100,
		0x7d612200,0x7d602300,0x7d5f2400,0x7d5e2500,0x7d5d2600,0x7d5c2700,0x7d5b2800,0x7d5a2900,0x7d592a00,0x7d582b00,
		0x7d572c00,0x7d562d00,0x7d552e00,0x7d542f00,0x7d533000,0x7d523100,0x7d513200,0x7d503300,0x7d4f3400,0x7d4e3500,
		0x7d4d3600,0x7d4c3700,0x7d4b3800,0x7d4a3900,0x7d493a00,0x7d483b00,0x7d473c00,0x7d463d00,0x7d453e00,0x7d443f00,
		0x7d434000,0x7d424100,0x7d414200,0x7d404300,0x7d3f4400,0x7d3e4500,0x7d3d4600,0x7d3c4700,0x7d3b4800,0x7d3a4900,
		0x7d394a00,0x7d384b00,0x7d374c00,0x7d364d00,0x7d354e00,0x7d344f00,0x7d335000,0x7d325100,0x7d315200,0x7d305300,
		0x7d2f5400,0x7d2e5500,0x7d2d5600,0x7d2c5700,0x7d2b5800,0x7d2a5900,0x7d295a00,0x7d285b00,0x7d275c00,0x7d265d00,
		0x7d255e00,0x7d245f00,0x7d236000,0x7d226100,0x7d216200,0x7d206300,0x7d1f6400,0x7d1e6500,0x7d1d6600,0x7d1c6700,
		0x7d1b6800,0x7d1a6900,0x7d196a00,0x7d186b00,0x7d176c00,0x7d166d00,0x7d156e00,0x7d146f00,0x7d137000,0x7d127100,
		0x7d117200,0x7d107300,0x7d0f7400,0x7d0e7500,0x7d0d7600,0x7d0c7700,0x7d0b7800,0x7d0a7900,0x7d097a00,0x7d087b00,
		0x7d077c00,0x7d067d00,0x7d057e00,0x7d047f00,0x7d038000,0x7d028100,0x7d018200,0x7d008300,0x7cff8400,0x7cfe8500,
		0x7cfd8600,0x7cfc8700,0x7cfb8800,0x7cfa8900,0x7cf98a00,0x7cf88b00,0x7cf78c00,0x7cf68d00,0x7cf58e00,0x7cf48f00,
		0x7cf39000,0x7cf29100,0x7cf19200,0x7cf09300,0x7cef9400,0x7cee9500,0x7ced9600,0x7cec9700,0x7ceb9800,0x7cea9900,
		0x7ce99a00,0x7ce89b00,0x7ce79c00,0x7ce69d00,0x7ce59e00,0x7ce49f00,0x7ce3a000,0x7ce2a100,0x7ce1a200,0x7ce0a300,
		0x7cdfa400,0x7cdea500,0x7cdda600,0x7cdca700,0x7cdba800,0x7cdaa900,0x7cd9aa00,0x7cd8ab00,0x7cd7ac00,0x7cd6ad00,
		0x7cd5ae00,0x7cd4af00,0x7cd3b000,0x7cd2b100,0x7cd1b200,0x7cd0b300,0x7ccfb400,0x7cceb500,0x7ccdb600,0x7cccb700,
		0x7ccbb800,0x7ccab900,0x7cc9ba00,0x7cc8bb00,0x7cc7bc00,0x7cc6bd00,0x7cc5be00,0x7cc4bf00,0x7cc3c000,0x7cc2c100,
		0x7cc1c200,0x7cc0c300,0x7cbfc400,0x7cbec500,0x7cbdc600,0x7cbcc700,0x7cbbc800,0x7cbac900,0x7cb9ca00,0x7cb8cb00,
		0x7cb7cc00,0x7cb6cd00,0x7cb5ce00,0x7cb4cf00,0x7cb3d000,0x7cb2d100,0x7cb1d200,0x7cb0d300,0x7cafd400,0x7caed500,
		0x7cadd600,0x7cacd700,0x7cabd800,0x7caad900,0x7ca9da00,0x7ca8db00,0x7ca7dc00,0x7ca6dd00,0x7ca5de00,0x7ca4df00,
		0x7ca3e000,0x7ca2e100,0x7ca1e200,0x7ca0e300,0x7c9fe400,0x7c9ee500,0x7c9de600,0x7c9ce700,0x7c9be800,0x7c9ae900,
		0x7c99ea00,0x7c98eb00,0x7c97ec00,0x7c96ed00,0x7c95ee00,0x7c94ef00,0x7c93f000,0x7c92f100,0x7c91f200,0x7c90f300,
		0x7c8ff400,0x7c8ef500,0x7c8df600,0x7c8cf700,0x7c8bf800,0x7c8af900,0x7c89fa00,0x7c88fb00,0x7c87fc00,0x7c86fd00,
		0x7c85fe00,0x7c84ff00,0x7ce10004,0x7c00c205,0x7bffe105,0x7c00c205,0x7cdd0104,0x7c00c205,0x7bfde105,0x7c00c205,
		0x7cd90204,0x7c00c205,0x7bfbe105,0x7c00c205,0x7cd50304,0x7c00c205,0x7bf9e105,0x7c00c205,0x7cd10404,0x7c00c205,
		0x7bf7e105,0x7c00c205,0x7ccd0504,0x7c00c205,0x7bf5e105,0x7c00c205,0x7cc90604,0x7c00c205,0x7bf3e105,0x7c00c205,
		0x7cc50704,0x7c00c205,0x7bf1e105,0x7c00c205,0x7cc10804,0x7c00c205,0x7befe105,0x7c00c205,0x7cbd0904,0x7c00c205,
		0x7bede105,0x7c00c205,0x7cb90a04,0x7c00c205,0x7bebe105,0x7c00c205,0x7cb50b04,0x7c00c205,0x7be9e105,0x7c00c205,
		0x7cb10c04,0x7c00c205,0x7be7e105,0x7c00c205,0x7cad0d04,0x7c00c205,0x7be5e105,0x7c00c205,0x7ca90e04,0x7c00c205,
		0x7be3e105,0x7c00c205,0x7ca50f04,0x7c00c205,0x7be1e105,0x7c00c205,0x7ca11004,0x7c00c205,0x7bdfe105,0x7c00c205,
		0x7c9d1104,0x7c00c205,0x7bdde105,0x7c00c205,0x7c991204,0x7c00c205,0x7bdbe105,0x7c00c205,0x7c951304,0x7c00c205,
		0x7bd9e105,0x7c00c205,0x7c911404,0x7c00c205,0x7bd7e105,0x7c00c205,0x7c8d1504,0x7c00c205,0x7bd5e105,0x7c00c205,
		0x7c891604,0x7c00c205,0x7bd3e105,0x7c00c205,0x7c851704,0x7c00c205,0x7bd1e105,0x7c00c205,0x7c811804,0x7c00c205,
		0x7bcfe105,0x7c00c205,0x7c7d1904,0x7c00c205,0x7bcde105,0x7c00c205,0x7c791a04,0x7c00c205,0x7bcbe105,0x7c00c205,
		0x7c751b04,0x7c00c205,0x7bc9e105,0x7c00c205,0x7c711c04,0x7c00c205,0x7bc7e105,0x7c00c205,0x7c6d1d04,0x7c00c205,
		0x7bc5e105,0x7c00c205,0x7c691e04,0x7c00c205,0x7bc3e105,0x7c00c205,0x7c651f04,0x7c00c205,0x7bc1e105,0x7c00c205,
		0x7c61e004,0x7c00c205,0x7c3fe105,0x7c00c205,0x7c5de104,0x7c00c205,0x7c3de105,0x7c00c205,0x7c59e204,0x7c00c205,
		0x7c3be105,0x7c00c205,0x7c55e304,0x7c00c205,0x7c39e105,0x7c00c205,0x7c51e404,0x7c00c205,0x7c37e105,0x7c00c205,
		0x7c4de504,0x7c00c205,0x7c35e105,0x7c00c205,0x7c49e604,0x7c00c205,0x7c33e105,0x7c00c205,0x7c45e704,0x7c00c205,
		0x7c31e105,0x7c00c205,0x7c41e804,0x7c00c205,0x7c2fe105,0x7c00c205,0x7c3de904,0x7c00c205,0x7c2de105,0x7c00c205,
		0x7c39ea04,0x7c00c205,0x7c2be105,0x7c00c205,0x7c35eb04,0x7c00c205,0x7c29e105,0x7c00c205,0x7c31ec04,0x7c00c205,
		0x7c27e105,0x7c00c205,0x7c2ded04,0x7c00c205,0x7c25e105,0x7c00c205,0x7c29ee04,0x7c00c205,0x7c23e105,0x7c00c205,
		0x7c25ef04,0x7c00c205,0x7c21e105,0x7c00c205,0x7c21f004,0x7c00c205,0x7c1fe105,0x7c00c205,0x7c1df104,0x7c00c205,
		0x7c1de105,0x7c00c205,0x7c19f204,0x7c00c205,0x7c1be105,0x7c00c205,0x7c15f304,0x7c00c205,0x7c19e105,0x7c00c205,
		0x7c11f404,0x7c00c205,0x7c17e105,0x7c00c205,0x7c0df504,0x7c00c205,0x7c15e105,0x7c00c205,0x7c09f604,0x7c00c205,
		0x7c13e105,0x7c00c205,0x7c05f704,0x7c00c205,0x7c11e105,0x7c00c205,0x7c01f804,0x7c00c205,0x7c0fe105,0x7c00c205,
		0x7bfdf904,0x7c00c205,0x7c0de105,0x7c00c205,0x7bf9fa04,0x7c00c205,0x7c0be105,0x7c00c205,0x7bf5fb04,0x7c00c205,
		0x7c09e105,0x7c00c205,0x7bf1fc04,0x7c00c205,0x7c07e105,0x7c00c205,0x7bedfd04,0x7c00c205,0x7c05e105,0x7c00c205,
		0x7be9fe04,0x7c00c205,0x7c03e105,0x7c00c205,0x7be5ff04,0x7c00c205,0x7c01e105,0x7c00c205,0x7b850000,0x7b840100,
		0x7b830200,0x7b820300,0x7b810400,0x7b800500,0x7b7f0600,0x7b7e0700,0x7b7d0800,0x7b7c0900,0x7b7b0a00,0x7b7a0b00,
		0x7b790c00,0x7b780d00,0x7b770e00,0x7b760f00,0x7b751000,0x7b741100,0x7b731200,0x7b721300,0x7b711400,0x7b701500,
		0x7b6f1600,0x7b6e1700,0x7b6d1800,0x7b6c1900,0x7b6b1a00,0x7b6a1b00,0x7b691c00,0x7b681d00,0x7b671e00,0x7b661f00,
		0x7b652000,0x7b642100,0x7b632200,0x7b622300,0x7b612400,0x7b602500,0x7b5f2600,0x7b5e2700,0x7b5d2800,0x7b5c2900,
		0x7b5b2a00,0x7b5a2b00,0x7b592c00,0x7b582d00,0x7b572e00,0x7b562f00,0x7b553000,0x7b543100,0x7b533200,0x7b523300,
		0x7b513400,0x7b503500,0x7b4f3600,0x7b4e3700,0x7b4d3800,0x7b4c3900,0x7b4b3a00,0x7b4a3b00,0x7b493c00,0x7b483d00,
		0x7b473e00,0x7b463f00,0x7b454000,0x7b444100,0x7b434200,0x7b424300,0x7b414400,0x7b404500,0x7b3f4600,0x7b3e4700,
		0x7b3d4800,0x7b3c4900,0x7b3b4a00,0x7b3a4b00,0x7b394c00,0x7b384d00,0x7b374e00,0x7b364f00,0x7b355000,0x7b345100,
		0x7b335200,0x7b325300,0x7b315400,0x7b305500,0x7b2f5600,0x7b2e5700,0x7b2d5800,0x7b2c5900,0x7b2b5a00,0x7b2a5b00,
		0x7b295c00,0x7b285d00,0x7b275e00,0x7b265f00,0x7b256000,0x7b246100,0x7b236200,0x7b226300,0x7b216400,0x7b206500,
		0x7b1f6600,0x7b1e6700,0x7b1d6800,0x7b1c6900,0x7b1b6a00,0x7b1a6b00,0x7b196c00,0x7b186d00,0x7b176e00,0x7b166f00,
		0x7b157000,0x7b147100,0x7b137200,0x7b127300,0x7b117400,0x7b107500,0x7b0f7600,0x7b0e7700,0x7b0d7800,0x7b0c7900,
		0x7b0b7a00,0x7b0a7b00,0x7b097c00,0x7b087d00,0x7b077e00,0x7b067f00,0x7b058000,0x7b048100,0x7b038200,0x7b028300,
		0x7b018400,0x7b008500,0x7aff8600,0x7afe8700,0x7afd8800,0x7afc8900,0x7afb8a00,0x7afa8b00,0x7af98c00,0x7af88d00,
		0x7af78e00,0x7af68f00,0x7af59000,0x7af49100,0x7af39200,0x7af29300,0x7af19400,0x7af09500,0x7aef9600,0x7aee9700,
		0x7aed9800,0x7aec9900,0x7aeb9a00,0x7aea9b00,0x7ae99c00,0x7ae89d00,0x7ae79e00,0x7ae69f00,0x7ae5a000,0x7ae4a100,
		0x7ae3a200,0x7ae2a300,0x7ae1a400,0x7ae0a500,0x7adfa600,0x7adea700,0x7adda800,0x7adca900,0x7adbaa00,0x7adaab00,
		0x7ad9ac00,0x7ad8ad00,0x7ad7ae00,0x7ad6af00,0x7ad5b000,0x7ad4b100,0x7ad3b200,0x7ad2b300,0x7ad1b400,0x7ad0b500,
		0x7acfb600,0x7aceb700,0x7acdb800,0x7accb900,0x7acbba00,0x7acabb00,0x7ac9bc00,0x7ac8bd00,0x7ac7be00,0x7ac6bf00,
		0x7ac5c000,0x7ac4c100,0x7ac3c200,0x7ac2c300,0x7ac1c400,0x7ac0c500,0x7abfc600,0x7abec700,0x7abdc800,0x7abcc900,
		0x7abbca00,0x7abacb00,0x7ab9cc00,0x7ab8cd00,0x7ab7ce00,0x7ab6cf00,0x7ab5d000,0x7ab4d100,0x7ab3d200,0x7ab2d300,
		0x7ab1d400,0x7ab0d500,0x7aafd600,0x7aaed700,0x7aadd800,0x7aacd900,0x7aabda00,0x7aaadb00,0x7aa9dc00,0x7aa8dd00,
		0x7aa7de00,0x7aa6df00,0x7aa5e000,0x7aa4e100,0x7aa3e200,0x7aa2e300,0x7aa1e400,0x7aa0e500,0x7a9fe600,0x7a9ee700,
		0x7a9de800,0x7a9ce900,0x7a9bea00,0x7a9aeb00,0x7a99ec00,0x7a98ed00,0x7a97ee00,0x7a96ef00,0x7a95f000,0x7a94f100,
		0x7a93f200,0x7a92f300,0x7a91f400,0x7a90f500,0x7a8ff600,0x7a8ef700,0x7a8df800,0x7a8cf900,0x7a8bfa00,0x7a8afb00,
		0x7a89fc00,0x7a88fd00,0x7a87fe00,0x7a86ff00,0x7ac30002,0x7a00c303,0x7ac10102,0x7a00c303,0x7abf0202,0x7a00c303,
		0x7abd0302,0x7a00c303,0x7abb0402,0x7a00c303,0x7ab90502,0x7a00c303,0x7ab70602,0x7a00c303,0x7ab50702,0x7a00c303,
		0x7ab30802,0x7a00c303,0x7ab10902,0x7a00c303,0x7aaf0a02,0x7a00c303,0x7aad0b02,0x7a00c303,0x7aab0c02,0x7a00c303,
		0x7aa90d02,0x7a00c303,0x7aa70e02,0x7a00c303,0x7aa50f02,0x7a00c303,0x7aa31002,0x7a00c303,0x7aa11102,0x7a00c303,
		0x7a9f1202,0x7a00c303,0x7a9d1302,0x7a00c303,0x7a9b1402,0x7a00c303,0x7a991502,0x7a00c303,0x7a971602,0x7a00c303,
		0x7a951702,0x7a00c303,0x7a931802,0x7a00c303,0x7a911902,0x7a00c303,0x7a8f1a02,0x7a00c303,0x7a8d1b02,0x7a00c303,
		0x7a8b1c02,0x7a00c303,0x7a891d02,0x7a00c303,0x7a871e02,0x7a00c303,0x7a851f02,0x7a00c303,0x7a832002,0x7a00c303,
		0x7a812102,0x7a00c303,0x7a7f2202,0x7a00c303,0x7a7d2302,0x7a00c303,0x7a7b2402,0x7a00c303,0x7a792502,0x7a00c303,
		0x7a772602,0x7a00c303,0x7a752702,0x7a00c303,0x7a732802,0x7a00c303,0x7a712902,0x7a00c303,0x7a6f2a02,0x7a00c303,
		0x7a6d2b02,0x7a00c303,0x7a6b2c02,0x7a00c303,0x7a692d02,0x7a00c303,0x7a672e02,0x7a00c303,0x7a652f02,0x7a00c303,
		0x7a633002,0x7a00c303,0x7a613102,0x7a00c303,0x7a5f3202,0x7a00c303,0x7a5d3302,0x7a00c303,0x7a5b3402,0x7a00c303,
		0x7a593502,0x7a00c303,0x7a573602,0x7a00c303,0x7a553702,0x7a00c303,0x7a533802,0x7a00c303,0x7a513902,0x7a00c303,
		0x7a4f3a02,0x7a00c303,0x7a4d3b02,0x7a00c303,0x7a4b3c02,0x7a00c303,0x7a493d02,0x7a00c303,0x7a473e02,0x7a00c303,
		0x7a453f02,0x7a00c303,0x7a43c002,0x7a00c303,0x7a41c102,0x7a00c303,0x7a3fc202,0x7a00c303,0x7a3dc302,0x7a00c303,
		0x7a3bc402,0x7a00c303,0x7a39c502,0x7a00c303,0x7a37c602,0x7a00c303,0x7a35c702,0x7a00c303,0x7a33c802,0x7a00c303,
		0x7a31c902,0x7a00c303,0x7a2fca02,0x7a00c303,0x7a2dcb02,0x7a00c303,0x7a2bcc02,0x7a00c303,0x7a29cd02,0x7a00c303,
		0x7a27ce02,0x7a00c303,0x7a25cf02,0x7a00c303,0x7a23d002,0x7a00c303,0x7a21d102,0x7a00c303,0x7a1fd202,0x7a00c303,
		0x7a1dd302,0x7a00c303,0x7a1bd402,0x7a00c303,0x7a19d502,0x7a00c303,0x7a17d602,0x7a00c303,0x7a15d702,0x7a00c303,
		0x7a13d802,0x7a00c303,0x7a11d902,0x7a00c303,0x7a0fda02,0x7a00c303,0x7a0ddb02,0x7a00c303,0x7a0bdc02,0x7a00c303,
		0x7a09dd02,0x7a00c303,0x7a07de02,0x7a00c303,0x7a05df02,0x7a00c303,0x7a03e002,0x7a00c303,0x7a01e102,0x7a00c303,
		0x79ffe202,0x7a00c303,0x79fde302,0x7a00c303,0x79fbe402,0x7a00c303,0x79f9e502,0x7a00c303,0x79f7e602,0x7a00c303,
		0x79f5e702,0x7a00c303,0x79f3e802,0x7a00c303,0x79f1e902,0x7a00c303,0x79efea02,0x7a00c303,0x79edeb02,0x7a00c303,
		0x79ebec02,0x7a00c303,0x79e9ed02,0x7a00c303,0x79e7ee02,0x7a00c303,0x79e5ef02,0x7a00c303,0x79e3f002,0x7a00c303,
		0x79e1f102,0x7a00c303,0x79dff202,0x7a00c303,0x79ddf302,0x7a00c303,0x79dbf402,0x7a00c303,0x79d9f502,0x7a00c303,
		0x79d7f602,0x7a00c303,0x79d5f702,0x7a00c303,0x79d3f802,0x7a00c303,0x79d1f902,0x7a00c303,0x79cffa02,0x7a00c303,
		0x79cdfb02,0x7a00c303,0x79cbfc02,0x7a00c303,0x79c9fd02,0x7a00c303,0x79c7fe02,0x7a00c303,0x79c5ff02,0x7a00c303,
		0x79870000,0x79860100,0x79850200,0x79840300,0x79830400,0x79820500,0x79810600,0x79800700,0x797f0800,0x797e0900,
		0x797d0a00,0x797c0b00,0x797b0c00,0x797a0d00,0x79790e00,0x79780f00,0x79771000,0x79761100,0x79751200,0x79741300,
		0x79731400,0x79721500,0x79711600,0x79701700,0x796f1800,0x796e1900,0x796d1a00,0x796c1b00,0x796b1c00,0x796a1d00,
		0x79691e00,0x79681f00,0x79672000,0x79662100,0x79652200,0x79642300,0x79632400,0x79622500,0x79612600,0x79602700,
		0x795f2800,0x795e2900,0x795d2a00,0x795c2b00,0x795b2c00,0x795a2d00,0x79592e00,0x79582f00,0x79573000,0x79563100,
		0x79553200,0x79543300,0x79533400,0x79523500,0x79513600,0x79503700,0x794f3800,0x794e3900,0x794d3a00,0x794c3b00,
		0x794b3c00,0x794a3d00,0x79493e00,0x79483f00,0x79474000,0x79464100,0x79454200,0x79444300,0x79434400,0x79424500,
		0x79414600,0x79404700,0x793f4800,0x793e4900,0x793d4a00,0x793c4b00,0x793b4c00,0x793a4d00,0x79394e00,0x79384f00,
		0x79375000,0x79365100,0x79355200,0x79345300,0x79335400,0x79325500,0x79315600,0x79305700,0x792f5800,0x792e5900,
		0x792d5a00,0x792c5b00,0x792b5c00,0x792a5d00,0x79295e00,0x79285f00,0x79276000,0x79266100,0x79256200,0x79246300,
		0x79236400,0x79226500,0x79216600,0x79206700,0x791f6800,0x791e6900,0x791d6a00,0x791c6b00,0x791b6c00,0x791a6d00,
		0x79196e00,0x79186f00,0x79177000,0x79167100,0x79157200,0x79147300,0x79137400,0x79127500,0x79117600,0x79107700,
		0x790f7800,0x790e7900,0x790d7a00,0x790c7b00,0x790b7c00,0x790a7d00,0x79097e00,0x79087f00,0x79078000,0x79068100,
		0x79058200,0x79048300,0x79038400,0x79028500,0x79018600,0x79008700,0x78ff8800,0x78fe8900,0x78fd8a00,0x78fc8b00,
		0x78fb8c00,0x78fa8d00,0x78f98e00,0x78f88f00,0x78f79000,0x78f69100,0x78f59200,0x78f49300,0x78f39400,0x78f29500,
		0x78f19600,0x78f09700,0x78ef9800,0x78ee9900,0x78ed9a00,0x78ec9b00,0x78eb9c00,0x78ea9d00,0x78e99e00,0x78e89f00,
		0x78e7a000,0x78e6a100,0x78e5a200,0x78e4a300,0x78e3a400,0x78e2a500,0x78e1a600,0x78e0a700,0x78dfa800,0x78dea900,
		0x78ddaa00,0x78dcab00,0x78dbac00,0x78daad00,0x78d9ae00,0x78d8af00,0x78d7b000,0x78d6b100,0x78d5b200,0x78d4b300,
		0x78d3b400,0x78d2b500,0x78d1b600,0x78d0b700,0x78cfb800,0x78ceb900,0x78cdba00,0x78ccbb00,0x78cbbc00,0x78cabd00,
		0x78c9be00,0x78c8bf00,0x78c7c000,0x78c6c100,0x78c5c200,0x78c4c300,0x78c3c400,0x78c2c500,0x78c1c600,0x78c0c700,
		0x78bfc800,0x78bec900,0x78bdca00,0x78bccb00,0x78bbcc00,0x78bacd00,0x78b9ce00,0x78b8cf00,0x78b7d000,0x78b6d100,
		0x78b5d200,0x78b4d300,0x78b3d400,0x78b2d500,0x78b1d600,0x78b0d700,0x78afd800,0x78aed900,0x78adda00,0x78acdb00,
		0x78abdc00,0x78aadd00,0x78a9de00,0x78a8df00,0x78a7e000,0x78a6e100,0x78a5e200,0x78a4e300,0x78a3e400,0x78a2e500,
		0x78a1e600,0x78a0e700,0x789fe800,0x789ee900,0x789dea00,0x789ceb00,0x789bec00,0x789aed00,0x7899ee00,0x7898ef00,
		0x7897f000,0x7896f100,0x7895f200,0x7894f300,0x7893f400,0x7892f500,0x7891f600,0x7890f700,0x788ff800,0x788ef900,
		0x788dfa00,0x788cfb00,0x788bfc00,0x788afd00,0x7889fe00,0x7888ff00,0x78f10006,0x7800c407,0x77ffe207,0x7800c407,
		0x77fdf107,0x7800c407,0x77fde207,0x7800c407,0x78e90106,0x7800c407,0x77fbe207,0x7800c407,0x77f7f107,0x7800c407,
		0x77f9e207,0x7800c407,0x78e10206,0x7800c407,0x77f7e207,0x7800c407,0x77f1f107,0x7800c407,0x77f5e207,0x7800c407,
		0x78d90306,0x7800c407,0x77f3e207,0x7800c407,0x77ebf107,0x7800c407,0x77f1e207,0x7800c407,0x78d10406,0x7800c407,
		0x77efe207,0x7800c407,0x77e5f107,0x7800c407,0x77ede207,0x7800c407,0x78c90506,0x7800c407,0x77ebe207,0x7800c407,
		0x77dff107,0x7800c407,0x77e9e207,0x7800c407,0x78c10606,0x7800c407,0x77e7e207,0x7800c407,0x77d9f107,0x7800c407,
		0x77e5e207,0x7800c407,0x78b90706,0x7800c407,0x77e3e207,0x7800c407,0x77d3f107,0x7800c407,0x77e1e207,0x7800c407,
		0x78b10806,0x7800c407,0x77dfe207,0x7800c407,0x77cdf107,0x7800c407,0x77dde207,0x7800c407,0x78a90906,0x7800c407,
		0x77dbe207,0x7800c407,0x77c7f107,0x7800c407,0x77d9e207,0x7800c407,0x78a10a06,0x7800c407,0x77d7e207,0x7800c407,
		0x77c1f107,0x7800c407,0x77d5e207,0x7800c407,0x78990b06,0x7800c407,0x77d3e207,0x7800c407,0x77bbf107,0x7800c407,
		0x77d1e207,0x7800c407,0x78910c06,0x7800c407,0x77cfe207,0x7800c407,0x77b5f107,0x7800c407,0x77cde207,0x7800c407,
		0x78890d06,0x7800c407,0x77cbe207,0x7800c407,0x77aff107,0x7800c407,0x77c9e207,0x7800c407,0x78810e06,0x7800c407,
		0x77c7e207,0x7800c407,0x77a9f107,0x7800c407,0x77c5e207,0x7800c407,0x78790f06,0x7800c407,0x77c3e207,0x7800c407,
		0x77a3f107,0x7800c407,0x77c1e207,0x7800c407,0x7871f006,0x7800c407,0x783fe207,0x7800c407,0x785df107,0x7800c407,
		0x783de207,0x7800c407,0x7869f106,0x7800c407,0x783be207,0x7800c407,0x7857f107,0x7800c407,0x7839e207,0x7800c407,
		0x7861f206,0x7800c407,0x7837e207,0x7800c407,0x7851f107,0x7800c407,0x7835e207,0x7800c407,0x7859f306,0x7800c407,
		0x7833e207,0x7800c407,0x784bf107,0x7800c407,0x7831e207,0x7800c407,0x7851f406,0x7800c407,0x782fe207,0x7800c407,
		0x7845f107,0x7800c407,0x782de207,0x7800c407,0x7849f506,0x7800c407,0x782be207,0x7800c407,0x783ff107,0x7800c407,
		0x7829e207,0x7800c407,0x7841f606,0x7800c407,0x7827e207,0x7800c407,0x7839f107,0x7800c407,0x7825e207,0x7800c407,
		0x7839f706,0x7800c407,0x7823e207,0x7800c407,0x7833f107,0x7800c407,0x7821e207,0x7800c407,0x7831f806,0x7800c407,
		0x781fe207,0x7800c407,0x782df107,0x7800c407,0x781de207,0x7800c407,0x7829f906,0x7800c407,0x781be207,0x7800c407,
		0x7827f107,0x7800c407,0x7819e207,0x7800c407,0x7821fa06,0x7800c407,0x7817e207,0x7800c407,0x7821f107,0x7800c407,
		0x7815e207,0x7800c407,0x7819fb06,0x7800c407,0x7813e207,0x7800c407,0x781bf107,0x7800c407,0x7811e207,0x7800c407,
		0x7811fc06,0x7800c407,0x780fe207,0x7800c407,0x7815f107,0x7800c407,0x780de207,0x7800c407,0x7809fd06,0x7800c407,
		0x780be207,0x7800c407,0x780ff107,0x7800c407,0x7809e207,0x7800c407,0x7801fe06,0x7800c407,0x7807e207,0x7800c407,
		0x7809f107,0x7800c407,0x7805e207,0x7800c407,0x77f9ff06,0x7800c407,0x7803e207,0x7800c407,0x7803f107,0x7800c407,
		0x7801e207,0x7800c407,0x77890000,0x77880100,0x77870200,0x77860300,0x77850400,0x77840500,0x77830600,0x77820700,
		0x77810800,0x77800900,0x777f0a00,0x777e0b00,0x777d0c00,0x777c0d00,0x777b0e00,0x777a0f00,0x77791000,0x77781100,
		0x77771200,0x77761300,0x77751400,0x77741500,0x77731600,0x77721700,0x77711800,0x77701900,0x776f1a00,0x776e1b00,
		0x776d1c00,0x776c1d00,0x776b1e00,0x776a1f00,0x77692000,0x77682100,0x77672200,0x77662300,0x77652400,0x77642500,
		0x77632600,0x77622700,0x77612800,0x77602900,0x775f2a00,0x775e2b00,0x775d2c00,0x775c2d00,0x775b2e00,0x775a2f00,
		0x77593000,0x77583100,0x77573200,0x77563300,0x77553400,0x77543500,0x77533600,0x77523700,0x77513800,0x77503900,
		0x774f3a00,0x774e3b00,0x774d3c00,0x774c3d00,0x774b3e00,0x774a3f00,0x77494000,0x77484100,0x77474200,0x77464300,
		0x77454400,0x77444500,0x77434600,0x77424700,0x77414800,0x77404900,0x773f4a00,0x773e4b00,0x773d4c00,0x773c4d00,
		0x773b4e00,0x773a4f00,0x77395000,0x77385100,0x77375200,0x77365300,0x77355400,0x77345500,0x77335600,0x77325700,
		0x77315800,0x77305900,0x772f5a00,0x772e5b00,0x772d5c00,0x772c5d00,0x772b5e00,0x772a5f00,0x77296000,0x77286100,
		0x77276200,0x77266300,0x77256400,0x77246500,0x77236600,0x77226700,0x77216800,0x77206900,0x771f6a00,0x771e6b00,
		0x771d6c00,0x771c6d00,0x771b6e00,0x771a6f00,0x77197000,0x77187100,0x77177200,0x77167300,0x77157400,0x77147500,
		0x77137600,0x77127700,0x77117800,0x77107900,0x770f7a00,0x770e7b00,0x770d7c00,0x770c7d00,0x770b7e00,0x770a7f00,
		0x77098000,0x77088100,0x77078200,0x77068300,0x77058400,0x77048500,0x77038600,0x77028700,0x77018800,0x77008900,
		0x76ff8a00,0x76fe8b00,0x76fd8c00,0x76fc8d00,0x76fb8e00,0x76fa8f00,0x76f99000,0x76f89100,0x76f79200,0x76f69300,
		0x76f59400,0x76f49500,0x76f39600,0x76f29700,0x76f19800,0x76f09900,0x76ef9a00,0x76ee9b00,0x76ed9c00,0x76ec9d00,
		0x76eb9e00,0x76ea9f00,0x76e9a000,0x76e8a100,0x76e7a200,0x76e6a300,0x76e5a400,0x76e4a500,0x76e3a600,0x76e2a700,
		0x76e1a800,0x76e0a900,0x76dfaa00,0x76deab00,0x76ddac00,0x76dcad00,0x76dbae00,0x76daaf00,0x76d9b000,0x76d8b100,
		0x76d7b200,0x76d6b300,0x76d5b400,0x76d4b500,0x76d3b600,0x76d2b700,0x76d1b800,0x76d0b900,0x76cfba00,0x76cebb00,
		0x76cdbc00,0x76ccbd00,0x76cbbe00,0x76cabf00,0x76c9c000,0x76c8c100,0x76c7c200,0x76c6c300,0x76c5c400,0x76c4c500,
		0x76c3c600,0x76c2c700,0x76c1c800,0x76c0c900,0x76bfca00,0x76becb00,0x76bdcc00,0x76bccd00,0x76bbce00,0x76bacf00,
		0x76b9d000,0x76b8d100,0x76b7d200,0x76b6d300,0x76b5d400,0x76b4d500,0x76b3d600,0x76b2d700,0x76b1d800,0x76b0d900,
		0x76afda00,0x76aedb00,0x76addc00,0x76acdd00,0x76abde00,0x76aadf00,0x76a9e000,0x76a8e100,0x76a7e200,0x76a6e300,
		0x76a5e400,0x76a4e500,0x76a3e600,0x76a2e700,0x76a1e800,0x76a0e900,0x769fea00,0x769eeb00,0x769dec00,0x769ced00,
		0x769bee00,0x769aef00,0x7699f000,0x7698f100,0x7697f200,0x7696f300,0x7695f400,0x7694f500,0x7693f600,0x7692f700,
		0x7691f800,0x7690f900,0x768ffa00,0x768efb00,0x768dfc00,0x768cfd00,0x768bfe00,0x768aff00,0x76c50002,0x7600c503,
		0x76c30102,0x7600c503,0x76c10202,0x7600c503,0x76bf0302,0x7600c503,0x76bd0402,0x7600c503,0x76bb0502,0x7600c503,
		0x76b90602,0x7600c503,0x76b70702,0x7600c503,0x76b50802,0x7600c503,0x76b30902,0x7600c503,0x76b10a02,0x7600c503,
		0x76af0b02,0x7600c503,0x76ad0c02,0x7600c503,0x76ab0d02,0x7600c503,0x76a90e02,0x7600c503,0x76a70f02,0x7600c503,
		0x76a51002,0x7600c503,0x76a31102,0x7600c503,0x76a11202,0x7600c503,0x769f1302,0x7600c503,0x769d1402,0x7600c503,
		0x769b1502,0x7600c503,0x76991602,0x7600c503,0x76971702,0x7600c503,0x76951802,0x7600c503,0x76931902,0x7600c503,
		0x76911a02,0x7600c503,0x768f1b02,0x7600c503,0x768d1c02,0x7600c503,0x768b1d02,0x7600c503,0x76891e02,0x7600c503,
		0x76871f02,0x7600c503,0x76852002,0x7600c503,0x76832102,0x7600c503,0x76812202,0x7600c503,0x767f2302,0x7600c503,
		0x767d2402,0x7600c503,0x767b2502,0x7600c503,0x76792602,0x7600c503,0x76772702,0x7600c503,0x76752802,0x7600c503,
		0x76732902,0x7600c503,0x76712a02,0x7600c503,0x766f2b02,0x7600c503,0x766d2c02,0x7600c503,0x766b2d02,0x7600c503,
		0x76692e02,0x7600c503,0x76672f02,0x7600c503,0x76653002,0x7600c503,0x76633102,0x7600c503,0x76613202,0x7600c503,
		0x765f3302,0x7600c503,0x765d3402,0x7600c503,0x765b3502,0x7600c503,0x76593602,0x7600c503,0x76573702,0x7600c503,
		0x76553802,0x7600c503,0x76533902,0x7600c503,0x76513a02,0x7600c503,0x764f3b02,0x7600c503,0x764d3c02,0x7600c503,
		0x764b3d02,0x7600c503,0x76493e02,0x7600c503,0x76473f02,0x7600c503,0x7645c002,0x7600c503,0x7643c102,0x7600c503,
		0x7641c202,0x7600c503,0x763fc302,0x7600c503,0x763dc402,0x7600c503,0x763bc502,0x7600c503,0x7639c602,0x7600c503,
		0x7637c702,0x7600c503,0x7635c802,0x7600c503,0x7633c902,0x7600c503,0x7631ca02,0x7600c503,0x762fcb02,0x7600c503,
		0x762dcc02,0x7600c503,0x762bcd02,0x7600c503,0x7629ce02,0x7600c503,0x7627cf02,0x7600c503,0x7625d002,0x7600c503,
		0x7623d102,0x7600c503,0x7621d202,0x7600c503,0x761fd302,0x7600c503,0x761dd402,0x7600c503,0x761bd502,0x7600c503,
		0x7619d602,0x7600c503,0x7617d702,0x7600c503,0x7615d802,0x7600c503,0x7613d902,0x7600c503,0x7611da02,0x7600c503,
		0x760fdb02,0x7600c503,0x760ddc02,0x7600c503,0x760bdd02,0x7600c503,0x7609de02,0x7600c503,0x7607df02,0x7600c503,
		0x7605e002,0x7600c503,0x7603e102,0x7600c503,0x7601e202,0x7600c503,0x75ffe302,0x7600c503,0x75fde402,0x7600c503,
		0x75fbe502,0x7600c503,0x75f9e602,0x7600c503,0x75f7e702,0x7600c503,0x75f5e802,0x7600c503,0x75f3e902,0x7600c503,
		0x75f1ea02,0x7600c503,0x75efeb02,0x7600c503,0x75edec02,0x7600c503,0x75ebed02,0x7600c503,0x75e9ee02,0x7600c503,
		0x75e7ef02,0x7600c503,0x75e5f002,0x7600c503,0x75e3f102,0x7600c503,0x75e1f202,0x7600c503,0x75dff302,0x7600c503,
		0x75ddf402,0x7600c503,0x75dbf502,0x7600c503,0x75d9f602,0x7600c503,0x75d7f702,0x7600c503,0x75d5f802,0x7600c503,
		0x75d3f902,0x7600c503,0x75d1fa02,0x7600c503,0x75cffb02,0x7600c503,0x75cdfc02,0x7600c503,0x75cbfd02,0x7600c503,
		0x75c9fe02,0x7600c503,0x75c7ff02,0x7600c503,0x758b0000,0x758a0100,0x75890200,0x75880300,0x75870400,0x75860500,
		0x75850600,0x75840700,0x75830800,0x75820900,0x75810a00,0x75800b00,0x757f0c00,0x757e0d00,0x757d0e00,0x757c0f00,
		0x757b1000,0x757a1100,0x75791200,0x75781300,0x75771400,0x75761500,0x75751600,0x75741700,0x75731800,0x75721900,
		0x75711a00,0x75701b00,0x756f1c00,0x756e1d00,0x756d1e00,0x756c1f00,0x756b2000,0x756a2100,0x75692200,0x75682300,
		0x75672400,0x75662500,0x75652600,0x75642700,0x75632800,0x75622900,0x75612a00,0x75602b00,0x755f2c00,0x755e2d00,
		0x755d2e00,0x755c2f00,0x755b3000,0x755a3100,0x75593200,0x75583300,0x75573400,0x75563500,0x75553600,0x75543700,
		0x75533800,0x75523900,0x75513a00,0x75503b00,0x754f3c00,0x754e3d00,0x754d3e00,0x754c3f00,0x754b4000,0x754a4100,
		0x75494200,0x75484300,0x75474400,0x75464500,0x75454600,0x75444700,0x75434800,0x75424900,0x75414a00,0x75404b00,
		0x753f4c00,0x753e4d00,0x753d4e00,0x753c4f00,0x753b5000,0x753a5100,0x75395200,0x75385300,0x75375400,0x75365500,
		0x75355600,0x75345700,0x75335800,0x75325900,0x75315a00,0x75305b00,0x752f5c00,0x752e5d00,0x752d5e00,0x752c5f00,
		0x752b6000,0x752a6100,0x75296200,0x75286300,0x75276400,0x75266500,0x75256600,0x75246700,0x75236800,0x75226900,
		0x75216a00,0x75206b00,0x751f6c00,0x751e6d00,0x751d6e00,0x751c6f00,0x751b7000,0x751a7100,0x75197200,0x75187300,
		0x75177400,0x75167500,0x75157600,0x75147700,0x75137800,0x75127900,0x75117a00,0x75107b00,0x750f7c00,0x750e7d00,
		0x750d7e00,0x750c7f00,0x750b8000,0x750a8100,0x75098200,0x75088300,0x75078400,0x75068500,0x75058600,0x75048700,
		0x75038800,0x75028900,0x75018a00,0x75008b00,0x74ff8c00,0x74fe8d00,0x74fd8e00,0x74fc8f00,0x74fb9000,0x74fa9100,
		0x74f99200,0x74f89300,0x74f79400,0x74f69500,0x74f59600,0x74f49700,0x74f39800,0x74f29900,0x74f19a00,0x74f09b00,
		0x74ef9c00,0x74ee9d00,0x74ed9e00,0x74ec9f00,0x74eba000,0x74eaa100,0x74e9a200,0x74e8a300,0x74e7a400,0x74e6a500,
		0x74e5a600,0x74e4a700,0x74e3a800,0x74e2a900,0x74e1aa00,0x74e0ab00,0x74dfac00,0x74dead00,0x74ddae00,0x74dcaf00,
		0x74dbb000,0x74dab100,0x74d9b200,0x74d8b300,0x74d7b400,0x74d6b500,0x74d5b600,0x74d4b700,0x74d3b800,0x74d2b900,
		0x74d1ba00,0x74d0bb00,0x74cfbc00,0x74cebd00,0x74cdbe00,0x74ccbf00,0x74cbc000,0x74cac100,0x74c9c200,0x74c8c300,
		0x74c7c400,0x74c6c500,0x74c5c600,0x74c4c700,0x74c3c800,0x74c2c900,0x74c1ca00,0x74c0cb00,0x74bfcc00,0x74becd00,
		0x74bdce00,0x74bccf00,0x74bbd000,0x74bad100,0x74b9d200,0x74b8d300,0x74b7d400,0x74b6d500,0x74b5d600,0x74b4d700,
		0x74b3d800,0x74b2d900,0x74b1da00,0x74b0db00,0x74afdc00,0x74aedd00,0x74adde00,0x74acdf00,0x74abe000,0x74aae100,
		0x74a9e200,0x74a8e300,0x74a7e400,0x74a6e500,0x74a5e600,0x74a4e700,0x74a3e800,0x74a2e900,0x74a1ea00,0x74a0eb00,
		0x749fec00,0x749eed00,0x749dee00,0x749cef00,0x749bf000,0x749af100,0x7499f200,0x7498f300,0x7497f400,0x7496f500,
		0x7495f600,0x7494f700,0x7493f800,0x7492f900,0x7491fa00,0x7490fb00,0x748ffc00,0x748efd00,0x748dfe00,0x748cff00,
		0x74e30004,0x7400c605,0x73ffe305,0x7400c605,0x74df0104,0x7400c605,0x73fde305,0x7400c605,0x74db0204,0x7400c605,
		0x73fbe305,0x7400c605,0x74d70304,0x7400c605,0x73f9e305,0x7400c605,0x74d30404,0x7400c605,0x73f7e305,0x7400c605,
		0x74cf0504,0x7400c605,0x73f5e305,0x7400c605,0x74cb0604,0x7400c605,0x73f3e305,0x7400c605,0x74c70704,0x7400c605,
		0x73f1e305,0x7400c605,0x74c30804,0x7400c605,0x73efe305,0x7400c605,0x74bf0904,0x7400c605,0x73ede305,0x7400c605,
		0x74bb0a04,0x7400c605,0x73ebe305,0x7400c605,0x74b70b04,0x7400c605,0x73e9e305,0x7400c605,0x74b30c04,0x7400c605,
		0x73e7e305,0x7400c605,0x74af0d04,0x7400c605,0x73e5e305,0x7400c605,0x74ab0e04,0x7400c605,0x73e3e305,0x7400c605,
		0x74a70f04,0x7400c605,0x73e1e305,0x7400c605,0x74a31004,0x7400c605,0x73dfe305,0x7400c605,0x749f1104,0x7400c605,
		0x73dde305,0x7400c605,0x749b1204,0x7400c605,0x73dbe305,0x7400c605,0x74971304,0x7400c605,0x73d9e305,0x7400c605,
		0x74931404,0x7400c605,0x73d7e305,0x7400c605,0x748f1504,0x7400c605,0x73d5e305,0x7400c605,0x748b1604,0x7400c605,
		0x73d3e305,0x7400c605,0x74871704,0x7400c605,0x73d1e305,0x7400c605,0x74831804,0x7400c605,0x73cfe305,0x7400c605,
		0x747f1904,0x7400c605,0x73cde305,0x7400c605,0x747b1a04,0x7400c605,0x73cbe305,0x7400c605,0x74771b04,0x7400c605,
		0x73c9e305,0x7400c605,0x74731c04,0x7400c605,0x73c7e305,0x7400c605,0x746f1d04,0x7400c605,0x73c5e305,0x7400c605,
		0x746b1e04,0x7400c605,0x73c3e305,0x7400c605,0x74671f04,0x7400c605,0x73c1e305,0x7400c605,0x7463e004,0x7400c605,
		0x743fe305,0x7400c605,0x745fe104,0x7400c605,0x743de305,0x7400c605,0x745be204,0x7400c605,0x743be305,0x7400c605,
		0x7457e304,0x7400c605,0x7439e305,0x7400c605,0x7453e404,0x7400c605,0x7437e305,0x7400c605,0x744fe504,0x7400c605,
		0x7435e305,0x7400c605,0x744be604,0x7400c605,0x7433e305,0x7400c605,0x7447e704,0x7400c605,0x7431e305,0x7400c605,
		0x7443e804,0x7400c605,0x742fe305,0x7400c605,0x743fe904,0x7400c605,0x742de305,0x7400c605,0x743bea04,0x7400c605,
		0x742be305,0x7400c605,0x7437eb04,0x7400c605,0x7429e305,0x7400c605,0x7433ec04,0x7400c605,0x7427e305,0x7400c605,
		0x742fed04,0x7400c605,0x7425e305,0x7400c605,0x742bee04,0x7400c605,0x7423e305,0x7400c605,0x7427ef04,0x7400c605,
		0x7421e305,0x7400c605,0x7423f004,0x7400c605,0x741fe305,0x7400c605,0x741ff104,0x7400c605,0x741de305,0x7400c605,
		0x741bf204,0x7400c605,0x741be305,0x7400c605,0x7417f304,0x7400c605,0x7419e305,0x7400c605,0x7413f404,0x7400c605,
		0x7417e305,0x7400c605,0x740ff504,0x7400c605,0x7415e305,0x7400c605,0x740bf604,0x7400c605,0x7413e305,0x7400c605,
		0x7407f704,0x7400c605,0x7411e305,0x7400c605,0x7403f804,0x7400c605,0x740fe305,0x7400c605,0x73fff904,0x7400c605,
		0x740de305,0x7400c605,0x73fbfa04,0x7400c605,0x740be305,0x7400c605,0x73f7fb04,0x7400c605,0x7409e305,0x7400c605,
		0x73f3fc04,0x7400c605,0x7407e305,0x7400c605,0x73effd04,0x7400c605,0x7405e305,0x7400c605,0x73ebfe04,0x7400c605,
		0x7403e305,0x7400c605,0x73e7ff04,0x7400c605,0x7401e305,0x7400c605,0x738d0000,0x738c0100,0x738b0200,0x738a0300,
		0x73890400,0x73880500,0x73870600,0x73860700,0x73850800,0x73840900,0x73830a00,0x73820b00,0x73810c00,0x73800d00,
		0x737f0e00,0x737e0f00,0x737d1000,0x737c1100,0x737b1200,0x737a1300,0x73791400,0x73781500,0x73771600,0x73761700,
		0x73751800,0x73741900,0x73731a00,0x73721b00,0x73711c00,0x73701d00,0x736f1e00,0x736e1f00,0x736d2000,0x736c2100,
		0x736b2200,0x736a2300,0x73692400,0x73682500,0x73672600,0x73662700,0x73652800,0x73642900,0x73632a00,0x73622b00,
		0x73612c00,0x73602d00,0x735f2e00,0x735e2f00,0x735d3000,0x735c3100,0x735b3200,0x735a3300,0x73593400,0x73583500,
		0x73573600,0x73563700,0x73553800,0x73543900,0x73533a00,0x73523b00,0x73513c00,0x73503d00,0x734f3e00,0x734e3f00,
		0x734d4000,0x734c4100,0x734b4200,0x734a4300,0x73494400,0x73484500,0x73474600,0x73464700,0x73454800,0x73444900,
		0x73434a00,0x73424b00,0x73414c00,0x73404d00,0x733f4e00,0x733e4f00,0x733d5000,0x733c5100,0x733b5200,0x733a5300,
		0x73395400,0x73385500,0x73375600,0x73365700,0x73355800,0x73345900,0x73335a00,0x73325b00,0x73315c00,0x73305d00,
		0x732f5e00,0x732e5f00,0x732d6000,0x732c6100,0x732b6200,0x732a6300,0x73296400,0x73286500,0x73276600,0x73266700,
		0x73256800,0x73246900,0x73236a00,0x73226b00,0x73216c00,0x73206d00,0x731f6e00,0x731e6f00,0x731d7000,0x731c7100,
		0x731b7200,0x731a7300,0x73197400,0x73187500,0x73177600,0x73167700,0x73157800,0x73147900,0x73137a00,0x73127b00,
		0x73117c00,0x73107d00,0x730f7e00,0x730e7f00,0x730d8000,0x730c8100,0x730b8200,0x730a8300,0x73098400,0x73088500,
		0x73078600,0x73068700,0x73058800,0x73048900,0x73038a00,0x73028b00,0x73018c00,0x73008d00,0x72ff8e00,0x72fe8f00,
		0x72fd9000,0x72fc9100,0x72fb9200,0x72fa9300,0x72f99400,0x72f89500,0x72f79600,0x72f69700,0x72f59800,0x72f49900,
		0x72f39a00,0x72f29b00,0x72f19c00,0x72f09d00,0x72ef9e00,0x72ee9f00,0x72eda000,0x72eca100,0x72eba200,0x72eaa300,
		0x72e9a400,0x72e8a500,0x72e7a600,0x72e6a700,0x72e5a800,0x72e4a900,0x72e3aa00,0x72e2ab00,0x72e1ac00,0x72e0ad00,
		0x72dfae00,0x72deaf00,0x72ddb000,0x72dcb100,0x72dbb200,0x72dab300,0x72d9b400,0x72d8b500,0x72d7b600,0x72d6b700,
		0x72d5b800,0x72d4b900,0x72d3ba00,0x72d2bb00,0x72d1bc00,0x72d0bd00,0x72cfbe00,0x72cebf00,0x72cdc000,0x72ccc100,
		0x72cbc200,0x72cac300,0x72c9c400,0x72c8c500,0x72c7c600,0x72c6c700,0x72c5c800,0x72c4c900,0x72c3ca00,0x72c2cb00,
		0x72c1cc00,0x72c0cd00,0x72bfce00,0x72becf00,0x72bdd000,0x72bcd100,0x72bbd200,0x72bad300,0x72b9d400,0x72b8d500,
		0x72b7d600,0x72b6d700,0x72b5d800,0x72b4d900,0x72b3da00,0x72b2db00,0x72b1dc00,0x72b0dd00,0x72afde00,0x72aedf00,
		0x72ade000,0x72ace100,0x72abe200,0x72aae300,0x72a9e400,0x72a8e500,0x72a7e600,0x72a6e700,0x72a5e800,0x72a4e900,
		0x72a3ea00,0x72a2eb00,0x72a1ec00,0x72a0ed00,0x729fee00,0x729eef00,0x729df000,0x729cf100,0x729bf200,0x729af300,
		0x7299f400,0x7298f500,0x7297f600,0x7296f700,0x7295f800,0x7294f900,0x7293fa00,0x7292fb00,0x7291fc00,0x7290fd00,
		0x728ffe00,0x728eff00,0x72c70002,0x7200c703,0x72c50102,0x7200c703,0x72c30202,0x7200c703,0x72c10302,0x7200c703,
		0x72bf0402,0x7200c703,0x72bd0502,0x7200c703,0x72bb0602,0x7200c703,0x72b90702,0x7200c703,0x72b70802,0x7200c703,
		0x72b50902,0x7200c703,0x72b30a02,0x7200c703,0x72b10b02,0x7200c703,0x72af0c02,0x7200c703,0x72ad0d02,0x7200c703,
		0x72ab0e02,0x7200c703,0x72a90f02,0x7200c703,0x72a71002,0x7200c703,0x72a51102,0x7200c703,0x72a31202,0x7200c703,
		0x72a11302,0x7200c703,0x729f1402,0x7200c703,0x729d1502,0x7200c703,0x729b1602,0x7200c703,0x72991702,0x7200c703,
		0x72971802,0x7200c703,0x72951902,0x7200c703,0x72931a02,0x7200c703,0x72911b02,0x7200c703,0x728f1c02,0x7200c703,
		0x728d1d02,0x7200c703,0x728b1e02,0x7200c703,0x72891f02,0x7200c703,0x72872002,0x7200c703,0x72852102,0x7200c703,
		0x72832202,0x7200c703,0x72812302,0x7200c703,0x727f2402,0x7200c703,0x727d2502,0x7200c703,0x727b2602,0x7200c703,
		0x72792702,0x7200c703,0x72772802,0x7200c703,0x72752902,0x7200c703,0x72732a02,0x7200c703,0x72712b02,0x7200c703,
		0x726f2c02,0x7200c703,0x726d2d02,0x7200c703,0x726b2e02,0x7200c703,0x72692f02,0x7200c703,0x72673002,0x7200c703,
		0x72653102,0x7200c703,0x72633202,0x7200c703,0x72613302,0x7200c703,0x725f3402,0x7200c703,0x725d3502,0x7200c703,
		0x725b3602,0x7200c703,0x72593702,0x7200c703,0x72573802,0x7200c703,0x72553902,0x7200c703,0x72533a02,0x7200c703,
		0x72513b02,0x7200c703,0x724f3c02,0x7200c703,0x724d3d02,0x7200c703,0x724b3e02,0x7200c703,0x72493f02,0x7200c703,
		0x7247c002,0x7200c703,0x7245c102,0x7200c703,0x7243c202,0x7200c703,0x7241c302,0x7200c703,0x723fc402,0x7200c703,
		0x723dc502,0x7200c703,0x723bc602,0x7200c703,0x7239c702,0x7200c703,0x7237c802,0x7200c703,0x7235c902,0x7200c703,
		0x7233ca02,0x7200c703,0x7231cb02,0x7200c703,0x722fcc02,0x7200c703,0x722dcd02,0x7200c703,0x722bce02,0x7200c703,
		0x7229cf02,0x7200c703,0x7227d002,0x7200c703,0x7225d102,0x7200c703,0x7223d202,0x7200c703,0x7221d302,0x7200c703,
		0x721fd402,0x7200c703,0x721dd502,0x7200c703,0x721bd602,0x7200c703,0x7219d702,0x7200c703,0x7217d802,0x7200c703,
		0x7215d902,0x7200c703,0x7213da02,0x7200c703,0x7211db02,0x7200c703,0x720fdc02,0x7200c703,0x720ddd02,0x7200c703,
		0x720bde02,0x7200c703,0x7209df02,0x7200c703,0x7207e002,0x7200c703,0x7205e102,0x7200c703,0x7203e202,0x7200c703,
		0x7201e302,0x7200c703,0x71ffe402,0x7200c703,0x71fde502,0x7200c703,0x71fbe602,0x7200c703,0x71f9e702,0x7200c703,
		0x71f7e802,0x7200c703,0x71f5e902,0x7200c703,0x71f3ea02,0x7200c703,0x71f1eb02,0x7200c703,0x71efec02,0x7200c703,
		0x71eded02,0x7200c703,0x71ebee02,0x7200c703,0x71e9ef02,0x7200c703,0x71e7f002,0x7200c703,0x71e5f102,0x7200c703,
		0x71e3f202,0x7200c703,0x71e1f302,0x7200c703,0x71dff402,0x7200c703,0x71ddf502,0x7200c703,0x71dbf602,0x7200c703,
		0x71d9f702,0x7200c703,0x71d7f802,0x7200c703,0x71d5f902,0x7200c703,0x71d3fa02,0x7200c703,0x71d1fb02,0x7200c703,
		0x71cffc02,0x7200c703,0x71cdfd02,0x7200c703,0x71cbfe02,0x7200c703,0x71c9ff02,0x7200c703,0x718f0000,0x718e0100,
		0x718d0200,0x718c0300,0x718b0400,0x718a0500,0x71890600,0x71880700,0x71870800,0x71860900,0x71850a00,0x71840b00,
		0x71830c00,0x71820d00,0x71810e00,0x71800f00,0x717f1000,0x717e1100,0x717d1200,0x717c1300,0x717b1400,0x717a1500,
		0x71791600,0x71781700,0x71771800,0x71761900,0x71751a00,0x71741b00,0x71731c00,0x71721d00,0x71711e00,0x71701f00,
		0x716f2000,0x716e2100,0x716d2200,0x716c2300,0x716b2400,0x716a2500,0x71692600,0x71682700,0x71672800,0x71662900,
		0x71652a00,0x71642b00,0x71632c00,0x71622d00,0x71612e00,0x71602f00,0x715f3000,0x715e3100,0x715d3200,0x715c3300,
		0x715b3400,0x715a3500,0x71593600,0x71583700,0x71573800,0x71563900,0x71553a00,0x71543b00,0x71533c00,0x71523d00,
		0x71513e00,0x71503f00,0x714f4000,0x714e4100,0x714d4200,0x714c4300,0x714b4400,0x714a4500,0x71494600,0x71484700,
		0x71474800,0x71464900,0x71454a00,0x71444b00,0x71434c00,0x71424d00,0x71414e00,0x71404f00,0x713f5000,0x713e5100,
		0x713d5200,0x713c5300,0x713b5400,0x713a5500,0x71395600,0x71385700,0x71375800,0x71365900,0x71355a00,0x71345b00,
		0x71335c00,0x71325d00,0x71315e00,0x71305f00,0x712f6000,0x712e6100,0x712d6200,0x712c6300,0x712b6400,0x712a6500,
		0x71296600,0x71286700,0x71276800,0x71266900,0x71256a00,0x71246b00,0x71236c00,0x71226d00,0x71216e00,0x71206f00,
		0x711f7000,0x711e7100,0x711d7200,0x711c7300,0x711b7400,0x711a7500,0x71197600,0x71187700,0x71177800,0x71167900,
		0x71157a00,0x71147b00,0x71137c00,0x71127d00,0x71117e00,0x71107f00,0x710f8000,0x710e8100,0x710d8200,0x710c8300,
		0x710b8400,0x710a8500,0x71098600,0x71088700,0x71078800,0x71068900,0x71058a00,0x71048b00,0x71038c00,0x71028d00,
		0x71018e00,0x71008f00,0x70ff9000,0x70fe9100,0x70fd9200,0x70fc9300,0x70fb9400,0x70fa9500,0x70f99600,0x70f89700,
		0x70f79800,0x70f69900,0x70f59a00,0x70f49b00,0x70f39c00,0x70f29d00,0x70f19e00,0x70f09f00,0x70efa000,0x70eea100,
		0x70eda200,0x70eca300,0x70eba400,0x70eaa500,0x70e9a600,0x70e8a700,0x70e7a800,0x70e6a900,0x70e5aa00,0x70e4ab00,
		0x70e3ac00,0x70e2ad00,0x70e1ae00,0x70e0af00,0x70dfb000,0x70deb100,0x70ddb200,0x70dcb300,0x70dbb400,0x70dab500,
		0x70d9b600,0x70d8b700,0x70d7b800,0x70d6b900,0x70d5ba00,0x70d4bb00,0x70d3bc00,0x70d2bd00,0x70d1be00,0x70d0bf00,
		0x70cfc000,0x70cec100,0x70cdc200,0x70ccc300,0x70cbc400,0x70cac500,0x70c9c600,0x70c8c700,0x70c7c800,0x70c6c900,
		0x70c5ca00,0x70c4cb00,0x70c3cc00,0x70c2cd00,0x70c1ce00,0x70c0cf00,0x70bfd000,0x70bed100,0x70bdd200,0x70bcd300,
		0x70bbd400,0x70bad500,0x70b9d600,0x70b8d700,0x70b7d800,0x70b6d900,0x70b5da00,0x70b4db00,0x70b3dc00,0x70b2dd00,
		0x70b1de00,0x70b0df00,0x70afe000,0x70aee100,0x70ade200,0x70ace300,0x70abe400,0x70aae500,0x70a9e600,0x70a8e700,
		0x70a7e800,0x70a6e900,0x70a5ea00,0x70a4eb00,0x70a3ec00,0x70a2ed00,0x70a1ee00,0x70a0ef00,0x709ff000,0x709ef100,
		0x709df200,0x709cf300,0x709bf400,0x709af500,0x7099f600,0x7098f700,0x7097f800,0x7096f900,0x7095fa00,0x7094fb00,
		0x7093fc00,0x7092fd00,0x7091fe00,0x7090ff00,0x70f90008,0x7000c809,0x6fffe409,0x7000c809,0x6ffdf209,0x7000c809,
		0x6ffde409,0x7000c809,0x6ff9f909,0x7000c809,0x6ffbe409,0x7000c809,0x6ff7f209,0x7000c809,0x6ff9e409,0x7000c809,
		0x70e90108,0x7000c809,0x6ff7e409,0x7000c809,0x6ff1f209,0x7000c809,0x6ff5e409,0x7000c809,0x6febf909,0x7000c809,
		0x6ff3e409,0x7000c809,0x6febf209,0x7000c809,0x6ff1e409,0x7000c809,0x70d90208,0x7000c809,0x6fefe409,0x7000c809,
		0x6fe5f209,0x7000c809,0x6fede409,0x7000c809,0x6fddf909,0x7000c809,0x6febe409,0x7000c809,0x6fdff209,0x7000c809,
		0x6fe9e409,0x7000c809,0x70c90308,0x7000c809,0x6fe7e409,0x7000c809,0x6fd9f209,0x7000c809,0x6fe5e409,0x7000c809,
		0x6fcff909,0x7000c809,0x6fe3e409,0x7000c809,0x6fd3f209,0x7000c809,0x6fe1e409,0x7000c809,0x70b90408,0x7000c809,
		0x6fdfe409,0x7000c809,0x6fcdf209,0x7000c809,0x6fdde409,0x7000c809,0x6fc1f909,0x7000c809,0x6fdbe409,0x7000c809,
		0x6fc7f209,0x7000c809,0x6fd9e409,0x7000c809,0x70a90508,0x7000c809,0x6fd7e409,0x7000c809,0x6fc1f209,0x7000c809,
		0x6fd5e409,0x7000c809,0x6fb3f909,0x7000c809,0x6fd3e409,0x7000c809,0x6fbbf209,0x7000c809,0x6fd1e409,0x7000c809,
		0x70990608,0x7000c809,0x6fcfe409,0x7000c809,0x6fb5f209,0x7000c809,0x6fcde409,0x7000c809,0x6fa5f909,0x7000c809,
		0x6fcbe409,0x7000c809,0x6faff209,0x7000c809,0x6fc9e409,0x7000c809,0x70890708,0x7000c809,0x6fc7e409,0x7000c809,
		0x6fa9f209,0x7000c809,0x6fc5e409,0x7000c809,0x6f97f909,0x7000c809,0x6fc3e409,0x7000c809,0x6fa3f209,0x7000c809,
		0x6fc1e409,0x7000c809,0x7079f808,0x7000c809,0x703fe409,0x7000c809,0x705df209,0x7000c809,0x703de409,0x7000c809,
		0x7069f909,0x7000c809,0x703be409,0x7000c809,0x7057f209,0x7000c809,0x7039e409,0x7000c809,0x7069f908,0x7000c809,
		0x7037e409,0x7000c809,0x7051f209,0x7000c809,0x7035e409,0x7000c809,0x705bf909,0x7000c809,0x7033e409,0x7000c809,
		0x704bf209,0x7000c809,0x7031e409,0x7000c809,0x7059fa08,0x7000c809,0x702fe409,0x7000c809,0x7045f209,0x7000c809,
		0x702de409,0x7000c809,0x704df909,0x7000c809,0x702be409,0x7000c809,0x703ff209,0x7000c809,0x7029e409,0x7000c809,
		0x7049fb08,0x7000c809,0x7027e409,0x7000c809,0x7039f209,0x7000c809,0x7025e409,0x7000c809,0x703ff909,0x7000c809,
		0x7023e409,0x7000c809,0x7033f209,0x7000c809,0x7021e409,0x7000c809,0x7039fc08,0x7000c809,0x701fe409,0x7000c809,
		0x702df209,0x7000c809,0x701de409,0x7000c809,0x7031f909,0x7000c809,0x701be409,0x7000c809,0x7027f209,0x7000c809,
		0x7019e409,0x7000c809,0x7029fd08,0x7000c809,0x7017e409,0x7000c809,0x7021f209,0x7000c809,0x7015e409,0x7000c809,
		0x7023f909,0x7000c809,0x7013e409,0x7000c809,0x701bf209,0x7000c809,0x7011e409,0x7000c809,0x7019fe08,0x7000c809,
		0x700fe409,0x7000c809,0x7015f209,0x7000c809,0x700de409,0x7000c809,0x7015f909,0x7000c809,0x700be409,0x7000c809,
		0x700ff209,0x7000c809,0x7009e409,0x7000c809,0x7009ff08,0x7000c809,0x7007e409,0x7000c809,0x7009f209,0x7000c809,
		0x7005e409,0x7000c809,0x7007f909,0x7000c809,0x7003e409,0x7000c809,0x7003f209,0x7000c809,0x7001e409,0x7000c809,
		0x6f910000,0x6f900100,0x6f8f0200,0x6f8e0300,0x6f8d0400,0x6f8c0500,0x6f8b0600,0x6f8a0700,0x6f890800,0x6f880900,
		0x6f870a00,0x6f860b00,0x6f850c00,0x6f840d00,0x6f830e00,0x6f820f00,0x6f811000,0x6f801100,0x6f7f1200,0x6f7e1300,
		0x6f7d1400,0x6f7c1500,0x6f7b1600,0x6f7a1700,0x6f791800,0x6f781900,0x6f771a00,0x6f761b00,0x6f751c00,0x6f741d00,
		0x6f731e00,0x6f721f00,0x6f712000,0x6f702100,0x6f6f2200,0x6f6e2300,0x6f6d2400,0x6f6c2500,0x6f6b2600,0x6f6a2700,
		0x6f692800,0x6f682900,0x6f672a00,0x6f662b00,0x6f652c00,0x6f642d00,0x6f632e00,0x6f622f00,0x6f613000,0x6f603100,
		0x6f5f3200,0x6f5e3300,0x6f5d3400,0x6f5c3500,0x6f5b3600,0x6f5a3700,0x6f593800,0x6f583900,0x6f573a00,0x6f563b00,
		0x6f553c00,0x6f543d00,0x6f533e00,0x6f523f00,0x6f514000,0x6f504100,0x6f4f4200,0x6f4e4300,0x6f4d4400,0x6f4c4500,
		0x6f4b4600,0x6f4a4700,0x6f494800,0x6f484900,0x6f474a00,0x6f464b00,0x6f454c00,0x6f444d00,0x6f434e00,0x6f424f00,
		0x6f415000,0x6f405100,0x6f3f5200,0x6f3e5300,0x6f3d5400,0x6f3c5500,0x6f3b5600,0x6f3a5700,0x6f395800,0x6f385900,
		0x6f375a00,0x6f365b00,0x6f355c00,0x6f345d00,0x6f335e00,0x6f325f00,0x6f316000,0x6f306100,0x6f2f6200,0x6f2e6300,
		0x6f2d6400,0x6f2c6500,0x6f2b6600,0x6f2a6700,0x6f296800,0x6f286900,0x6f276a00,0x6f266b00,0x6f256c00,0x6f246d00,
		0x6f236e00,0x6f226f00,0x6f217000,0x6f207100,0x6f1f7200,0x6f1e7300,0x6f1d7400,0x6f1c7500,0x6f1b7600,0x6f1a7700,
		0x6f197800,0x6f187900,0x6f177a00,0x6f167b00,0x6f157c00,0x6f147d00,0x6f137e00,0x6f127f00,0x6f118000,0x6f108100,
		0x6f0f8200,0x6f0e8300,0x6f0d8400,0x6f0c8500,0x6f0b8600,0x6f0a8700,0x6f098800,0x6f088900,0x6f078a00,0x6f068b00,
		0x6f058c00,0x6f048d00,0x6f038e00,0x6f028f00,0x6f019000,0x6f009100,0x6eff9200,0x6efe9300,0x6efd9400,0x6efc9500,
		0x6efb9600,0x6efa9700,0x6ef99800,0x6ef89900,0x6ef79a00,0x6ef69b00,0x6ef59c00,0x6ef49d00,0x6ef39e00,0x6ef29f00,
		0x6ef1a000,0x6ef0a100,0x6eefa200,0x6eeea300,0x6eeda400,0x6eeca500,0x6eeba600,0x6eeaa700,0x6ee9a800,0x6ee8a900,
		0x6ee7aa00,0x6ee6ab00,0x6ee5ac00,0x6ee4ad00,0x6ee3ae00,0x6ee2af00,0x6ee1b000,0x6ee0b100,0x6edfb200,0x6edeb300,
		0x6eddb400,0x6edcb500,0x6edbb600,0x6edab700,0x6ed9b800,0x6ed8b900,0x6ed7ba00,0x6ed6bb00,0x6ed5bc00,0x6ed4bd00,
		0x6ed3be00,0x6ed2bf00,0x6ed1c000,0x6ed0c100,0x6ecfc200,0x6ecec300,0x6ecdc400,0x6eccc500,0x6ecbc600,0x6ecac700,
		0x6ec9c800,0x6ec8c900,0x6ec7ca00,0x6ec6cb00,0x6ec5cc00,0x6ec4cd00,0x6ec3ce00,0x6ec2cf00,0x6ec1d000,0x6ec0d100,
		0x6ebfd200,0x6ebed300,0x6ebdd400,0x6ebcd500,0x6ebbd600,0x6ebad700,0x6eb9d800,0x6eb8d900,0x6eb7da00,0x6eb6db00,
		0x6eb5dc00,0x6eb4dd00,0x6eb3de00,0x6eb2df00,0x6eb1e000,0x6eb0e100,0x6eafe200,0x6eaee300,0x6eade400,0x6eace500,
		0x6eabe600,0x6eaae700,0x6ea9e800,0x6ea8e900,0x6ea7ea00,0x6ea6eb00,0x6ea5ec00,0x6ea4ed00,0x6ea3ee00,0x6ea2ef00,
		0x6ea1f000,0x6ea0f100,0x6e9ff200,0x6e9ef300,0x6e9df400,0x6e9cf500,0x6e9bf600,0x6e9af700,0x6e99f800,0x6e98f900,
		0x6e97fa00,0x6e96fb00,0x6e95fc00,0x6e94fd00,0x6e93fe00,0x6e92ff00,0x6ec90002,0x6e00c903,0x6ec70102,0x6e00c903,
		0x6ec50202,0x6e00c903,0x6ec30302,0x6e00c903,0x6ec10402,0x6e00c903,0x6ebf0502,0x6e00c903,0x6ebd0602,0x6e00c903,
		0x6ebb0702,0x6e00c903,0x6eb90802,0x6e00c903,0x6eb70902,0x6e00c903,0x6eb50a02,0x6e00c903,0x6eb30b02,0x6e00c903,
		0x6eb10c02,0x6e00c903,0x6eaf0d02,0x6e00c903,0x6ead0e02,0x6e00c903,0x6eab0f02,0x6e00c903,0x6ea91002,0x6e00c903,
		0x6ea71102,0x6e00c903,0x6ea51202,0x6e00c903,0x6ea31302,0x6e00c903,0x6ea11402,0x6e00c903,0x6e9f1502,0x6e00c903,
		0x6e9d1602,0x6e00c903,0x6e9b1702,0x6e00c903,0x6e991802,0x6e00c903,0x6e971902,0x6e00c903,0x6e951a02,0x6e00c903,
		0x6e931b02,0x6e00c903,0x6e911c02,0x6e00c903,0x6e8f1d02,0x6e00c903,0x6e8d1e02,0x6e00c903,0x6e8b1f02,0x6e00c903,
		0x6e892002,0x6e00c903,0x6e872102,0x6e00c903,0x6e852202,0x6e00c903,0x6e832302,0x6e00c903,0x6e812402,0x6e00c903,
		0x6e7f2502,0x6e00c903,0x6e7d2602,0x6e00c903,0x6e7b2702,0x6e00c903,0x6e792802,0x6e00c903,0x6e772902,0x6e00c903,
		0x6e752a02,0x6e00c903,0x6e732b02,0x6e00c903,0x6e712c02,0x6e00c903,0x6e6f2d02,0x6e00c903,0x6e6d2e02,0x6e00c903,
		0x6e6b2f02,0x6e00c903,0x6e693002,0x6e00c903,0x6e673102,0x6e00c903,0x6e653202,0x6e00c903,0x6e633302,0x6e00c903,
		0x6e613402,0x6e00c903,0x6e5f3502,0x6e00c903,0x6e5d3602,0x6e00c903,0x6e5b3702,0x6e00c903,0x6e593802,0x6e00c903,
		0x6e573902,0x6e00c903,0x6e553a02,0x6e00c903,0x6e533b02,0x6e00c903,0x6e513c02,0x6e00c903,0x6e4f3d02,0x6e00c903,
		0x6e4d3e02,0x6e00c903,0x6e4b3f02,0x6e00c903,0x6e49c002,0x6e00c903,0x6e47c102,0x6e00c903,0x6e45c202,0x6e00c903,
		0x6e43c302,0x6e00c903,0x6e41c402,0x6e00c903,0x6e3fc502,0x6e00c903,0x6e3dc602,0x6e00c903,0x6e3bc702,0x6e00c903,
		0x6e39c802,0x6e00c903,0x6e37c902,0x6e00c903,0x6e35ca02,0x6e00c903,0x6e33cb02,0x6e00c903,0x6e31cc02,0x6e00c903,
		0x6e2fcd02,0x6e00c903,0x6e2dce02,0x6e00c903,0x6e2bcf02,0x6e00c903,0x6e29d002,0x6e00c903,0x6e27d102,0x6e00c903,
		0x6e25d202,0x6e00c903,0x6e23d302,0x6e00c903,0x6e21d402,0x6e00c903,0x6e1fd502,0x6e00c903,0x6e1dd602,0x6e00c903,
		0x6e1bd702,0x6e00c903,0x6e19d802,0x6e00c903,0x6e17d902,0x6e00c903,0x6e15da02,0x6e00c903,0x6e13db02,0x6e00c903,
		0x6e11dc02,0x6e00c903,0x6e0fdd02,0x6e00c903,0x6e0dde02,0x6e00c903,0x6e0bdf02,0x6e00c903,0x6e09e002,0x6e00c903,
		0x6e07e102,0x6e00c903,0x6e05e202,0x6e00c903,0x6e03e302,0x6e00c903,0x6e01e402,0x6e00c903,0x6dffe502,0x6e00c903,
		0x6dfde602,0x6e00c903,0x6dfbe702,0x6e00c903,0x6df9e802,0x6e00c903,0x6df7e902,0x6e00c903,0x6df5ea02,0x6e00c903,
		0x6df3eb02,0x6e00c903,0x6df1ec02,0x6e00c903,0x6defed02,0x6e00c903,0x6dedee02,0x6e00c903,0x6debef02,0x6e00c903,
		0x6de9f002,0x6e00c903,0x6de7f102,0x6e00c903,0x6de5f202,0x6e00c903,0x6de3f302,0x6e00c903,0x6de1f402,0x6e00c903,
		0x6ddff502,0x6e00c903,0x6dddf602,0x6e00c903,0x6ddbf702,0x6e00c903,0x6dd9f802,0x6e00c903,0x6dd7f902,0x6e00c903,
		0x6dd5fa02,0x6e00c903,0x6dd3fb02,0x6e00c903,0x6dd1fc02,0x6e00c903,0x6dcffd02,0x6e00c903,0x6dcdfe02,0x6e00c903,
		0x6dcbff02,0x6e00c903,0x6d930000,0x6d920100,0x6d910200,0x6d900300,0x6d8f0400,0x6d8e0500,0x6d8d0600,0x6d8c0700,
		0x6d8b0800,0x6d8a0900,0x6d890a00,0x6d880b00,0x6d870c00,0x6d860d00,0x6d850e00,0x6d840f00,0x6d831000,0x6d821100,
		0x6d811200,0x6d801300,0x6d7f1400,0x6d7e1500,0x6d7d1600,0x6d7c1700,0x6d7b1800,0x6d7a1900,0x6d791a00,0x6d781b00,
		0x6d771c00,0x6d761d00,0x6d751e00,0x6d741f00,0x6d732000,0x6d722100,0x6d712200,0x6d702300,0x6d6f2400,0x6d6e2500,
		0x6d6d2600,0x6d6c2700,0x6d6b2800,0x6d6a2900,0x6d692a00,0x6d682b00,0x6d672c00,0x6d662d00,0x6d652e00,0x6d642f00,
		0x6d633000,0x6d623100,0x6d613200,0x6d603300,0x6d5f3400,0x6d5e3500,0x6d5d3600,0x6d5c3700,0x6d5b3800,0x6d5a3900,
		0x6d593a00,0x6d583b00,0x6d573c00,0x6d563d00,0x6d553e00,0x6d543f00,0x6d534000,0x6d524100,0x6d514200,0x6d504300,
		0x6d4f4400,0x6d4e4500,0x6d4d4600,0x6d4c4700,0x6d4b4800,0x6d4a4900,0x6d494a00,0x6d484b00,0x6d474c00,0x6d464d00,
		0x6d454e00,0x6d444f00,0x6d435000,0x6d425100,0x6d415200,0x6d405300,0x6d3f5400,0x6d3e5500,0x6d3d5600,0x6d3c5700,
		0x6d3b5800,0x6d3a5900,0x6d395a00,0x6d385b00,0x6d375c00,0x6d365d00,0x6d355e00,0x6d345f00,0x6d336000,0x6d326100,
		0x6d316200,0x6d306300,0x6d2f6400,0x6d2e6500,0x6d2d6600,0x6d2c6700,0x6d2b6800,0x6d2a6900,0x6d296a00,0x6d286b00,
		0x6d276c00,0x6d266d00,0x6d256e00,0x6d246f00,0x6d237000,0x6d227100,0x6d217200,0x6d207300,0x6d1f7400,0x6d1e7500,
		0x6d1d7600,0x6d1c7700,0x6d1b7800,0x6d1a7900,0x6d197a00,0x6d187b00,0x6d177c00,0x6d167d00,0x6d157e00,0x6d147f00,
		0x6d138000,0x6d128100,0x6d118200,0x6d108300,0x6d0f8400,0x6d0e8500,0x6d0d8600,0x6d0c8700,0x6d0b8800,0x6d0a8900,
		0x6d098a00,0x6d088b00,0x6d078c00,0x6d068d00,0x6d058e00,0x6d048f00,0x6d039000,0x6d029100,0x6d019200,0x6d009300,
		0x6cff9400,0x6cfe9500,0x6cfd9600,0x6cfc9700,0x6cfb9800,0x6cfa9900,0x6cf99a00,0x6cf89b00,0x6cf79c00,0x6cf69d00,
		0x6cf59e00,0x6cf49f00,0x6cf3a000,0x6cf2a100,0x6cf1a200,0x6cf0a300,0x6cefa400,0x6ceea500,0x6ceda600,0x6ceca700,
		0x6ceba800,0x6ceaa900,0x6ce9aa00,0x6ce8ab00,0x6ce7ac00,0x6ce6ad00,0x6ce5ae00,0x6ce4af00,0x6ce3b000,0x6ce2b100,
		0x6ce1b200,0x6ce0b300,0x6cdfb400,0x6cdeb500,0x6cddb600,0x6cdcb700,0x6cdbb800,0x6cdab900,0x6cd9ba00,0x6cd8bb00,
		0x6cd7bc00,0x6cd6bd00,0x6cd5be00,0x6cd4bf00,0x6cd3c000,0x6cd2c100,0x6cd1c200,0x6cd0c300,0x6ccfc400,0x6ccec500,
		0x6ccdc600,0x6cccc700,0x6ccbc800,0x6ccac900,0x6cc9ca00,0x6cc8cb00,0x6cc7cc00,0x6cc6cd00,0x6cc5ce00,0x6cc4cf00,
		0x6cc3d000,0x6cc2d100,0x6cc1d200,0x6cc0d300,0x6cbfd400,0x6cbed500,0x6cbdd600,0x6cbcd700,0x6cbbd800,0x6cbad900,
		0x6cb9da00,0x6cb8db00,0x6cb7dc00,0x6cb6dd00,0x6cb5de00,0x6cb4df00,0x6cb3e000,0x6cb2e100,0x6cb1e200,0x6cb0e300,
		0x6cafe400,0x6caee500,0x6cade600,0x6cace700,0x6cabe800,0x6caae900,0x6ca9ea00,0x6ca8eb00,0x6ca7ec00,0x6ca6ed00,
		0x6ca5ee00,0x6ca4ef00,0x6ca3f000,0x6ca2f100,0x6ca1f200,0x6ca0f300,0x6c9ff400,0x6c9ef500,0x6c9df600,0x6c9cf700,
		0x6c9bf800,0x6c9af900,0x6c99fa00,0x6c98fb00,0x6c97fc00,0x6c96fd00,0x6c95fe00,0x6c94ff00,0x6ce50004,0x6c00ca05,
		0x6bffe505,0x6c00ca05,0x6ce10104,0x6c00ca05,0x6bfde505,0x6c00ca05,0x6cdd0204,0x6c00ca05,0x6bfbe505,0x6c00ca05,
		0x6cd90304,0x6c00ca05,0x6bf9e505,0x6c00ca05,0x6cd50404,0x6c00ca05,0x6bf7e505,0x6c00ca05,0x6cd10504,0x6c00ca05,
		0x6bf5e505,0x6c00ca05,0x6ccd0604,0x6c00ca05,0x6bf3e505,0x6c00ca05,0x6cc90704,0x6c00ca05,0x6bf1e505,0x6c00ca05,
		0x6cc50804,0x6c00ca05,0x6befe505,0x6c00ca05,0x6cc10904,0x6c00ca05,0x6bede505,0x6c00ca05,0x6cbd0a04,0x6c00ca05,
		0x6bebe505,0x6c00ca05,0x6cb90b04,0x6c00ca05,0x6be9e505,0x6c00ca05,0x6cb50c04,0x6c00ca05,0x6be7e505,0x6c00ca05,
		0x6cb10d04,0x6c00ca05,0x6be5e505,0x6c00ca05,0x6cad0e04,0x6c00ca05,0x6be3e505,0x6c00ca05,0x6ca90f04,0x6c00ca05,
		0x6be1e505,0x6c00ca05,0x6ca51004,0x6c00ca05,0x6bdfe505,0x6c00ca05,0x6ca11104,0x6c00ca05,0x6bdde505,0x6c00ca05,
		0x6c9d1204,0x6c00ca05,0x6bdbe505,0x6c00ca05,0x6c991304,0x6c00ca05,0x6bd9e505,0x6c00ca05,0x6c951404,0x6c00ca05,
		0x6bd7e505,0x6c00ca05,0x6c911504,0x6c00ca05,0x6bd5e505,0x6c00ca05,0x6c8d1604,0x6c00ca05,0x6bd3e505,0x6c00ca05,
		0x6c891704,0x6c00ca05,0x6bd1e505,0x6c00ca05,0x6c851804,0x6c00ca05,0x6bcfe505,0x6c00ca05,0x6c811904,0x6c00ca05,
		0x6bcde505,0x6c00ca05,0x6c7d1a04,0x6c00ca05,0x6bcbe505,0x6c00ca05,0x6c791b04,0x6c00ca05,0x6bc9e505,0x6c00ca05,
		0x6c751c04,0x6c00ca05,0x6bc7e505,0x6c00ca05,0x6c711d04,0x6c00ca05,0x6bc5e505,0x6c00ca05,0x6c6d1e04,0x6c00ca05,
		0x6bc3e505,0x6c00ca05,0x6c691f04,0x6c00ca05,0x6bc1e505,0x6c00ca05,0x6c65e004,0x6c00ca05,0x6c3fe505,0x6c00ca05,
		0x6c61e104,0x6c00ca05,0x6c3de505,0x6c00ca05,0x6c5de204,0x6c00ca05,0x6c3be505,0x6c00ca05,0x6c59e304,0x6c00ca05,
		0x6c39e505,0x6c00ca05,0x6c55e404,0x6c00ca05,0x6c37e505,0x6c00ca05,0x6c51e504,0x6c00ca05,0x6c35e505,0x6c00ca05,
		0x6c4de604,0x6c00ca05,0x6c33e505,0x6c00ca05,0x6c49e704,0x6c00ca05,0x6c31e505,0x6c00ca05,0x6c45e804,0x6c00ca05,
		0x6c2fe505,0x6c00ca05,0x6c41e904,0x6c00ca05,0x6c2de505,0x6c00ca05,0x6c3dea04,0x6c00ca05,0x6c2be505,0x6c00ca05,
		0x6c39eb04,0x6c00ca05,0x6c29e505,0x6c00ca05,0x6c35ec04,0x6c00ca05,0x6c27e505,0x6c00ca05,0x6c31ed04,0x6c00ca05,
		0x6c25e505,0x6c00ca05,0x6c2dee04,0x6c00ca05,0x6c23e505,0x6c00ca05,0x6c29ef04,0x6c00ca05,0x6c21e505,0x6c00ca05,
		0x6c25f004,0x6c00ca05,0x6c1fe505,0x6c00ca05,0x6c21f104,0x6c00ca05,0x6c1de505,0x6c00ca05,0x6c1df204,0x6c00ca05,
		0x6c1be505,0x6c00ca05,0x6c19f304,0x6c00ca05,0x6c19e505,0x6c00ca05,0x6c15f404,0x6c00ca05,0x6c17e505,0x6c00ca05,
		0x6c11f504,0x6c00ca05,0x6c15e505,0x6c00ca05,0x6c0df604,0x6c00ca05,0x6c13e505,0x6c00ca05,0x6c09f704,0x6c00ca05,
		0x6c11e505,0x6c00ca05,0x6c05f804,0x6c00ca05,0x6c0fe505,0x6c00ca05,0x6c01f904,0x6c00ca05,0x6c0de505,0x6c00ca05,
		0x6bfdfa04,0x6c00ca05,0x6c0be505,0x6c00ca05,0x6bf9fb04,0x6c00ca05,0x6c09e505,0x6c00ca05,0x6bf5fc04,0x6c00ca05,
		0x6c07e505,0x6c00ca05,0x6bf1fd04,0x6c00ca05,0x6c05e505,0x6c00ca05,0x6bedfe04,0x6c00ca05,0x6c03e505,0x6c00ca05,
		0x6be9ff04,0x6c00ca05,0x6c01e505,0x6c00ca05,0x6b950000,0x6b940100,0x6b930200,0x6b920300,0x6b910400,0x6b900500,
		0x6b8f0600,0x6b8e0700,0x6b8d0800,0x6b8c0900,0x6b8b0a00,0x6b8a0b00,0x6b890c00,0x6b880d00,0x6b870e00,0x6b860f00,
		0x6b851000,0x6b841100,0x6b831200,0x6b821300,0x6b811400,0x6b801500,0x6b7f1600,0x6b7e1700,0x6b7d1800,0x6b7c1900,
		0x6b7b1a00,0x6b7a1b00,0x6b791c00,0x6b781d00,0x6b771e00,0x6b761f00,0x6b752000,0x6b742100,0x6b732200,0x6b722300,
		0x6b712400,0x6b702500,0x6b6f2600,0x6b6e2700,0x6b6d2800,0x6b6c2900,0x6b6b2a00,0x6b6a2b00,0x6b692c00,0x6b682d00,
		0x6b672e00,0x6b662f00,0x6b653000,0x6b643100,0x6b633200,0x6b623300,0x6b613400,0x6b603500,0x6b5f3600,0x6b5e3700,
		0x6b5d3800,0x6b5c3900,0x6b5b3a00,0x6b5a3b00,0x6b593c00,0x6b583d00,0x6b573e00,0x6b563f00,0x6b554000,0x6b544100,
		0x6b534200,0x6b524300,0x6b514400,0x6b504500,0x6b4f4600,0x6b4e4700,0x6b4d4800,0x6b4c4900,0x6b4b4a00,0x6b4a4b00,
		0x6b494c00,0x6b484d00,0x6b474e00,0x6b464f00,0x6b455000,0x6b445100,0x6b435200,0x6b425300,0x6b415400,0x6b405500,
		0x6b3f5600,0x6b3e5700,0x6b3d5800,0x6b3c5900,0x6b3b5a00,0x6b3a5b00,0x6b395c00,0x6b385d00,0x6b375e00,0x6b365f00,
		0x6b356000,0x6b346100,0x6b336200,0x6b326300,0x6b316400,0x6b306500,0x6b2f6600,0x6b2e6700,0x6b2d6800,0x6b2c6900,
		0x6b2b6a00,0x6b2a6b00,0x6b296c00,0x6b286d00,0x6b276e00,0x6b266f00,0x6b257000,0x6b247100,0x6b237200,0x6b227300,
		0x6b217400,0x6b207500,0x6b1f7600,0x6b1e7700,0x6b1d7800,0x6b1c7900,0x6b1b7a00,0x6b1a7b00,0x6b197c00,0x6b187d00,
		0x6b177e00,0x6b167f00,0x6b158000,0x6b148100,0x6b138200,0x6b128300,0x6b118400,0x6b108500,0x6b0f8600,0x6b0e8700,
		0x6b0d8800,0x6b0c8900,0x6b0b8a00,0x6b0a8b00,0x6b098c00,0x6b088d00,0x6b078e00,0x6b068f00,0x6b059000,0x6b049100,
		0x6b039200,0x6b029300,0x6b019400,0x6b009500,0x6aff9600,0x6afe9700,0x6afd9800,0x6afc9900,0x6afb9a00,0x6afa9b00,
		0x6af99c00,0x6af89d00,0x6af79e00,0x6af69f00,0x6af5a000,0x6af4a100,0x6af3a200,0x6af2a300,0x6af1a400,0x6af0a500,
		0x6aefa600,0x6aeea700,0x6aeda800,0x6aeca900,0x6aebaa00,0x6aeaab00,0x6ae9ac00,0x6ae8ad00,0x6ae7ae00,0x6ae6af00,
		0x6ae5b000,0x6ae4b100,0x6ae3b200,0x6ae2b300,0x6ae1b400,0x6ae0b500,0x6adfb600,0x6adeb700,0x6addb800,0x6adcb900,
		0x6adbba00,0x6adabb00,0x6ad9bc00,0x6ad8bd00,0x6ad7be00,0x6ad6bf00,0x6ad5c000,0x6ad4c100,0x6ad3c200,0x6ad2c300,
		0x6ad1c400,0x6ad0c500,0x6acfc600,0x6acec700,0x6acdc800,0x6accc900,0x6acbca00,0x6acacb00,0x6ac9cc00,0x6ac8cd00,
		0x6ac7ce00,0x6ac6cf00,0x6ac5d000,0x6ac4d100,0x6ac3d200,0x6ac2d300,0x6ac1d400,0x6ac0d500,0x6abfd600,0x6abed700,
		0x6abdd800,0x6abcd900,0x6abbda00,0x6abadb00,0x6ab9dc00,0x6ab8dd00,0x6ab7de00,0x6ab6df00,0x6ab5e000,0x6ab4e100,
		0x6ab3e200,0x6ab2e300,0x6ab1e400,0x6ab0e500,0x6aafe600,0x6aaee700,0x6aade800,0x6aace900,0x6aabea00,0x6aaaeb00,
		0x6aa9ec00,0x6aa8ed00,0x6aa7ee00,0x6aa6ef00,0x6aa5f000,0x6aa4f100,0x6aa3f200,0x6aa2f300,0x6aa1f400,0x6aa0f500,
		0x6a9ff600,0x6a9ef700,0x6a9df800,0x6a9cf900,0x6a9bfa00,0x6a9afb00,0x6a99fc00,0x6a98fd00,0x6a97fe00,0x6a96ff00,
		0x6acb0002,0x6a00cb03,0x6ac90102,0x6a00cb03,0x6ac70202,0x6a00cb03,0x6ac50302,0x6a00cb03,0x6ac30402,0x6a00cb03,
		0x6ac10502,0x6a00cb03,0x6abf0602,0x6a00cb03,0x6abd0702,0x6a00cb03,0x6abb0802,0x6a00cb03,0x6ab90902,0x6a00cb03,
		0x6ab70a02,0x6a00cb03,0x6ab50b02,0x6a00cb03,0x6ab30c02,0x6a00cb03,0x6ab10d02,0x6a00cb03,0x6aaf0e02,0x6a00cb03,
		0x6aad0f02,0x6a00cb03,0x6aab1002,0x6a00cb03,0x6aa91102,0x6a00cb03,0x6aa71202,0x6a00cb03,0x6aa51302,0x6a00cb03,
		0x6aa31402,0x6a00cb03,0x6aa11502,0x6a00cb03,0x6a9f1602,0x6a00cb03,0x6a9d1702,0x6a00cb03,0x6a9b1802,0x6a00cb03,
		0x6a991902,0x6a00cb03,0x6a971a02,0x6a00cb03,0x6a951b02,0x6a00cb03,0x6a931c02,0x6a00cb03,0x6a911d02,0x6a00cb03,
		0x6a8f1e02,0x6a00cb03,0x6a8d1f02,0x6a00cb03,0x6a8b2002,0x6a00cb03,0x6a892102,0x6a00cb03,0x6a872202,0x6a00cb03,
		0x6a852302,0x6a00cb03,0x6a832402,0x6a00cb03,0x6a812502,0x6a00cb03,0x6a7f2602,0x6a00cb03,0x6a7d2702,0x6a00cb03,
		0x6a7b2802,0x6a00cb03,0x6a792902,0x6a00cb03,0x6a772a02,0x6a00cb03,0x6a752b02,0x6a00cb03,0x6a732c02,0x6a00cb03,
		0x6a712d02,0x6a00cb03,0x6a6f2e02,0x6a00cb03,0x6a6d2f02,0x6a00cb03,0x6a6b3002,0x6a00cb03,0x6a693102,0x6a00cb03,
		0x6a673202,0x6a00cb03,0x6a653302,0x6a00cb03,0x6a633402,0x6a00cb03,0x6a613502,0x6a00cb03,0x6a5f3602,0x6a00cb03,
		0x6a5d3702,0x6a00cb03,0x6a5b3802,0x6a00cb03,0x6a593902,0x6a00cb03,0x6a573a02,0x6a00cb03,0x6a553b02,0x6a00cb03,
		0x6a533c02,0x6a00cb03,0x6a513d02,0x6a00cb03,0x6a4f3e02,0x6a00cb03,0x6a4d3f02,0x6a00cb03,0x6a4bc002,0x6a00cb03,
		0x6a49c102,0x6a00cb03,0x6a47c202,0x6a00cb03,0x6a45c302,0x6a00cb03,0x6a43c402,0x6a00cb03,0x6a41c502,0x6a00cb03,
		0x6a3fc602,0x6a00cb03,0x6a3dc702,0x6a00cb03,0x6a3bc802,0x6a00cb03,0x6a39c902,0x6a00cb03,0x6a37ca02,0x6a00cb03,
		0x6a35cb02,0x6a00cb03,0x6a33cc02,0x6a00cb03,0x6a31cd02,0x6a00cb03,0x6a2fce02,0x6a00cb03,0x6a2dcf02,0x6a00cb03,
		0x6a2bd002,0x6a00cb03,0x6a29d102,0x6a00cb03,0x6a27d202,0x6a00cb03,0x6a25d302,0x6a00cb03,0x6a23d402,0x6a00cb03,
		0x6a21d502,0x6a00cb03,0x6a1fd602,0x6a00cb03,0x6a1dd702,0x6a00cb03,0x6a1bd802,0x6a00cb03,0x6a19d902,0x6a00cb03,
		0x6a17da02,0x6a00cb03,0x6a15db02,0x6a00cb03,0x6a13dc02,0x6a00cb03,0x6a11dd02,0x6a00cb03,0x6a0fde02,0x6a00cb03,
		0x6a0ddf02,0x6a00cb03,0x6a0be002,0x6a00cb03,0x6a09e102,0x6a00cb03,0x6a07e202,0x6a00cb03,0x6a05e302,0x6a00cb03,
		0x6a03e402,0x6a00cb03,0x6a01e502,0x6a00cb03,0x69ffe602,0x6a00cb03,0x69fde702,0x6a00cb03,0x69fbe802,0x6a00cb03,
		0x69f9e902,0x6a00cb03,0x69f7ea02,0x6a00cb03,0x69f5eb02,0x6a00cb03,0x69f3ec02,0x6a00cb03,0x69f1ed02,0x6a00cb03,
		0x69efee02,0x6a00cb03,0x69edef02,0x6a00cb03,0x69ebf002,0x6a00cb03,0x69e9f102,0x6a00cb03,0x69e7f202,0x6a00cb03,
		0x69e5f302,0x6a00cb03,0x69e3f402,0x6a00cb03,0x69e1f502,0x6a00cb03,0x69dff602,0x6a00cb03,0x69ddf702,0x6a00cb03,
		0x69dbf802,0x6a00cb03,0x69d9f902,0x6a00cb03,0x69d7fa02,0x6a00cb03,0x69d5fb02,0x6a00cb03,0x69d3fc02,0x6a00cb03,
		0x69d1fd02,0x6a00cb03,0x69cffe02,0x6a00cb03,0x69cdff02,0x6a00cb03,0x69970000,0x69960100,0x69950200,0x69940300,
		0x69930400,0x69920500,0x69910600,0x69900700,0x698f0800,0x698e0900,0x698d0a00,0x698c0b00,0x698b0c00,0x698a0d00,
		0x69890e00,0x69880f00,0x69871000,0x69861100,0x69851200,0x69841300,0x69831400,0x69821500,0x69811600,0x69801700,
		0x697f1800,0x697e1900,0x697d1a00,0x697c1b00,0x697b1c00,0x697a1d00,0x69791e00,0x69781f00,0x69772000,0x69762100,
		0x69752200,0x69742300,0x69732400,0x69722500,0x69712600,0x69702700,0x696f2800,0x696e2900,0x696d2a00,0x696c2b00,
		0x696b2c00,0x696a2d00,0x69692e00,0x69682f00,0x69673000,0x69663100,0x69653200,0x69643300,0x69633400,0x69623500,
		0x69613600,0x69603700,0x695f3800,0x695e3900,0x695d3a00,0x695c3b00,0x695b3c00,0x695a3d00,0x69593e00,0x69583f00,
		0x69574000,0x69564100,0x69554200,0x69544300,0x69534400,0x69524500,0x69514600,0x69504700,0x694f4800,0x694e4900,
		0x694d4a00,0x694c4b00,0x694b4c00,0x694a4d00,0x69494e00,0x69484f00,0x69475000,0x69465100,0x69455200,0x69445300,
		0x69435400,0x69425500,0x69415600,0x69405700,0x693f5800,0x693e5900,0x693d5a00,0x693c5b00,0x693b5c00,0x693a5d00,
		0x69395e00,0x69385f00,0x69376000,0x69366100,0x69356200,0x69346300,0x69336400,0x69326500,0x69316600,0x69306700,
		0x692f6800,0x692e6900,0x692d6a00,0x692c6b00,0x692b6c00,0x692a6d00,0x69296e00,0x69286f00,0x69277000,0x69267100,
		0x69257200,0x69247300,0x69237400,0x69227500,0x69217600,0x69207700,0x691f7800,0x691e7900,0x691d7a00,0x691c7b00,
		0x691b7c00,0x691a7d00,0x69197e00,0x69187f00,0x69178000,0x69168100,0x69158200,0x69148300,0x69138400,0x69128500,
		0x69118600,0x69108700,0x690f8800,0x690e8900,0x690d8a00,0x690c8b00,0x690b8c00,0x690a8d00,0x69098e00,0x69088f00,
		0x69079000,0x69069100,0x69059200,0x69049300,0x69039400,0x69029500,0x69019600,0x69009700,0x68ff9800,0x68fe9900,
		0x68fd9a00,0x68fc9b00,0x68fb9c00,0x68fa9d00,0x68f99e00,0x68f89f00,0x68f7a000,0x68f6a100,0x68f5a200,0x68f4a300,
		0x68f3a400,0x68f2a500,0x68f1a600,0x68f0a700,0x68efa800,0x68eea900,0x68edaa00,0x68ecab00,0x68ebac00,0x68eaad00,
		0x68e9ae00,0x68e8af00,0x68e7b000,0x68e6b100,0x68e5b200,0x68e4b300,0x68e3b400,0x68e2b500,0x68e1b600,0x68e0b700,
		0x68dfb800,0x68deb900,0x68ddba00,0x68dcbb00,0x68dbbc00,0x68dabd00,0x68d9be00,0x68d8bf00,0x68d7c000,0x68d6c100,
		0x68d5c200,0x68d4c300,0x68d3c400,0x68d2c500,0x68d1c600,0x68d0c700,0x68cfc800,0x68cec900,0x68cdca00,0x68cccb00,
		0x68cbcc00,0x68cacd00,0x68c9ce00,0x68c8cf00,0x68c7d000,0x68c6d100,0x68c5d200,0x68c4d300,0x68c3d400,0x68c2d500,
		0x68c1d600,0x68c0d700,0x68bfd800,0x68bed900,0x68bdda00,0x68bcdb00,0x68bbdc00,0x68badd00,0x68b9de00,0x68b8df00,
		0x68b7e000,0x68b6e100,0x68b5e200,0x68b4e300,0x68b3e400,0x68b2e500,0x68b1e600,0x68b0e700,0x68afe800,0x68aee900,
		0x68adea00,0x68aceb00,0x68abec00,0x68aaed00,0x68a9ee00,0x68a8ef00,0x68a7f000,0x68a6f100,0x68a5f200,0x68a4f300,
		0x68a3f400,0x68a2f500,0x68a1f600,0x68a0f700,0x689ff800,0x689ef900,0x689dfa00,0x689cfb00,0x689bfc00,0x689afd00,
		0x6899fe00,0x6898ff00,0x68f30006,0x6800cc07,0x67ffe607,0x6800cc07,0x67fdf307,0x6800cc07,0x67fde607,0x6800cc07,
		0x68eb0106,0x6800cc07,0x67fbe607,0x6800cc07,0x67f7f307,0x6800cc07,0x67f9e607,0x6800cc07,0x68e30206,0x6800cc07,
		0x67f7e607,0x6800cc07,0x67f1f307,0x6800cc07,0x67f5e607,0x6800cc07,0x68db0306,0x6800cc07,0x67f3e607,0x6800cc07,
		0x67ebf307,0x6800cc07,0x67f1e607,0x6800cc07,0x68d30406,0x6800cc07,0x67efe607,0x6800cc07,0x67e5f307,0x6800cc07,
		0x67ede607,0x6800cc07,0x68cb0506,0x6800cc07,0x67ebe607,0x6800cc07,0x67dff307,0x6800cc07,0x67e9e607,0x6800cc07,
		0x68c30606,0x6800cc07,0x67e7e607,0x6800cc07,0x67d9f307,0x6800cc07,0x67e5e607,0x6800cc07,0x68bb0706,0x6800cc07,
		0x67e3e607,0x6800cc07,0x67d3f307,0x6800cc07,0x67e1e607,0x6800cc07,0x68b30806,0x6800cc07,0x67dfe607,0x6800cc07,
		0x67cdf307,0x6800cc07,0x67dde607,0x6800cc07,0x68ab0906,0x6800cc07,0x67dbe607,0x6800cc07,0x67c7f307,0x6800cc07,
		0x67d9e607,0x6800cc07,0x68a30a06,0x6800cc07,0x67d7e607,0x6800cc07,0x67c1f307,0x6800cc07,0x67d5e607,0x6800cc07,
		0x689b0b06,0x6800cc07,0x67d3e607,0x6800cc07,0x67bbf307,0x6800cc07,0x67d1e607,0x6800cc07,0x68930c06,0x6800cc07,
		0x67cfe607,0x6800cc07,0x67b5f307,0x6800cc07,0x67cde607,0x6800cc07,0x688b0d06,0x6800cc07,0x67cbe607,0x6800cc07,
		0x67aff307,0x6800cc07,0x67c9e607,0x6800cc07,0x68830e06,0x6800cc07,0x67c7e607,0x6800cc07,0x67a9f307,0x6800cc07,
		0x67c5e607,0x6800cc07,0x687b0f06,0x6800cc07,0x67c3e607,0x6800cc07,0x67a3f307,0x6800cc07,0x67c1e607,0x6800cc07,
		0x6873f006,0x6800cc07,0x683fe607,0x6800cc07,0x685df307,0x6800cc07,0x683de607,0x6800cc07,0x686bf106,0x6800cc07,
		0x683be607,0x6800cc07,0x6857f307,0x6800cc07,0x6839e607,0x6800cc07,0x6863f206,0x6800cc07,0x6837e607,0x6800cc07,
		0x6851f307,0x6800cc07,0x6835e607,0x6800cc07,0x685bf306,0x6800cc07,0x6833e607,0x6800cc07,0x684bf307,0x6800cc07,
		0x6831e607,0x6800cc07,0x6853f406,0x6800cc07,0x682fe607,0x6800cc07,0x6845f307,0x6800cc07,0x682de607,0x6800cc07,
		0x684bf506,0x6800cc07,0x682be607,0x6800cc07,0x683ff307,0x6800cc07,0x6829e607,0x6800cc07,0x6843f606,0x6800cc07,
		0x6827e607,0x6800cc07,0x6839f307,0x6800cc07,0x6825e607,0x6800cc07,0x683bf706,0x6800cc07,0x6823e607,0x6800cc07,
		0x6833f307,0x6800cc07,0x6821e607,0x6800cc07,0x6833f806,0x6800cc07,0x681fe607,0x6800cc07,0x682df307,0x6800cc07,
		0x681de607,0x6800cc07,0x682bf906,0x6800cc07,0x681be607,0x6800cc07,0x6827f307,0x6800cc07,0x6819e607,0x6800cc07,
		0x6823fa06,0x6800cc07,0x6817e607,0x6800cc07,0x6821f307,0x6800cc07,0x6815e607,0x6800cc07,0x681bfb06,0x6800cc07,
		0x6813e607,0x6800cc07,0x681bf307,0x6800cc07,0x6811e607,0x6800cc07,0x6813fc06,0x6800cc07,0x680fe607,0x6800cc07,
		0x6815f307,0x6800cc07,0x680de607,0x6800cc07,0x680bfd06,0x6800cc07,0x680be607,0x6800cc07,0x680ff307,0x6800cc07,
		0x6809e607,0x6800cc07,0x6803fe06,0x6800cc07,0x6807e607,0x6800cc07,0x6809f307,0x6800cc07,0x6805e607,0x6800cc07,
		0x67fbff06,0x6800cc07,0x6803e607,0x6800cc07,0x6803f307,0x6800cc07,0x6801e607,0x6800cc07,0x67990000,0x67980100,
		0x67970200,0x67960300,0x67950400,0x67940500,0x67930600,0x67920700,0x67910800,0x67900900,0x678f0a00,0x678e0b00,
		0x678d0c00,0x678c0d00,0x678b0e00,0x678a0f00,0x67891000,0x67881100,0x67871200,0x67861300,0x67851400,0x67841500,
		0x67831600,0x67821700,0x67811800,0x67801900,0x677f1a00,0x677e1b00,0x677d1c00,0x677c1d00,0x677b1e00,0x677a1f00,
		0x67792000,0x67782100,0x67772200,0x67762300,0x67752400,0x67742500,0x67732600,0x67722700,0x67712800,0x67702900,
		0x676f2a00,0x676e2b00,0x676d2c00,0x676c2d00,0x676b2e00,0x676a2f00,0x67693000,0x67683100,0x67673200,0x67663300,
		0x67653400,0x67643500,0x67633600,0x67623700,0x67613800,0x67603900,0x675f3a00,0x675e3b00,0x675d3c00,0x675c3d00,
		0x675b3e00,0x675a3f00,0x67594000,0x67584100,0x67574200,0x67564300,0x67554400,0x67544500,0x67534600,0x67524700,
		0x67514800,0x67504900,0x674f4a00,0x674e4b00,0x674d4c00,0x674c4d00,0x674b4e00,0x674a4f00,0x67495000,0x67485100,
		0x67475200,0x67465300,0x67455400,0x67445500,0x67435600,0x67425700,0x67415800,0x67405900,0x673f5a00,0x673e5b00,
		0x673d5c00,0x673c5d00,0x673b5e00,0x673a5f00,0x67396000,0x67386100,0x67376200,0x67366300,0x67356400,0x67346500,
		0x67336600,0x67326700,0x67316800,0x67306900,0x672f6a00,0x672e6b00,0x672d6c00,0x672c6d00,0x672b6e00,0x672a6f00,
		0x67297000,0x67287100,0x67277200,0x67267300,0x67257400,0x67247500,0x67237600,0x67227700,0x67217800,0x67207900,
		0x671f7a00,0x671e7b00,0x671d7c00,0x671c7d00,0x671b7e00,0x671a7f00,0x67198000,0x67188100,0x67178200,0x67168300,
		0x67158400,0x67148500,0x67138600,0x67128700,0x67118800,0x67108900,0x670f8a00,0x670e8b00,0x670d8c00,0x670c8d00,
		0x670b8e00,0x670a8f00,0x67099000,0x67089100,0x67079200,0x67069300,0x67059400,0x67049500,0x67039600,0x67029700,
		0x67019800,0x67009900,0x66ff9a00,0x66fe9b00,0x66fd9c00,0x66fc9d00,0x66fb9e00,0x66fa9f00,0x66f9a000,0x66f8a100,
		0x66f7a200,0x66f6a300,0x66f5a400,0x66f4a500,0x66f3a600,0x66f2a700,0x66f1a800,0x66f0a900,0x66efaa00,0x66eeab00,
		0x66edac00,0x66ecad00,0x66ebae00,0x66eaaf00,0x66e9b000,0x66e8b100,0x66e7b200,0x66e6b300,0x66e5b400,0x66e4b500,
		0x66e3b600,0x66e2b700,0x66e1b800,0x66e0b900,0x66dfba00,0x66debb00,0x66ddbc00,0x66dcbd00,0x66dbbe00,0x66dabf00,
		0x66d9c000,0x66d8c100,0x66d7c200,0x66d6c300,0x66d5c400,0x66d4c500,0x66d3c600,0x66d2c700,0x66d1c800,0x66d0c900,
		0x66cfca00,0x66cecb00,0x66cdcc00,0x66cccd00,0x66cbce00,0x66cacf00,0x66c9d000,0x66c8d100,0x66c7d200,0x66c6d300,
		0x66c5d400,0x66c4d500,0x66c3d600,0x66c2d700,0x66c1d800,0x66c0d900,0x66bfda00,0x66bedb00,0x66bddc00,0x66bcdd00,
		0x66bbde00,0x66badf00,0x66b9e000,0x66b8e100,0x66b7e200,0x66b6e300,0x66b5e400,0x66b4e500,0x66b3e600,0x66b2e700,
		0x66b1e800,0x66b0e900,0x66afea00,0x66aeeb00,0x66adec00,0x66aced00,0x66abee00,0x66aaef00,0x66a9f000,0x66a8f100,
		0x66a7f200,0x66a6f300,0x66a5f400,0x66a4f500,0x66a3f600,0x66a2f700,0x66a1f800,0x66a0f900,0x669ffa00,0x669efb00,
		0x669dfc00,0x669cfd00,0x669bfe00,0x669aff00,0x66cd0002,0x6600cd03,0x66cb0102,0x6600cd03,0x66c90202,0x6600cd03,
		0x66c70302,0x6600cd03,0x66c50402,0x6600cd03,0x66c30502,0x6600cd03,0x66c10602,0x6600cd03,0x66bf0702,0x6600cd03,
		0x66bd0802,0x6600cd03,0x66bb0902,0x6600cd03,0x66b90a02,0x6600cd03,0x66b70b02,0x6600cd03,0x66b50c02,0x6600cd03,
		0x66b30d02,0x6600cd03,0x66b10e02,0x6600cd03,0x66af0f02,0x6600cd03,0x66ad1002,0x6600cd03,0x66ab1102,0x6600cd03,
		0x66a91202,0x6600cd03,0x66a71302,0x6600cd03,0x66a51402,0x6600cd03,0x66a31502,0x6600cd03,0x66a11602,0x6600cd03,
		0x669f1702,0x6600cd03,0x669d1802,0x6600cd03,0x669b1902,0x6600cd03,0x66991a02,0x6600cd03,0x66971b02,0x6600cd03,
		0x66951c02,0x6600cd03,0x66931d02,0x6600cd03,0x66911e02,0x6600cd03,0x668f1f02,0x6600cd03,0x668d2002,0x6600cd03,
		0x668b2102,0x6600cd03,0x66892202,0x6600cd03,0x66872302,0x6600cd03,0x66852402,0x6600cd03,0x66832502,0x6600cd03,
		0x66812602,0x6600cd03,0x667f2702,0x6600cd03,0x667d2802,0x6600cd03,0x667b2902,0x6600cd03,0x66792a02,0x6600cd03,
		0x66772b02,0x6600cd03,0x66752c02,0x6600cd03,0x66732d02,0x6600cd03,0x66712e02,0x6600cd03,0x666f2f02,0x6600cd03,
		0x666d3002,0x6600cd03,0x666b3102,0x6600cd03,0x66693202,0x6600cd03,0x66673302,0x6600cd03,0x66653402,0x6600cd03,
		0x66633502,0x6600cd03,0x66613602,0x6600cd03,0x665f3702,0x6600cd03,0x665d3802,0x6600cd03,0x665b3902,0x6600cd03,
		0x66593a02,0x6600cd03,0x66573b02,0x6600cd03,0x66553c02,0x6600cd03,0x66533d02,0x6600cd03,0x66513e02,0x6600cd03,
		0x664f3f02,0x6600cd03,0x664dc002,0x6600cd03,0x664bc102,0x6600cd03,0x6649c202,0x6600cd03,0x6647c302,0x6600cd03,
		0x6645c402,0x6600cd03,0x6643c502,0x6600cd03,0x6641c602,0x6600cd03,0x663fc702,0x6600cd03,0x663dc802,0x6600cd03,
		0x663bc902,0x6600cd03,0x6639ca02,0x6600cd03,0x6637cb02,0x6600cd03,0x6635cc02,0x6600cd03,0x6633cd02,0x6600cd03,
		0x6631ce02,0x6600cd03,0x662fcf02,0x6600cd03,0x662dd002,0x6600cd03,0x662bd102,0x6600cd03,0x6629d202,0x6600cd03,
		0x6627d302,0x6600cd03,0x6625d402,0x6600cd03,0x6623d502,0x6600cd03,0x6621d602,0x6600cd03,0x661fd702,0x6600cd03,
		0x661dd802,0x6600cd03,0x661bd902,0x6600cd03,0x6619da02,0x6600cd03,0x6617db02,0x6600cd03,0x6615dc02,0x6600cd03,
		0x6613dd02,0x6600cd03,0x6611de02,0x6600cd03,0x660fdf02,0x6600cd03,0x660de002,0x6600cd03,0x660be102,0x6600cd03,
		0x6609e202,0x6600cd03,0x6607e302,0x6600cd03,0x6605e402,0x6600cd03,0x6603e502,0x6600cd03,0x6601e602,0x6600cd03,
		0x65ffe702,0x6600cd03,0x65fde802,0x6600cd03,0x65fbe902,0x6600cd03,0x65f9ea02,0x6600cd03,0x65f7eb02,0x6600cd03,
		0x65f5ec02,0x6600cd03,0x65f3ed02,0x6600cd03,0x65f1ee02,0x6600cd03,0x65efef02,0x6600cd03,0x65edf002,0x6600cd03,
		0x65ebf102,0x6600cd03,0x65e9f202,0x6600cd03,0x65e7f302,0x6600cd03,0x65e5f402,0x6600cd03,0x65e3f502,0x6600cd03,
		0x65e1f602,0x6600cd03,0x65dff702,0x6600cd03,0x65ddf802,0x6600cd03,0x65dbf902,0x6600cd03,0x65d9fa02,0x6600cd03,
		0x65d7fb02,0x6600cd03,0x65d5fc02,0x6600cd03,0x65d3fd02,0x6600cd03,0x65d1fe02,0x6600cd03,0x65cfff02,0x6600cd03,
		0x659b0000,0x659a0100,0x65990200,0x65980300,0x65970400,0x65960500,0x65950600,0x65940700,0x65930800,0x65920900,
		0x65910a00,0x65900b00,0x658f0c00,0x658e0d00,0x658d0e00,0x658c0f00,0x658b1000,0x658a1100,0x65891200,0x65881300,
		0x65871400,0x65861500,0x65851600,0x65841700,0x65831800,0x65821900,0x65811a00,0x65801b00,0x657f1c00,0x657e1d00,
		0x657d1e00,0x657c1f00,0x657b2000,0x657a2100,0x65792200,0x65782300,0x65772400,0x65762500,0x65752600,0x65742700,
		0x65732800,0x65722900,0x65712a00,0x65702b00,0x656f2c00,0x656e2d00,0x656d2e00,0x656c2f00,0x656b3000,0x656a3100,
		0x65693200,0x65683300,0x65673400,0x65663500,0x65653600,0x65643700,0x65633800,0x65623900,0x65613a00,0x65603b00,
		0x655f3c00,0x655e3d00,0x655d3e00,0x655c3f00,0x655b4000,0x655a4100,0x65594200,0x65584300,0x65574400,0x65564500,
		0x65554600,0x65544700,0x65534800,0x65524900,0x65514a00,0x65504b00,0x654f4c00,0x654e4d00,0x654d4e00,0x654c4f00,
		0x654b5000,0x654a5100,0x65495200,0x65485300,0x65475400,0x65465500,0x65455600,0x65445700,0x65435800,0x65425900,
		0x65415a00,0x65405b00,0x653f5c00,0x653e5d00,0x653d5e00,0x653c5f00,0x653b6000,0x653a6100,0x65396200,0x65386300,
		0x65376400,0x65366500,0x65356600,0x65346700,0x65336800,0x65326900,0x65316a00,0x65306b00,0x652f6c00,0x652e6d00,
		0x652d6e00,0x652c6f00,0x652b7000,0x652a7100,0x65297200,0x65287300,0x65277400,0x65267500,0x65257600,0x65247700,
		0x65237800,0x65227900,0x65217a00,0x65207b00,0x651f7c00,0x651e7d00,0x651d7e00,0x651c7f00,0x651b8000,0x651a8100,
		0x65198200,0x65188300,0x65178400,0x65168500,0x65158600,0x65148700,0x65138800,0x65128900,0x65118a00,0x65108b00,
		0x650f8c00,0x650e8d00,0x650d8e00,0x650c8f00,0x650b9000,0x650a9100,0x65099200,0x65089300,0x65079400,0x65069500,
		0x65059600,0x65049700,0x65039800,0x65029900,0x65019a00,0x65009b00,0x64ff9c00,0x64fe9d00,0x64fd9e00,0x64fc9f00,
		0x64fba000,0x64faa100,0x64f9a200,0x64f8a300,0x64f7a400,0x64f6a500,0x64f5a600,0x64f4a700,0x64f3a800,0x64f2a900,
		0x64f1aa00,0x64f0ab00,0x64efac00,0x64eead00,0x64edae00,0x64ecaf00,0x64ebb000,0x64eab100,0x64e9b200,0x64e8b300,
		0x64e7b400,0x64e6b500,0x64e5b600,0x64e4b700,0x64e3b800,0x64e2b900,0x64e1ba00,0x64e0bb00,0x64dfbc00,0x64debd00,
		0x64ddbe00,0x64dcbf00,0x64dbc000,0x64dac100,0x64d9c200,0x64d8c300,0x64d7c400,0x64d6c500,0x64d5c600,0x64d4c700,
		0x64d3c800,0x64d2c900,0x64d1ca00,0x64d0cb00,0x64cfcc00,0x64cecd00,0x64cdce00,0x64cccf00,0x64cbd000,0x64cad100,
		0x64c9d200,0x64c8d300,0x64c7d400,0x64c6d500,0x64c5d600,0x64c4d700,0x64c3d800,0x64c2d900,0x64c1da00,0x64c0db00,
		0x64bfdc00,0x64bedd00,0x64bdde00,0x64bcdf00,0x64bbe000,0x64bae100,0x64b9e200,0x64b8e300,0x64b7e400,0x64b6e500,
		0x64b5e600,0x64b4e700,0x64b3e800,0x64b2e900,0x64b1ea00,0x64b0eb00,0x64afec00,0x64aeed00,0x64adee00,0x64acef00,
		0x64abf000,0x64aaf100,0x64a9f200,0x64a8f300,0x64a7f400,0x64a6f500,0x64a5f600,0x64a4f700,0x64a3f800,0x64a2f900,
		0x64a1fa00,0x64a0fb00,0x649ffc00,0x649efd00,0x649dfe00,0x649cff00,0x64e70004,0x6400ce05,0x63ffe705,0x6400ce05,
		0x64e30104,0x6400ce05,0x63fde705,0x6400ce05,0x64df0204,0x6400ce05,0x63fbe705,0x6400ce05,0x64db0304,0x6400ce05,
		0x63f9e705,0x6400ce05,0x64d70404,0x6400ce05,0x63f7e705,0x6400ce05,0x64d30504,0x6400ce05,0x63f5e705,0x6400ce05,
		0x64cf0604,0x6400ce05,0x63f3e705,0x6400ce05,0x64cb0704,0x6400ce05,0x63f1e705,0x6400ce05,0x64c70804,0x6400ce05,
		0x63efe705,0x6400ce05,0x64c30904,0x6400ce05,0x63ede705,0x6400ce05,0x64bf0a04,0x6400ce05,0x63ebe705,0x6400ce05,
		0x64bb0b04,0x6400ce05,0x63e9e705,0x6400ce05,0x64b70c04,0x6400ce05,0x63e7e705,0x6400ce05,0x64b30d04,0x6400ce05,
		0x63e5e705,0x6400ce05,0x64af0e04,0x6400ce05,0x63e3e705,0x6400ce05,0x64ab0f04,0x6400ce05,0x63e1e705,0x6400ce05,
		0x64a71004,0x6400ce05,0x63dfe705,0x6400ce05,0x64a31104,0x6400ce05,0x63dde705,0x6400ce05,0x649f1204,0x6400ce05,
		0x63dbe705,0x6400ce05,0x649b1304,0x6400ce05,0x63d9e705,0x6400ce05,0x64971404,0x6400ce05,0x63d7e705,0x6400ce05,
		0x64931504,0x6400ce05,0x63d5e705,0x6400ce05,0x648f1604,0x6400ce05,0x63d3e705,0x6400ce05,0x648b1704,0x6400ce05,
		0x63d1e705,0x6400ce05,0x64871804,0x6400ce05,0x63cfe705,0x6400ce05,0x64831904,0x6400ce05,0x63cde705,0x6400ce05,
		0x647f1a04,0x6400ce05,0x63cbe705,0x6400ce05,0x647b1b04,0x6400ce05,0x63c9e705,0x6400ce05,0x64771c04,0x6400ce05,
		0x63c7e705,0x6400ce05,0x64731d04,0x6400ce05,0x63c5e705,0x6400ce05,0x646f1e04,0x6400ce05,0x63c3e705,0x6400ce05,
		0x646b1f04,0x6400ce05,0x63c1e705,0x6400ce05,0x6467e004,0x6400ce05,0x643fe705,0x6400ce05,0x6463e104,0x6400ce05,
		0x643de705,0x6400ce05,0x645fe204,0x6400ce05,0x643be705,0x6400ce05,0x645be304,0x6400ce05,0x6439e705,0x6400ce05,
		0x6457e404,0x6400ce05,0x6437e705,0x6400ce05,0x6453e504,0x6400ce05,0x6435e705,0x6400ce05,0x644fe604,0x6400ce05,
		0x6433e705,0x6400ce05,0x644be704,0x6400ce05,0x6431e705,0x6400ce05,0x6447e804,0x6400ce05,0x642fe705,0x6400ce05,
		0x6443e904,0x6400ce05,0x642de705,0x6400ce05,0x643fea04,0x6400ce05,0x642be705,0x6400ce05,0x643beb04,0x6400ce05,
		0x6429e705,0x6400ce05,0x6437ec04,0x6400ce05,0x6427e705,0x6400ce05,0x6433ed04,0x6400ce05,0x6425e705,0x6400ce05,
		0x642fee04,0x6400ce05,0x6423e705,0x6400ce05,0x642bef04,0x6400ce05,0x6421e705,0x6400ce05,0x6427f004,0x6400ce05,
		0x641fe705,0x6400ce05,0x6423f104,0x6400ce05,0x641de705,0x6400ce05,0x641ff204,0x6400ce05,0x641be705,0x6400ce05,
		0x641bf304,0x6400ce05,0x6419e705,0x6400ce05,0x6417f404,0x6400ce05,0x6417e705,0x6400ce05,0x6413f504,0x6400ce05,
		0x6415e705,0x6400ce05,0x640ff604,0x6400ce05,0x6413e705,0x6400ce05,0x640bf704,0x6400ce05,0x6411e705,0x6400ce05,
		0x6407f804,0x6400ce05,0x640fe705,0x6400ce05,0x6403f904,0x6400ce05,0x640de705,0x6400ce05,0x63fffa04,0x6400ce05,
		0x640be705,0x6400ce05,0x63fbfb04,0x6400ce05,0x6409e705,0x6400ce05,0x63f7fc04,0x6400ce05,0x6407e705,0x6400ce05,
		0x63f3fd04,0x6400ce05,0x6405e705,0x6400ce05,0x63effe04,0x6400ce05,0x6403e705,0x6400ce05,0x63ebff04,0x6400ce05,
		0x6401e705,0x6400ce05,0x639d0000,0x639c0100,0x639b0200,0x639a0300,0x63990400,0x63980500,0x63970600,0x63960700,
		0x63950800,0x63940900,0x63930a00,0x63920b00,0x63910c00,0x63900d00,0x638f0e00,0x638e0f00,0x638d1000,0x638c1100,
		0x638b1200,0x638a1300,0x63891400,0x63881500,0x63871600,0x63861700,0x63851800,0x63841900,0x63831a00,0x63821b00,
		0x63811c00,0x63801d00,0x637f1e00,0x637e1f00,0x637d2000,0x637c2100,0x637b2200,0x637a2300,0x63792400,0x63782500,
		0x63772600,0x63762700,0x63752800,0x63742900,0x63732a00,0x63722b00,0x63712c00,0x63702d00,0x636f2e00,0x636e2f00,
		0x636d3000,0x636c3100,0x636b3200,0x636a3300,0x63693400,0x63683500,0x63673600,0x63663700,0x63653800,0x63643900,
		0x63633a00,0x63623b00,0x63613c00,0x63603d00,0x635f3e00,0x635e3f00,0x635d4000,0x635c4100,0x635b4200,0x635a4300,
		0x63594400,0x63584500,0x63574600,0x63564700,0x63554800,0x63544900,0x63534a00,0x63524b00,0x63514c00,0x63504d00,
		0x634f4e00,0x634e4f00,0x634d5000,0x634c5100,0x634b5200,0x634a5300,0x63495400,0x63485500,0x63475600,0x63465700,
		0x63455800,0x63445900,0x63435a00,0x63425b00,0x63415c00,0x63405d00,0x633f5e00,0x633e5f00,0x633d6000,0x633c6100,
		0x633b6200,0x633a6300,0x63396400,0x63386500,0x63376600,0x63366700,0x63356800,0x63346900,0x63336a00,0x63326b00,
		0x63316c00,0x63306d00,0x632f6e00,0x632e6f00,0x632d7000,0x632c7100,0x632b7200,0x632a7300,0x63297400,0x63287500,
		0x63277600,0x63267700,0x63257800,0x63247900,0x63237a00,0x63227b00,0x63217c00,0x63207d00,0x631f7e00,0x631e7f00,
		0x631d8000,0x631c8100,0x631b8200,0x631a8300,0x63198400,0x63188500,0x63178600,0x63168700,0x63158800,0x63148900,
		0x63138a00,0x63128b00,0x63118c00,0x63108d00,0x630f8e00,0x630e8f00,0x630d9000,0x630c9100,0x630b9200,0x630a9300,
		0x63099400,0x63089500,0x63079600,0x63069700,0x63059800,0x63049900,0x63039a00,0x63029b00,0x63019c00,0x63009d00,
		0x62ff9e00,0x62fe9f00,0x62fda000,0x62fca100,0x62fba200,0x62faa300,0x62f9a400,0x62f8a500,0x62f7a600,0x62f6a700,
		0x62f5a800,0x62f4a900,0x62f3aa00,0x62f2ab00,0x62f1ac00,0x62f0ad00,0x62efae00,0x62eeaf00,0x62edb000,0x62ecb100,
		0x62ebb200,0x62eab300,0x62e9b400,0x62e8b500,0x62e7b600,0x62e6b700,0x62e5b800,0x62e4b900,0x62e3ba00,0x62e2bb00,
		0x62e1bc00,0x62e0bd00,0x62dfbe00,0x62debf00,0x62ddc000,0x62dcc100,0x62dbc200,0x62dac300,0x62d9c400,0x62d8c500,
		0x62d7c600,0x62d6c700,0x62d5c800,0x62d4c900,0x62d3ca00,0x62d2cb00,0x62d1cc00,0x62d0cd00,0x62cfce00,0x62cecf00,
		0x62cdd000,0x62ccd100,0x62cbd200,0x62cad300,0x62c9d400,0x62c8d500,0x62c7d600,0x62c6d700,0x62c5d800,0x62c4d900,
		0x62c3da00,0x62c2db00,0x62c1dc00,0x62c0dd00,0x62bfde00,0x62bedf00,0x62bde000,0x62bce100,0x62bbe200,0x62bae300,
		0x62b9e400,0x62b8e500,0x62b7e600,0x62b6e700,0x62b5e800,0x62b4e900,0x62b3ea00,0x62b2eb00,0x62b1ec00,0x62b0ed00,
		0x62afee00,0x62aeef00,0x62adf000,0x62acf100,0x62abf200,0x62aaf300,0x62a9f400,0x62a8f500,0x62a7f600,0x62a6f700,
		0x62a5f800,0x62a4f900,0x62a3fa00,0x62a2fb00,0x62a1fc00,0x62a0fd00,0x629ffe00,0x629eff00,0x62cf0002,0x6200cf03,
		0x62cd0102,0x6200cf03,0x62cb0202,0x6200cf03,0x62c90302,0x6200cf03,0x62c70402,0x6200cf03,0x62c50502,0x6200cf03,
		0x62c30602,0x6200cf03,0x62c10702,0x6200cf03,0x62bf0802,0x6200cf03,0x62bd0902,0x6200cf03,0x62bb0a02,0x6200cf03,
		0x62b90b02,0x6200cf03,0x62b70c02,0x6200cf03,0x62b50d02,0x6200cf03,0x62b30e02,0x6200cf03,0x62b10f02,0x6200cf03,
		0x62af1002,0x6200cf03,0x62ad1102,0x6200cf03,0x62ab1202,0x6200cf03,0x62a91302,0x6200cf03,0x62a71402,0x6200cf03,
		0x62a51502,0x6200cf03,0x62a31602,0x6200cf03,0x62a11702,0x6200cf03,0x629f1802,0x6200cf03,0x629d1902,0x6200cf03,
		0x629b1a02,0x6200cf03,0x62991b02,0x6200cf03,0x62971c02,0x6200cf03,0x62951d02,0x6200cf03,0x62931e02,0x6200cf03,
		0x62911f02,0x6200cf03,0x628f2002,0x6200cf03,0x628d2102,0x6200cf03,0x628b2202,0x6200cf03,0x62892302,0x6200cf03,
		0x62872402,0x6200cf03,0x62852502,0x6200cf03,0x62832602,0x6200cf03,0x62812702,0x6200cf03,0x627f2802,0x6200cf03,
		0x627d2902,0x6200cf03,0x627b2a02,0x6200cf03,0x62792b02,0x6200cf03,0x62772c02,0x6200cf03,0x62752d02,0x6200cf03,
		0x62732e02,0x6200cf03,0x62712f02,0x6200cf03,0x626f3002,0x6200cf03,0x626d3102,0x6200cf03,0x626b3202,0x6200cf03,
		0x62693302,0x6200cf03,0x62673402,0x6200cf03,0x62653502,0x6200cf03,0x62633602,0x6200cf03,0x62613702,0x6200cf03,
		0x625f3802,0x6200cf03,0x625d3902,0x6200cf03,0x625b3a02,0x6200cf03,0x62593b02,0x6200cf03,0x62573c02,0x6200cf03,
		0x62553d02,0x6200cf03,0x62533e02,0x6200cf03,0x62513f02,0x6200cf03,0x624fc002,0x6200cf03,0x624dc102,0x6200cf03,
		0x624bc202,0x6200cf03,0x6249c302,0x6200cf03,0x6247c402,0x6200cf03,0x6245c502,0x6200cf03,0x6243c602,0x6200cf03,
		0x6241c702,0x6200cf03,0x623fc802,0x6200cf03,0x623dc902,0x6200cf03,0x623bca02,0x6200cf03,0x6239cb02,0x6200cf03,
		0x6237cc02,0x6200cf03,0x6235cd02,0x6200cf03,0x6233ce02,0x6200cf03,0x6231cf02,0x6200cf03,0x622fd002,0x6200cf03,
		0x622dd102,0x6200cf03,0x622bd202,0x6200cf03,0x6229d302,0x6200cf03,0x6227d402,0x6200cf03,0x6225d502,0x6200cf03,
		0x6223d602,0x6200cf03,0x6221d702,0x6200cf03,0x621fd802,0x6200cf03,0x621dd902,0x6200cf03,0x621bda02,0x6200cf03,
		0x6219db02,0x6200cf03,0x6217dc02,0x6200cf03,0x6215dd02,0x6200cf03,0x6213de02,0x6200cf03,0x6211df02,0x6200cf03,
		0x620fe002,0x6200cf03,0x620de102,0x6200cf03,0x620be202,0x6200cf03,0x6209e302,0x6200cf03,0x6207e402,0x6200cf03,
		0x6205e502,0x6200cf03,0x6203e602,0x6200cf03,0x6201e702,0x6200cf03,0x61ffe802,0x6200cf03,0x61fde902,0x6200cf03,
		0x61fbea02,0x6200cf03,0x61f9eb02,0x6200cf03,0x61f7ec02,0x6200cf03,0x61f5ed02,0x6200cf03,0x61f3ee02,0x6200cf03,
		0x61f1ef02,0x6200cf03,0x61eff002,0x6200cf03,0x61edf102,0x6200cf03,0x61ebf202,0x6200cf03,0x61e9f302,0x6200cf03,
		0x61e7f402,0x6200cf03,0x61e5f502,0x6200cf03,0x61e3f602,0x6200cf03,0x61e1f702,0x6200cf03,0x61dff802,0x6200cf03,
		0x61ddf902,0x6200cf03,0x61dbfa02,0x6200cf03,0x61d9fb02,0x6200cf03,0x61d7fc02,0x6200cf03,0x61d5fd02,0x6200cf03,
		0x61d3fe02,0x6200cf03,0x61d1ff02,0x6200cf03,0x619f0000,0x619e0100,0x619d0200,0x619c0300,0x619b0400,0x619a0500,
		0x61990600,0x61980700,0x61970800,0x61960900,0x61950a00,0x61940b00,0x61930c00,0x61920d00,0x61910e00,0x61900f00,
		0x618f1000,0x618e1100,0x618d1200,0x618c1300,0x618b1400,0x618a1500,0x61891600,0x61881700,0x61871800,0x61861900,
		0x61851a00,0x61841b00,0x61831c00,0x61821d00,0x61811e00,0x61801f00,0x617f2000,0x617e2100,0x617d2200,0x617c2300,
		0x617b2400,0x617a2500,0x61792600,0x61782700,0x61772800,0x61762900,0x61752a00,0x61742b00,0x61732c00,0x61722d00,
		0x61712e00,0x61702f00,0x616f3000,0x616e3100,0x616d3200,0x616c3300,0x616b3400,0x616a3500,0x61693600,0x61683700,
		0x61673800,0x61663900,0x61653a00,0x61643b00,0x61633c00,0x61623d00,0x61613e00,0x61603f00,0x615f4000,0x615e4100,
		0x615d4200,0x615c4300,0x615b4400,0x615a4500,0x61594600,0x61584700,0x61574800,0x61564900,0x61554a00,0x61544b00,
		0x61534c00,0x61524d00,0x61514e00,0x61504f00,0x614f5000,0x614e5100,0x614d5200,0x614c5300,0x614b5400,0x614a5500,
		0x61495600,0x61485700,0x61475800,0x61465900,0x61455a00,0x61445b00,0x61435c00,0x61425d00,0x61415e00,0x61405f00,
		0x613f6000,0x613e6100,0x613d6200,0x613c6300,0x613b6400,0x613a6500,0x61396600,0x61386700,0x61376800,0x61366900,
		0x61356a00,0x61346b00,0x61336c00,0x61326d00,0x61316e00,0x61306f00,0x612f7000,0x612e7100,0x612d7200,0x612c7300,
		0x612b7400,0x612a7500,0x61297600,0x61287700,0x61277800,0x61267900,0x61257a00,0x61247b00,0x61237c00,0x61227d00,
		0x61217e00,0x61207f00,0x611f8000,0x611e8100,0x611d8200,0x611c8300,0x611b8400,0x611a8500,0x61198600,0x61188700,
		0x61178800,0x61168900,0x61158a00,0x61148b00,0x61138c00,0x61128d00,0x61118e00,0x61108f00,0x610f9000,0x610e9100,
		0x610d9200,0x610c9300,0x610b9400,0x610a9500,0x61099600,0x61089700,0x61079800,0x61069900,0x61059a00,0x61049b00,
		0x61039c00,0x61029d00,0x61019e00,0x61009f00,0x60ffa000,0x60fea100,0x60fda200,0x60fca300,0x60fba400,0x60faa500,
		0x60f9a600,0x60f8a700,0x60f7a800,0x60f6a900,0x60f5aa00,0x60f4ab00,0x60f3ac00,0x60f2ad00,0x60f1ae00,0x60f0af00,
		0x60efb000,0x60eeb100,0x60edb200,0x60ecb300,0x60ebb400,0x60eab500,0x60e9b600,0x60e8b700,0x60e7b800,0x60e6b900,
		0x60e5ba00,0x60e4bb00,0x60e3bc00,0x60e2bd00,0x60e1be00,0x60e0bf00,0x60dfc000,0x60dec100,0x60ddc200,0x60dcc300,
		0x60dbc400,0x60dac500,0x60d9c600,0x60d8c700,0x60d7c800,0x60d6c900,0x60d5ca00,0x60d4cb00,0x60d3cc00,0x60d2cd00,
		0x60d1ce00,0x60d0cf00,0x60cfd000,0x60ced100,0x60cdd200,0x60ccd300,0x60cbd400,0x60cad500,0x60c9d600,0x60c8d700,
		0x60c7d800,0x60c6d900,0x60c5da00,0x60c4db00,0x60c3dc00,0x60c2dd00,0x60c1de00,0x60c0df00,0x60bfe000,0x60bee100,
		0x60bde200,0x60bce300,0x60bbe400,0x60bae500,0x60b9e600,0x60b8e700,0x60b7e800,0x60b6e900,0x60b5ea00,0x60b4eb00,
		0x60b3ec00,0x60b2ed00,0x60b1ee00,0x60b0ef00,0x60aff000,0x60aef100,0x60adf200,0x60acf300,0x60abf400,0x60aaf500,
		0x60a9f600,0x60a8f700,0x60a7f800,0x60a6f900,0x60a5fa00,0x60a4fb00,0x60a3fc00,0x60a2fd00,0x60a1fe00,0x60a0ff00,
		0x60fd000a,0x6000d00b,0x5fffe80b,0x6000d00b,0x5ffdf40b,0x6000d00b,0x5ffde80b,0x6000d00b,0x5ff9fa0b,0x6000d00b,
		0x5ffbe80b,0x6000d00b,0x5ff7f40b,0x6000d00b,0x5ff9e80b,0x6000d00b,0x5ff1fd0b,0x6000d00b,0x5ff7e80b,0x6000d00b,
		0x5ff1f40b,0x6000d00b,0x5ff5e80b,0x6000d00b,0x5febfa0b,0x6000d00b,0x5ff3e80b,0x6000d00b,0x5febf40b,0x6000d00b,
		0x5ff1e80b,0x6000d00b,0x60dd010a,0x6000d00b,0x5fefe80b,0x6000d00b,0x5fe5f40b,0x6000d00b,0x5fede80b,0x6000d00b,
		0x5fddfa0b,0x6000d00b,0x5febe80b,0x6000d00b,0x5fdff40b,0x6000d00b,0x5fe9e80b,0x6000d00b,0x5fd3fd0b,0x6000d00b,
		0x5fe7e80b,0x6000d00b,0x5fd9f40b,0x6000d00b,0x5fe5e80b,0x6000d00b,0x5fcffa0b,0x6000d00b,0x5fe3e80b,0x6000d00b,
		0x5fd3f40b,0x6000d00b,0x5fe1e80b,0x6000d00b,0x60bd020a,0x6000d00b,0x5fdfe80b,0x6000d00b,0x5fcdf40b,0x6000d00b,
		0x5fdde80b,0x6000d00b,0x5fc1fa0b,0x6000d00b,0x5fdbe80b,0x6000d00b,0x5fc7f40b,0x6000d00b,0x5fd9e80b,0x6000d00b,
		0x5fb5fd0b,0x6000d00b,0x5fd7e80b,0x6000d00b,0x5fc1f40b,0x6000d00b,0x5fd5e80b,0x6000d00b,0x5fb3fa0b,0x6000d00b,
		0x5fd3e80b,0x6000d00b,0x5fbbf40b,0x6000d00b,0x5fd1e80b,0x6000d00b,0x609d030a,0x6000d00b,0x5fcfe80b,0x6000d00b,
		0x5fb5f40b,0x6000d00b,0x5fcde80b,0x6000d00b,0x5fa5fa0b,0x6000d00b,0x5fcbe80b,0x6000d00b,0x5faff40b,0x6000d00b,
		0x5fc9e80b,0x6000d00b,0x5f97fd0b,0x6000d00b,0x5fc7e80b,0x6000d00b,0x5fa9f40b,0x6000d00b,0x5fc5e80b,0x6000d00b,
		0x5f97fa0b,0x6000d00b,0x5fc3e80b,0x6000d00b,0x5fa3f40b,0x6000d00b,0x5fc1e80b,0x6000d00b,0x607dfc0a,0x6000d00b,
		0x603fe80b,0x6000d00b,0x605df40b,0x6000d00b,0x603de80b,0x6000d00b,0x6069fa0b,0x6000d00b,0x603be80b,0x6000d00b,
		0x6057f40b,0x6000d00b,0x6039e80b,0x6000d00b,0x6069fd0b,0x6000d00b,0x6037e80b,0x6000d00b,0x6051f40b,0x6000d00b,
		0x6035e80b,0x6000d00b,0x605bfa0b,0x6000d00b,0x6033e80b,0x6000d00b,0x604bf40b,0x6000d00b,0x6031e80b,0x6000d00b,
		0x605dfd0a,0x6000d00b,0x602fe80b,0x6000d00b,0x6045f40b,0x6000d00b,0x602de80b,0x6000d00b,0x604dfa0b,0x6000d00b,
		0x602be80b,0x6000d00b,0x603ff40b,0x6000d00b,0x6029e80b,0x6000d00b,0x604bfd0b,0x6000d00b,0x6027e80b,0x6000d00b,
		0x6039f40b,0x6000d00b,0x6025e80b,0x6000d00b,0x603ffa0b,0x6000d00b,0x6023e80b,0x6000d00b,0x6033f40b,0x6000d00b,
		0x6021e80b,0x6000d00b,0x603dfe0a,0x6000d00b,0x601fe80b,0x6000d00b,0x602df40b,0x6000d00b,0x601de80b,0x6000d00b,
		0x6031fa0b,0x6000d00b,0x601be80b,0x6000d00b,0x6027f40b,0x6000d00b,0x6019e80b,0x6000d00b,0x602dfd0b,0x6000d00b,
		0x6017e80b,0x6000d00b,0x6021f40b,0x6000d00b,0x6015e80b,0x6000d00b,0x6023fa0b,0x6000d00b,0x6013e80b,0x6000d00b,
		0x601bf40b,0x6000d00b,0x6011e80b,0x6000d00b,0x601dff0a,0x6000d00b,0x600fe80b,0x6000d00b,0x6015f40b,0x6000d00b,
		0x600de80b,0x6000d00b,0x6015fa0b,0x6000d00b,0x600be80b,0x6000d00b,0x600ff40b,0x6000d00b,0x6009e80b,0x6000d00b,
		0x600ffd0b,0x6000d00b,0x6007e80b,0x6000d00b,0x6009f40b,0x6000d00b,0x6005e80b,0x6000d00b,0x6007fa0b,0x6000d00b,
		0x6003e80b,0x6000d00b,0x6003f40b,0x6000d00b,0x6001e80b,0x6000d00b,0x5fa10000,0x5fa00100,0x5f9f0200,0x5f9e0300,
		0x5f9d0400,0x5f9c0500,0x5f9b0600,0x5f9a0700,0x5f990800,0x5f980900,0x5f970a00,0x5f960b00,0x5f950c00,0x5f940d00,
		0x5f930e00,0x5f920f00,0x5f911000,0x5f901100,0x5f8f1200,0x5f8e1300,0x5f8d1400,0x5f8c1500,0x5f8b1600,0x5f8a1700,
		0x5f891800,0x5f881900,0x5f871a00,0x5f861b00,0x5f851c00,0x5f841d00,0x5f831e00,0x5f821f00,0x5f812000,0x5f802100,
		0x5f7f2200,0x5f7e2300,0x5f7d2400,0x5f7c2500,0x5f7b2600,0x5f7a2700,0x5f792800,0x5f782900,0x5f772a00,0x5f762b00,
		0x5f752c00,0x5f742d00,0x5f732e00,0x5f722f00,0x5f713000,0x5f703100,0x5f6f3200,0x5f6e3300,0x5f6d3400,0x5f6c3500,
		0x5f6b3600,0x5f6a3700,0x5f693800,0x5f683900,0x5f673a00,0x5f663b00,0x5f653c00,0x5f643d00,0x5f633e00,0x5f623f00,
		0x5f614000,0x5f604100,0x5f5f4200,0x5f5e4300,0x5f5d4400,0x5f5c4500,0x5f5b4600,0x5f5a4700,0x5f594800,0x5f584900,
		0x5f574a00,0x5f564b00,0x5f554c00,0x5f544d00,0x5f534e00,0x5f524f00,0x5f515000,0x5f505100,0x5f4f5200,0x5f4e5300,
		0x5f4d5400,0x5f4c5500,0x5f4b5600,0x5f4a5700,0x5f495800,0x5f485900,0x5f475a00,0x5f465b00,0x5f455c00,0x5f445d00,
		0x5f435e00,0x5f425f00,0x5f416000,0x5f406100,0x5f3f6200,0x5f3e6300,0x5f3d6400,0x5f3c6500,0x5f3b6600,0x5f3a6700,
		0x5f396800,0x5f386900,0x5f376a00,0x5f366b00,0x5f356c00,0x5f346d00,0x5f336e00,0x5f326f00,0x5f317000,0x5f307100,
		0x5f2f7200,0x5f2e7300,0x5f2d7400,0x5f2c7500,0x5f2b7600,0x5f2a7700,0x5f297800,0x5f287900,0x5f277a00,0x5f267b00,
		0x5f257c00,0x5f247d00,0x5f237e00,0x5f227f00,0x5f218000,0x5f208100,0x5f1f8200,0x5f1e8300,0x5f1d8400,0x5f1c8500,
		0x5f1b8600,0x5f1a8700,0x5f198800,0x5f188900,0x5f178a00,0x5f168b00,0x5f158c00,0x5f148d00,0x5f138e00,0x5f128f00,
		0x5f119000,0x5f109100,0x5f0f9200,0x5f0e9300,0x5f0d9400,0x5f0c9500,0x5f0b9600,0x5f0a9700,0x5f099800,0x5f089900,
		0x5f079a00,0x5f069b00,0x5f059c00,0x5f049d00,0x5f039e00,0x5f029f00,0x5f01a000,0x5f00a100,0x5effa200,0x5efea300,
		0x5efda400,0x5efca500,0x5efba600,0x5efaa700,0x5ef9a800,0x5ef8a900,0x5ef7aa00,0x5ef6ab00,0x5ef5ac00,0x5ef4ad00,
		0x5ef3ae00,0x5ef2af00,0x5ef1b000,0x5ef0b100,0x5eefb200,0x5eeeb300,0x5eedb400,0x5eecb500,0x5eebb600,0x5eeab700,
		0x5ee9b800,0x5ee8b900,0x5ee7ba00,0x5ee6bb00,0x5ee5bc00,0x5ee4bd00,0x5ee3be00,0x5ee2bf00,0x5ee1c000,0x5ee0c100,
		0x5edfc200,0x5edec300,0x5eddc400,0x5edcc500,0x5edbc600,0x5edac700,0x5ed9c800,0x5ed8c900,0x5ed7ca00,0x5ed6cb00,
		0x5ed5cc00,0x5ed4cd00,0x5ed3ce00,0x5ed2cf00,0x5ed1d000,0x5ed0d100,0x5ecfd200,0x5eced300,0x5ecdd400,0x5eccd500,
		0x5ecbd600,0x5ecad700,0x5ec9d800,0x5ec8d900,0x5ec7da00,0x5ec6db00,0x5ec5dc00,0x5ec4dd00,0x5ec3de00,0x5ec2df00,
		0x5ec1e000,0x5ec0e100,0x5ebfe200,0x5ebee300,0x5ebde400,0x5ebce500,0x5ebbe600,0x5ebae700,0x5eb9e800,0x5eb8e900,
		0x5eb7ea00,0x5eb6eb00,0x5eb5ec00,0x5eb4ed00,0x5eb3ee00,0x5eb2ef00,0x5eb1f000,0x5eb0f100,0x5eaff200,0x5eaef300,
		0x5eadf400,0x5eacf500,0x5eabf600,0x5eaaf700,0x5ea9f800,0x5ea8f900,0x5ea7fa00,0x5ea6fb00,0x5ea5fc00,0x5ea4fd00,
		0x5ea3fe00,0x5ea2ff00,0x5ed10002,0x5e00d103,0x5ecf0102,0x5e00d103,0x5ecd0202,0x5e00d103,0x5ecb0302,0x5e00d103,
		0x5ec90402,0x5e00d103,0x5ec70502,0x5e00d103,0x5ec50602,0x5e00d103,0x5ec30702,0x5e00d103,0x5ec10802,0x5e00d103,
		0x5ebf0902,0x5e00d103,0x5ebd0a02,0x5e00d103,0x5ebb0b02,0x5e00d103,0x5eb90c02,0x5e00d103,0x5eb70d02,0x5e00d103,
		0x5eb50e02,0x5e00d103,0x5eb30f02,0x5e00d103,0x5eb11002,0x5e00d103,0x5eaf1102,0x5e00d103,0x5ead1202,0x5e00d103,
		0x5eab1302,0x5e00d103,0x5ea91402,0x5e00d103,0x5ea71502,0x5e00d103,0x5ea51602,0x5e00d103,0x5ea31702,0x5e00d103,
		0x5ea11802,0x5e00d103,0x5e9f1902,0x5e00d103,0x5e9d1a02,0x5e00d103,0x5e9b1b02,0x5e00d103,0x5e991c02,0x5e00d103,
		0x5e971d02,0x5e00d103,0x5e951e02,0x5e00d103,0x5e931f02,0x5e00d103,0x5e912002,0x5e00d103,0x5e8f2102,0x5e00d103,
		0x5e8d2202,0x5e00d103,0x5e8b2302,0x5e00d103,0x5e892402,0x5e00d103,0x5e872502,0x5e00d103,0x5e852602,0x5e00d103,
		0x5e832702,0x5e00d103,0x5e812802,0x5e00d103,0x5e7f2902,0x5e00d103,0x5e7d2a02,0x5e00d103,0x5e7b2b02,0x5e00d103,
		0x5e792c02,0x5e00d103,0x5e772d02,0x5e00d103,0x5e752e02,0x5e00d103,0x5e732f02,0x5e00d103,0x5e713002,0x5e00d103,
		0x5e6f3102,0x5e00d103,0x5e6d3202,0x5e00d103,0x5e6b3302,0x5e00d103,0x5e693402,0x5e00d103,0x5e673502,0x5e00d103,
		0x5e653602,0x5e00d103,0x5e633702,0x5e00d103,0x5e613802,0x5e00d103,0x5e5f3902,0x5e00d103,0x5e5d3a02,0x5e00d103,
		0x5e5b3b02,0x5e00d103,0x5e593c02,0x5e00d103,0x5e573d02,0x5e00d103,0x5e553e02,0x5e00d103,0x5e533f02,0x5e00d103,
		0x5e51c002,0x5e00d103,0x5e4fc102,0x5e00d103,0x5e4dc202,0x5e00d103,0x5e4bc302,0x5e00d103,0x5e49c402,0x5e00d103,
		0x5e47c502,0x5e00d103,0x5e45c602,0x5e00d103,0x5e43c702,0x5e00d103,0x5e41c802,0x5e00d103,0x5e3fc902,0x5e00d103,
		0x5e3dca02,0x5e00d103,0x5e3bcb02,0x5e00d103,0x5e39cc02,0x5e00d103,0x5e37cd02,0x5e00d103,0x5e35ce02,0x5e00d103,
		0x5e33cf02,0x5e00d103,0x5e31d002,0x5e00d103,0x5e2fd102,0x5e00d103,0x5e2dd202,0x5e00d103,0x5e2bd302,0x5e00d103,
		0x5e29d402,0x5e00d103,0x5e27d502,0x5e00d103,0x5e25d602,0x5e00d103,0x5e23d702,0x5e00d103,0x5e21d802,0x5e00d103,
		0x5e1fd902,0x5e00d103,0x5e1dda02,0x5e00d103,0x5e1bdb02,0x5e00d103,0x5e19dc02,0x5e00d103,0x5e17dd02,0x5e00d103,
		0x5e15de02,0x5e00d103,0x5e13df02,0x5e00d103,0x5e11e002,0x5e00d103,0x5e0fe102,0x5e00d103,0x5e0de202,0x5e00d103,
		0x5e0be302,0x5e00d103,0x5e09e402,0x5e00d103,0x5e07e502,0x5e00d103,0x5e05e602,0x5e00d103,0x5e03e702,0x5e00d103,
		0x5e01e802,0x5e00d103,0x5dffe902,0x5e00d103,0x5dfdea02,0x5e00d103,0x5dfbeb02,0x5e00d103,0x5df9ec02,0x5e00d103,
		0x5df7ed02,0x5e00d103,0x5df5ee02,0x5e00d103,0x5df3ef02,0x5e00d103,0x5df1f002,0x5e00d103,0x5deff102,0x5e00d103,
		0x5dedf202,0x5e00d103,0x5debf302,0x5e00d103,0x5de9f402,0x5e00d103,0x5de7f502,0x5e00d103,0x5de5f602,0x5e00d103,
		0x5de3f702,0x5e00d103,0x5de1f802,0x5e00d103,0x5ddff902,0x5e00d103,0x5dddfa02,0x5e00d103,0x5ddbfb02,0x5e00d103,
		0x5dd9fc02,0x5e00d103,0x5dd7fd02,0x5e00d103,0x5dd5fe02,0x5e00d103,0x5dd3ff02,0x5e00d103,0x5da30000,0x5da20100,
		0x5da10200,0x5da00300,0x5d9f0400,0x5d9e0500,0x5d9d0600,0x5d9c0700,0x5d9b0800,0x5d9a0900,0x5d990a00,0x5d980b00,
		0x5d970c00,0x5d960d00,0x5d950e00,0x5d940f00,0x5d931000,0x5d921100,0x5d911200,0x5d901300,0x5d8f1400,0x5d8e1500,
		0x5d8d1600,0x5d8c1700,0x5d8b1800,0x5d8a1900,0x5d891a00,0x5d881b00,0x5d871c00,0x5d861d00,0x5d851e00,0x5d841f00,
		0x5d832000,0x5d822100,0x5d812200,0x5d802300,0x5d7f2400,0x5d7e2500,0x5d7d2600,0x5d7c2700,0x5d7b2800,0x5d7a2900,
		0x5d792a00,0x5d782b00,0x5d772c00,0x5d762d00,0x5d752e00,0x5d742f00,0x5d733000,0x5d723100,0x5d713200,0x5d703300,
		0x5d6f3400,0x5d6e3500,0x5d6d3600,0x5d6c3700,0x5d6b3800,0x5d6a3900,0x5d693a00,0x5d683b00,0x5d673c00,0x5d663d00,
		0x5d653e00,0x5d643f00,0x5d634000,0x5d624100,0x5d614200,0x5d604300,0x5d5f4400,0x5d5e4500,0x5d5d4600,0x5d5c4700,
		0x5d5b4800,0x5d5a4900,0x5d594a00,0x5d584b00,0x5d574c00,0x5d564d00,0x5d554e00,0x5d544f00,0x5d535000,0x5d525100,
		0x5d515200,0x5d505300,0x5d4f5400,0x5d4e5500,0x5d4d5600,0x5d4c5700,0x5d4b5800,0x5d4a5900,0x5d495a00,0x5d485b00,
		0x5d475c00,0x5d465d00,0x5d455e00,0x5d445f00,0x5d436000,0x5d426100,0x5d416200,0x5d406300,0x5d3f6400,0x5d3e6500,
		0x5d3d6600,0x5d3c6700,0x5d3b6800,0x5d3a6900,0x5d396a00,0x5d386b00,0x5d376c00,0x5d366d00,0x5d356e00,0x5d346f00,
		0x5d337000,0x5d327100,0x5d317200,0x5d307300,0x5d2f7400,0x5d2e7500,0x5d2d7600,0x5d2c7700,0x5d2b7800,0x5d2a7900,
		0x5d297a00,0x5d287b00,0x5d277c00,0x5d267d00,0x5d257e00,0x5d247f00,0x5d238000,0x5d228100,0x5d218200,0x5d208300,
		0x5d1f8400,0x5d1e8500,0x5d1d8600,0x5d1c8700,0x5d1b8800,0x5d1a8900,0x5d198a00,0x5d188b00,0x5d178c00,0x5d168d00,
		0x5d158e00,0x5d148f00,0x5d139000,0x5d129100,0x5d119200,0x5d109300,0x5d0f9400,0x5d0e9500,0x5d0d9600,0x5d0c9700,
		0x5d0b9800,0x5d0a9900,0x5d099a00,0x5d089b00,0x5d079c00,0x5d069d00,0x5d059e00,0x5d049f00,0x5d03a000,0x5d02a100,
		0x5d01a200,0x5d00a300,0x5cffa400,0x5cfea500,0x5cfda600,0x5cfca700,0x5cfba800,0x5cfaa900,0x5cf9aa00,0x5cf8ab00,
		0x5cf7ac00,0x5cf6ad00,0x5cf5ae00,0x5cf4af00,0x5cf3b000,0x5cf2b100,0x5cf1b200,0x5cf0b300,0x5cefb400,0x5ceeb500,
		0x5cedb600,0x5cecb700,0x5cebb800,0x5ceab900,0x5ce9ba00,0x5ce8bb00,0x5ce7bc00,0x5ce6bd00,0x5ce5be00,0x5ce4bf00,
		0x5ce3c000,0x5ce2c100,0x5ce1c200,0x5ce0c300,0x5cdfc400,0x5cdec500,0x5cddc600,0x5cdcc700,0x5cdbc800,0x5cdac900,
		0x5cd9ca00,0x5cd8cb00,0x5cd7cc00,0x5cd6cd00,0x5cd5ce00,0x5cd4cf00,0x5cd3d000,0x5cd2d100,0x5cd1d200,0x5cd0d300,
		0x5ccfd400,0x5cced500,0x5ccdd600,0x5cccd700,0x5ccbd800,0x5ccad900,0x5cc9da00,0x5cc8db00,0x5cc7dc00,0x5cc6dd00,
		0x5cc5de00,0x5cc4df00,0x5cc3e000,0x5cc2e100,0x5cc1e200,0x5cc0e300,0x5cbfe400,0x5cbee500,0x5cbde600,0x5cbce700,
		0x5cbbe800,0x5cbae900,0x5cb9ea00,0x5cb8eb00,0x5cb7ec00,0x5cb6ed00,0x5cb5ee00,0x5cb4ef00,0x5cb3f000,0x5cb2f100,
		0x5cb1f200,0x5cb0f300,0x5caff400,0x5caef500,0x5cadf600,0x5cacf700,0x5cabf800,0x5caaf900,0x5ca9fa00,0x5ca8fb00,
		0x5ca7fc00,0x5ca6fd00,0x5ca5fe00,0x5ca4ff00,0x5ce90004,0x5c00d205,0x5bffe905,0x5c00d205,0x5ce50104,0x5c00d205,
		0x5bfde905,0x5c00d205,0x5ce10204,0x5c00d205,0x5bfbe905,0x5c00d205,0x5cdd0304,0x5c00d205,0x5bf9e905,0x5c00d205,
		0x5cd90404,0x5c00d205,0x5bf7e905,0x5c00d205,0x5cd50504,0x5c00d205,0x5bf5e905,0x5c00d205,0x5cd10604,0x5c00d205,
		0x5bf3e905,0x5c00d205,0x5ccd0704,0x5c00d205,0x5bf1e905,0x5c00d205,0x5cc90804,0x5c00d205,0x5befe905,0x5c00d205,
		0x5cc50904,0x5c00d205,0x5bede905,0x5c00d205,0x5cc10a04,0x5c00d205,0x5bebe905,0x5c00d205,0x5cbd0b04,0x5c00d205,
		0x5be9e905,0x5c00d205,0x5cb90c04,0x5c00d205,0x5be7e905,0x5c00d205,0x5cb50d04,0x5c00d205,0x5be5e905,0x5c00d205,
		0x5cb10e04,0x5c00d205,0x5be3e905,0x5c00d205,0x5cad0f04,0x5c00d205,0x5be1e905,0x5c00d205,0x5ca91004,0x5c00d205,
		0x5bdfe905,0x5c00d205,0x5ca51104,0x5c00d205,0x5bdde905,0x5c00d205,0x5ca11204,0x5c00d205,0x5bdbe905,0x5c00d205,
		0x5c9d1304,0x5c00d205,0x5bd9e905,0x5c00d205,0x5c991404,0x5c00d205,0x5bd7e905,0x5c00d205,0x5c951504,0x5c00d205,
		0x5bd5e905,0x5c00d205,0x5c911604,0x5c00d205,0x5bd3e905,0x5c00d205,0x5c8d1704,0x5c00d205,0x5bd1e905,0x5c00d205,
		0x5c891804,0x5c00d205,0x5bcfe905,0x5c00d205,0x5c851904,0x5c00d205,0x5bcde905,0x5c00d205,0x5c811a04,0x5c00d205,
		0x5bcbe905,0x5c00d205,0x5c7d1b04,0x5c00d205,0x5bc9e905,0x5c00d205,0x5c791c04,0x5c00d205,0x5bc7e905,0x5c00d205,
		0x5c751d04,0x5c00d205,0x5bc5e905,0x5c00d205,0x5c711e04,0x5c00d205,0x5bc3e905,0x5c00d205,0x5c6d1f04,0x5c00d205,
		0x5bc1e905,0x5c00d205,0x5c69e004,0x5c00d205,0x5c3fe905,0x5c00d205,0x5c65e104,0x5c00d205,0x5c3de905,0x5c00d205,
		0x5c61e204,0x5c00d205,0x5c3be905,0x5c00d205,0x5c5de304,0x5c00d205,0x5c39e905,0x5c00d205,0x5c59e404,0x5c00d205,
		0x5c37e905,0x5c00d205,0x5c55e504,0x5c00d205,0x5c35e905,0x5c00d205,0x5c51e604,0x5c00d205,0x5c33e905,0x5c00d205,
		0x5c4de704,0x5c00d205,0x5c31e905,0x5c00d205,0x5c49e804,0x5c00d205,0x5c2fe905,0x5c00d205,0x5c45e904,0x5c00d205,
		0x5c2de905,0x5c00d205,0x5c41ea04,0x5c00d205,0x5c2be905,0x5c00d205,0x5c3deb04,0x5c00d205,0x5c29e905,0x5c00d205,
		0x5c39ec04,0x5c00d205,0x5c27e905,0x5c00d205,0x5c35ed04,0x5c00d205,0x5c25e905,0x5c00d205,0x5c31ee04,0x5c00d205,
		0x5c23e905,0x5c00d205,0x5c2def04,0x5c00d205,0x5c21e905,0x5c00d205,0x5c29f004,0x5c00d205,0x5c1fe905,0x5c00d205,
		0x5c25f104,0x5c00d205,0x5c1de905,0x5c00d205,0x5c21f204,0x5c00d205,0x5c1be905,0x5c00d205,0x5c1df304,0x5c00d205,
		0x5c19e905,0x5c00d205,0x5c19f404,0x5c00d205,0x5c17e905,0x5c00d205,0x5c15f504,0x5c00d205,0x5c15e905,0x5c00d205,
		0x5c11f604,0x5c00d205,0x5c13e905,0x5c00d205,0x5c0df704,0x5c00d205,0x5c11e905,0x5c00d205,0x5c09f804,0x5c00d205,
		0x5c0fe905,0x5c00d205,0x5c05f904,0x5c00d205,0x5c0de905,0x5c00d205,0x5c01fa04,0x5c00d205,0x5c0be905,0x5c00d205,
		0x5bfdfb04,0x5c00d205,0x5c09e905,0x5c00d205,0x5bf9fc04,0x5c00d205,0x5c07e905,0x5c00d205,0x5bf5fd04,0x5c00d205,
		0x5c05e905,0x5c00d205,0x5bf1fe04,0x5c00d205,0x5c03e905,0x5c00d205,0x5bedff04,0x5c00d205,0x5c01e905,0x5c00d205,
		0x5ba50000,0x5ba40100,0x5ba30200,0x5ba20300,0x5ba10400,0x5ba00500,0x5b9f0600,0x5b9e0700,0x5b9d0800,0x5b9c0900,
		0x5b9b0a00,0x5b9a0b00,0x5b990c00,0x5b980d00,0x5b970e00,0x5b960f00,0x5b951000,0x5b941100,0x5b931200,0x5b921300,
		0x5b911400,0x5b901500,0x5b8f1600,0x5b8e1700,0x5b8d1800,0x5b8c1900,0x5b8b1a00,0x5b8a1b00,0x5b891c00,0x5b881d00,
		0x5b871e00,0x5b861f00,0x5b852000,0x5b842100,0x5b832200,0x5b822300,0x5b812400,0x5b802500,0x5b7f2600,0x5b7e2700,
		0x5b7d2800,0x5b7c2900,0x5b7b2a00,0x5b7a2b00,0x5b792c00,0x5b782d00,0x5b772e00,0x5b762f00,0x5b753000,0x5b743100,
		0x5b733200,0x5b723300,0x5b713400,0x5b703500,0x5b6f3600,0x5b6e3700,0x5b6d3800,0x5b6c3900,0x5b6b3a00,0x5b6a3b00,
		0x5b693c00,0x5b683d00,0x5b673e00,0x5b663f00,0x5b654000,0x5b644100,0x5b634200,0x5b624300,0x5b614400,0x5b604500,
		0x5b5f4600,0x5b5e4700,0x5b5d4800,0x5b5c4900,0x5b5b4a00,0x5b5a4b00,0x5b594c00,0x5b584d00,0x5b574e00,0x5b564f00,
		0x5b555000,0x5b545100,0x5b535200,0x5b525300,0x5b515400,0x5b505500,0x5b4f5600,0x5b4e5700,0x5b4d5800,0x5b4c5900,
		0x5b4b5a00,0x5b4a5b00,0x5b495c00,0x5b485d00,0x5b475e00,0x5b465f00,0x5b456000,0x5b446100,0x5b436200,0x5b426300,
		0x5b416400,0x5b406500,0x5b3f6600,0x5b3e6700,0x5b3d6800,0x5b3c6900,0x5b3b6a00,0x5b3a6b00,0x5b396c00,0x5b386d00,
		0x5b376e00,0x5b366f00,0x5b357000,0x5b347100,0x5b337200,0x5b327300,0x5b317400,0x5b307500,0x5b2f7600,0x5b2e7700,
		0x5b2d7800,0x5b2c7900,0x5b2b7a00,0x5b2a7b00,0x5b297c00,0x5b287d00,0x5b277e00,0x5b267f00,0x5b258000,0x5b248100,
		0x5b238200,0x5b228300,0x5b218400,0x5b208500,0x5b1f8600,0x5b1e8700,0x5b1d8800,0x5b1c8900,0x5b1b8a00,0x5b1a8b00,
		0x5b198c00,0x5b188d00,0x5b178e00,0x5b168f00,0x5b159000,0x5b149100,0x5b139200,0x5b129300,0x5b119400,0x5b109500,
		0x5b0f9600,0x5b0e9700,0x5b0d9800,0x5b0c9900,0x5b0b9a00,0x5b0a9b00,0x5b099c00,0x5b089d00,0x5b079e00,0x5b069f00,
		0x5b05a000,0x5b04a100,0x5b03a200,0x5b02a300,0x5b01a400,0x5b00a500,0x5affa600,0x5afea700,0x5afda800,0x5afca900,
		0x5afbaa00,0x5afaab00,0x5af9ac00,0x5af8ad00,0x5af7ae00,0x5af6af00,0x5af5b000,0x5af4b100,0x5af3b200,0x5af2b300,
		0x5af1b400,0x5af0b500,0x5aefb600,0x5aeeb700,0x5aedb800,0x5aecb900,0x5aebba00,0x5aeabb00,0x5ae9bc00,0x5ae8bd00,
		0x5ae7be00,0x5ae6bf00,0x5ae5c000,0x5ae4c100,0x5ae3c200,0x5ae2c300,0x5ae1c400,0x5ae0c500,0x5adfc600,0x5adec700,
		0x5addc800,0x5adcc900,0x5adbca00,0x5adacb00,0x5ad9cc00,0x5ad8cd00,0x5ad7ce00,0x5ad6cf00,0x5ad5d000,0x5ad4d100,
		0x5ad3d200,0x5ad2d300,0x5ad1d400,0x5ad0d500,0x5acfd600,0x5aced700,0x5acdd800,0x5accd900,0x5acbda00,0x5acadb00,
		0x5ac9dc00,0x5ac8dd00,0x5ac7de00,0x5ac6df00,0x5ac5e000,0x5ac4e100,0x5ac3e200,0x5ac2e300,0x5ac1e400,0x5ac0e500,
		0x5abfe600,0x5abee700,0x5abde800,0x5abce900,0x5abbea00,0x5abaeb00,0x5ab9ec00,0x5ab8ed00,0x5ab7ee00,0x5ab6ef00,
		0x5ab5f000,0x5ab4f100,0x5ab3f200,0x5ab2f300,0x5ab1f400,0x5ab0f500,0x5aaff600,0x5aaef700,0x5aadf800,0x5aacf900,
		0x5aabfa00,0x5aaafb00,0x5aa9fc00,0x5aa8fd00,0x5aa7fe00,0x5aa6ff00,0x5ad30002,0x5a00d303,0x5ad10102,0x5a00d303,
		0x5acf0202,0x5a00d303,0x5acd0302,0x5a00d303,0x5acb0402,0x5a00d303,0x5ac90502,0x5a00d303,0x5ac70602,0x5a00d303,
		0x5ac50702,0x5a00d303,0x5ac30802,0x5a00d303,0x5ac10902,0x5a00d303,0x5abf0a02,0x5a00d303,0x5abd0b02,0x5a00d303,
		0x5abb0c02,0x5a00d303,0x5ab90d02,0x5a00d303,0x5ab70e02,0x5a00d303,0x5ab50f02,0x5a00d303,0x5ab31002,0x5a00d303,
		0x5ab11102,0x5a00d303,0x5aaf1202,0x5a00d303,0x5aad1302,0x5a00d303,0x5aab1402,0x5a00d303,0x5aa91502,0x5a00d303,
		0x5aa71602,0x5a00d303,0x5aa51702,0x5a00d303,0x5aa31802,0x5a00d303,0x5aa11902,0x5a00d303,0x5a9f1a02,0x5a00d303,
		0x5a9d1b02,0x5a00d303,0x5a9b1c02,0x5a00d303,0x5a991d02,0x5a00d303,0x5a971e02,0x5a00d303,0x5a951f02,0x5a00d303,
		0x5a932002,0x5a00d303,0x5a912102,0x5a00d303,0x5a8f2202,0x5a00d303,0x5a8d2302,0x5a00d303,0x5a8b2402,0x5a00d303,
		0x5a892502,0x5a00d303,0x5a872602,0x5a00d303,0x5a852702,0x5a00d303,0x5a832802,0x5a00d303,0x5a812902,0x5a00d303,
		0x5a7f2a02,0x5a00d303,0x5a7d2b02,0x5a00d303,0x5a7b2c02,0x5a00d303,0x5a792d02,0x5a00d303,0x5a772e02,0x5a00d303,
		0x5a752f02,0x5a00d303,0x5a733002,0x5a00d303,0x5a713102,0x5a00d303,0x5a6f3202,0x5a00d303,0x5a6d3302,0x5a00d303,
		0x5a6b3402,0x5a00d303,0x5a693502,0x5a00d303,0x5a673602,0x5a00d303,0x5a653702,0x5a00d303,0x5a633802,0x5a00d303,
		0x5a613902,0x5a00d303,0x5a5f3a02,0x5a00d303,0x5a5d3b02,0x5a00d303,0x5a5b3c02,0x5a00d303,0x5a593d02,0x5a00d303,
		0x5a573e02,0x5a00d303,0x5a553f02,0x5a00d303,0x5a53c002,0x5a00d303,0x5a51c102,0x5a00d303,0x5a4fc202,0x5a00d303,
		0x5a4dc302,0x5a00d303,0x5a4bc402,0x5a00d303,0x5a49c502,0x5a00d303,0x5a47c602,0x5a00d303,0x5a45c702,0x5a00d303,
		0x5a43c802,0x5a00d303,0x5a41c902,0x5a00d303,0x5a3fca02,0x5a00d303,0x5a3dcb02,0x5a00d303,0x5a3bcc02,0x5a00d303,
		0x5a39cd02,0x5a00d303,0x5a37ce02,0x5a00d303,0x5a35cf02,0x5a00d303,0x5a33d002,0x5a00d303,0x5a31d102,0x5a00d303,
		0x5a2fd202,0x5a00d303,0x5a2dd302,0x5a00d303,0x5a2bd402,0x5a00d303,0x5a29d502,0x5a00d303,0x5a27d602,0x5a00d303,
		0x5a25d702,0x5a00d303,0x5a23d802,0x5a00d303,0x5a21d902,0x5a00d303,0x5a1fda02,0x5a00d303,0x5a1ddb02,0x5a00d303,
		0x5a1bdc02,0x5a00d303,0x5a19dd02,0x5a00d303,0x5a17de02,0x5a00d303,0x5a15df02,0x5a00d303,0x5a13e002,0x5a00d303,
		0x5a11e102,0x5a00d303,0x5a0fe202,0x5a00d303,0x5a0de302,0x5a00d303,0x5a0be402,0x5a00d303,0x5a09e502,0x5a00d303,
		0x5a07e602,0x5a00d303,0x5a05e702,0x5a00d303,0x5a03e802,0x5a00d303,0x5a01e902,0x5a00d303,0x59ffea02,0x5a00d303,
		0x59fdeb02,0x5a00d303,0x59fbec02,0x5a00d303,0x59f9ed02,0x5a00d303,0x59f7ee02,0x5a00d303,0x59f5ef02,0x5a00d303,
		0x59f3f002,0x5a00d303,0x59f1f102,0x5a00d303,0x59eff202,0x5a00d303,0x59edf302,0x5a00d303,0x59ebf402,0x5a00d303,
		0x59e9f502,0x5a00d303,0x59e7f602,0x5a00d303,0x59e5f702,0x5a00d303,0x59e3f802,0x5a00d303,0x59e1f902,0x5a00d303,
		0x59dffa02,0x5a00d303,0x59ddfb02,0x5a00d303,0x59dbfc02,0x5a00d303,0x59d9fd02,0x5a00d303,0x59d7fe02,0x5a00d303,
		0x59d5ff02,0x5a00d303,0x59a70000,0x59a60100,0x59a50200,0x59a40300,0x59a30400,0x59a20500,0x59a10600,0x59a00700,
		0x599f0800,0x599e0900,0x599d0a00,0x599c0b00,0x599b0c00,0x599a0d00,0x59990e00,0x59980f00,0x59971000,0x59961100,
		0x59951200,0x59941300,0x59931400,0x59921500,0x59911600,0x59901700,0x598f1800,0x598e1900,0x598d1a00,0x598c1b00,
		0x598b1c00,0x598a1d00,0x59891e00,0x59881f00,0x59872000,0x59862100,0x59852200,0x59842300,0x59832400,0x59822500,
		0x59812600,0x59802700,0x597f2800,0x597e2900,0x597d2a00,0x597c2b00,0x597b2c00,0x597a2d00,0x59792e00,0x59782f00,
		0x59773000,0x59763100,0x59753200,0x59743300,0x59733400,0x59723500,0x59713600,0x59703700,0x596f3800,0x596e3900,
		0x596d3a00,0x596c3b00,0x596b3c00,0x596a3d00,0x59693e00,0x59683f00,0x59674000,0x59664100,0x59654200,0x59644300,
		0x59634400,0x59624500,0x59614600,0x59604700,0x595f4800,0x595e4900,0x595d4a00,0x595c4b00,0x595b4c00,0x595a4d00,
		0x59594e00,0x59584f00,0x59575000,0x59565100,0x59555200,0x59545300,0x59535400,0x59525500,0x59515600,0x59505700,
		0x594f5800,0x594e5900,0x594d5a00,0x594c5b00,0x594b5c00,0x594a5d00,0x59495e00,0x59485f00,0x59476000,0x59466100,
		0x59456200,0x59446300,0x59436400,0x59426500,0x59416600,0x59406700,0x593f6800,0x593e6900,0x593d6a00,0x593c6b00,
		0x593b6c00,0x593a6d00,0x59396e00,0x59386f00,0x59377000,0x59367100,0x59357200,0x59347300,0x59337400,0x59327500,
		0x59317600,0x59307700,0x592f7800,0x592e7900,0x592d7a00,0x592c7b00,0x592b7c00,0x592a7d00,0x59297e00,0x59287f00,
		0x59278000,0x59268100,0x59258200,0x59248300,0x59238400,0x59228500,0x59218600,0x59208700,0x591f8800,0x591e8900,
		0x591d8a00,0x591c8b00,0x591b8c00,0x591a8d00,0x59198e00,0x59188f00,0x59179000,0x59169100,0x59159200,0x59149300,
		0x59139400,0x59129500,0x59119600,0x59109700,0x590f9800,0x590e9900,0x590d9a00,0x590c9b00,0x590b9c00,0x590a9d00,
		0x59099e00,0x59089f00,0x5907a000,0x5906a100,0x5905a200,0x5904a300,0x5903a400,0x5902a500,0x5901a600,0x5900a700,
		0x58ffa800,0x58fea900,0x58fdaa00,0x58fcab00,0x58fbac00,0x58faad00,0x58f9ae00,0x58f8af00,0x58f7b000,0x58f6b100,
		0x58f5b200,0x58f4b300,0x58f3b400,0x58f2b500,0x58f1b600,0x58f0b700,0x58efb800,0x58eeb900,0x58edba00,0x58ecbb00,
		0x58ebbc00,0x58eabd00,0x58e9be00,0x58e8bf00,0x58e7c000,0x58e6c100,0x58e5c200,0x58e4c300,0x58e3c400,0x58e2c500,
		0x58e1c600,0x58e0c700,0x58dfc800,0x58dec900,0x58ddca00,0x58dccb00,0x58dbcc00,0x58dacd00,0x58d9ce00,0x58d8cf00,
		0x58d7d000,0x58d6d100,0x58d5d200,0x58d4d300,0x58d3d400,0x58d2d500,0x58d1d600,0x58d0d700,0x58cfd800,0x58ced900,
		0x58cdda00,0x58ccdb00,0x58cbdc00,0x58cadd00,0x58c9de00,0x58c8df00,0x58c7e000,0x58c6e100,0x58c5e200,0x58c4e300,
		0x58c3e400,0x58c2e500,0x58c1e600,0x58c0e700,0x58bfe800,0x58bee900,0x58bdea00,0x58bceb00,0x58bbec00,0x58baed00,
		0x58b9ee00,0x58b8ef00,0x58b7f000,0x58b6f100,0x58b5f200,0x58b4f300,0x58b3f400,0x58b2f500,0x58b1f600,0x58b0f700,
		0x58aff800,0x58aef900,0x58adfa00,0x58acfb00,0x58abfc00,0x58aafd00,0x58a9fe00,0x58a8ff00,0x58f50006,0x5800d407,
		0x57ffea07,0x5800d407,0x57fdf507,0x5800d407,0x57fdea07,0x5800d407,0x58ed0106,0x5800d407,0x57fbea07,0x5800d407,
		0x57f7f507,0x5800d407,0x57f9ea07,0x5800d407,0x58e50206,0x5800d407,0x57f7ea07,0x5800d407,0x57f1f507,0x5800d407,
		0x57f5ea07,0x5800d407,0x58dd0306,0x5800d407,0x57f3ea07,0x5800d407,0x57ebf507,0x5800d407,0x57f1ea07,0x5800d407,
		0x58d50406,0x5800d407,0x57efea07,0x5800d407,0x57e5f507,0x5800d407,0x57edea07,0x5800d407,0x58cd0506,0x5800d407,
		0x57ebea07,0x5800d407,0x57dff507,0x5800d407,0x57e9ea07,0x5800d407,0x58c50606,0x5800d407,0x57e7ea07,0x5800d407,
		0x57d9f507,0x5800d407,0x57e5ea07,0x5800d407,0x58bd0706,0x5800d407,0x57e3ea07,0x5800d407,0x57d3f507,0x5800d407,
		0x57e1ea07,0x5800d407,0x58b50806,0x5800d407,0x57dfea07,0x5800d407,0x57cdf507,0x5800d407,0x57ddea07,0x5800d407,
		0x58ad0906,0x5800d407,0x57dbea07,0x5800d407,0x57c7f507,0x5800d407,0x57d9ea07,0x5800d407,0x58a50a06,0x5800d407,
		0x57d7ea07,0x5800d407,0x57c1f507,0x5800d407,0x57d5ea07,0x5800d407,0x589d0b06,0x5800d407,0x57d3ea07,0x5800d407,
		0x57bbf507,0x5800d407,0x57d1ea07,0x5800d407,0x58950c06,0x5800d407,0x57cfea07,0x5800d407,0x57b5f507,0x5800d407,
		0x57cdea07,0x5800d407,0x588d0d06,0x5800d407,0x57cbea07,0x5800d407,0x57aff507,0x5800d407,0x57c9ea07,0x5800d407,
		0x58850e06,0x5800d407,0x57c7ea07,0x5800d407,0x57a9f507,0x5800d407,0x57c5ea07,0x5800d407,0x587d0f06,0x5800d407,
		0x57c3ea07,0x5800d407,0x57a3f507,0x5800d407,0x57c1ea07,0x5800d407,0x5875f006,0x5800d407,0x583fea07,0x5800d407,
		0x585df507,0x5800d407,0x583dea07,0x5800d407,0x586df106,0x5800d407,0x583bea07,0x5800d407,0x5857f507,0x5800d407,
		0x5839ea07,0x5800d407,0x5865f206,0x5800d407,0x5837ea07,0x5800d407,0x5851f507,0x5800d407,0x5835ea07,0x5800d407,
		0x585df306,0x5800d407,0x5833ea07,0x5800d407,0x584bf507,0x5800d407,0x5831ea07,0x5800d407,0x5855f406,0x5800d407,
		0x582fea07,0x5800d407,0x5845f507,0x5800d407,0x582dea07,0x5800d407,0x584df506,0x5800d407,0x582bea07,0x5800d407,
		0x583ff507,0x5800d407,0x5829ea07,0x5800d407,0x5845f606,0x5800d407,0x5827ea07,0x5800d407,0x5839f507,0x5800d407,
		0x5825ea07,0x5800d407,0x583df706,0x5800d407,0x5823ea07,0x5800d407,0x5833f507,0x5800d407,0x5821ea07,0x5800d407,
		0x5835f806,0x5800d407,0x581fea07,0x5800d407,0x582df507,0x5800d407,0x581dea07,0x5800d407,0x582df906,0x5800d407,
		0x581bea07,0x5800d407,0x5827f507,0x5800d407,0x5819ea07,0x5800d407,0x5825fa06,0x5800d407,0x5817ea07,0x5800d407,
		0x5821f507,0x5800d407,0x5815ea07,0x5800d407,0x581dfb06,0x5800d407,0x5813ea07,0x5800d407,0x581bf507,0x5800d407,
		0x5811ea07,0x5800d407,0x5815fc06,0x5800d407,0x580fea07,0x5800d407,0x5815f507,0x5800d407,0x580dea07,0x5800d407,
		0x580dfd06,0x5800d407,0x580bea07,0x5800d407,0x580ff507,0x5800d407,0x5809ea07,0x5800d407,0x5805fe06,0x5800d407,
		0x5807ea07,0x5800d407,0x5809f507,0x5800d407,0x5805ea07,0x5800d407,0x57fdff06,0x5800d407,0x5803ea07,0x5800d407,
		0x5803f507,0x5800d407,0x5801ea07,0x5800d407,0x57a90000,0x57a80100,0x57a70200,0x57a60300,0x57a50400,0x57a40500,
		0x57a30600,0x57a20700,0x57a10800,0x57a00900,0x579f0a00,0x579e0b00,0x579d0c00,0x579c0d00,0x579b0e00,0x579a0f00,
		0x57991000,0x57981100,0x57971200,0x57961300,0x57951400,0x57941500,0x57931600,0x57921700,0x57911800,0x57901900,
		0x578f1a00,0x578e1b00,0x578d1c00,0x578c1d00,0x578b1e00,0x578a1f00,0x57892000,0x57882100,0x57872200,0x57862300,
		0x57852400,0x57842500,0x57832600,0x57822700,0x57812800,0x57802900,0x577f2a00,0x577e2b00,0x577d2c00,0x577c2d00,
		0x577b2e00,0x577a2f00,0x57793000,0x57783100,0x57773200,0x57763300,0x57753400,0x57743500,0x57733600,0x57723700,
		0x57713800,0x57703900,0x576f3a00,0x576e3b00,0x576d3c00,0x576c3d00,0x576b3e00,0x576a3f00,0x57694000,0x57684100,
		0x57674200,0x57664300,0x57654400,0x57644500,0x57634600,0x57624700,0x57614800,0x57604900,0x575f4a00,0x575e4b00,
		0x575d4c00,0x575c4d00,0x575b4e00,0x575a4f00,0x57595000,0x57585100,0x57575200,0x57565300,0x57555400,0x57545500,
		0x57535600,0x57525700,0x57515800,0x57505900,0x574f5a00,0x574e5b00,0x574d5c00,0x574c5d00,0x574b5e00,0x574a5f00,
		0x57496000,0x57486100,0x57476200,0x57466300,0x57456400,0x57446500,0x57436600,0x57426700,0x57416800,0x57406900,
		0x573f6a00,0x573e6b00,0x573d6c00,0x573c6d00,0x573b6e00,0x573a6f00,0x57397000,0x57387100,0x57377200,0x57367300,
		0x57357400,0x57347500,0x57337600,0x57327700,0x57317800,0x57307900,0x572f7a00,0x572e7b00,0x572d7c00,0x572c7d00,
		0x572b7e00,0x572a7f00,0x57298000,0x57288100,0x57278200,0x57268300,0x57258400,0x57248500,0x57238600,0x57228700,
		0x57218800,0x57208900,0x571f8a00,0x571e8b00,0x571d8c00,0x571c8d00,0x571b8e00,0x571a8f00,0x57199000,0x57189100,
		0x57179200,0x57169300,0x57159400,0x57149500,0x57139600,0x57129700,0x57119800,0x57109900,0x570f9a00,0x570e9b00,
		0x570d9c00,0x570c9d00,0x570b9e00,0x570a9f00,0x5709a000,0x5708a100,0x5707a200,0x5706a300,0x5705a400,0x5704a500,
		0x5703a600,0x5702a700,0x5701a800,0x5700a900,0x56ffaa00,0x56feab00,0x56fdac00,0x56fcad00,0x56fbae00,0x56faaf00,
		0x56f9b000,0x56f8b100,0x56f7b200,0x56f6b300,0x56f5b400,0x56f4b500,0x56f3b600,0x56f2b700,0x56f1b800,0x56f0b900,
		0x56efba00,0x56eebb00,0x56edbc00,0x56ecbd00,0x56ebbe00,0x56eabf00,0x56e9c000,0x56e8c100,0x56e7c200,0x56e6c300,
		0x56e5c400,0x56e4c500,0x56e3c600,0x56e2c700,0x56e1c800,0x56e0c900,0x56dfca00,0x56decb00,0x56ddcc00,0x56dccd00,
		0x56dbce00,0x56dacf00,0x56d9d000,0x56d8d100,0x56d7d200,0x56d6d300,0x56d5d400,0x56d4d500,0x56d3d600,0x56d2d700,
		0x56d1d800,0x56d0d900,0x56cfda00,0x56cedb00,0x56cddc00,0x56ccdd00,0x56cbde00,0x56cadf00,0x56c9e000,0x56c8e100,
		0x56c7e200,0x56c6e300,0x56c5e400,0x56c4e500,0x56c3e600,0x56c2e700,0x56c1e800,0x56c0e900,0x56bfea00,0x56beeb00,
		0x56bdec00,0x56bced00,0x56bbee00,0x56baef00,0x56b9f000,0x56b8f100,0x56b7f200,0x56b6f300,0x56b5f400,0x56b4f500,
		0x56b3f600,0x56b2f700,0x56b1f800,0x56b0f900,0x56affa00,0x56aefb00,0x56adfc00,0x56acfd00,0x56abfe00,0x56aaff00,
		0x56d50002,0x5600d503,0x56d30102,0x5600d503,0x56d10202,0x5600d503,0x56cf0302,0x5600d503,0x56cd0402,0x5600d503,
		0x56cb0502,0x5600d503,0x56c90602,0x5600d503,0x56c70702,0x5600d503,0x56c50802,0x5600d503,0x56c30902,0x5600d503,
		0x56c10a02,0x5600d503,0x56bf0b02,0x5600d503,0x56bd0c02,0x5600d503,0x56bb0d02,0x5600d503,0x56b90e02,0x5600d503,
		0x56b70f02,0x5600d503,0x56b51002,0x5600d503,0x56b31102,0x5600d503,0x56b11202,0x5600d503,0x56af1302,0x5600d503,
		0x56ad1402,0x5600d503,0x56ab1502,0x5600d503,0x56a91602,0x5600d503,0x56a71702,0x5600d503,0x56a51802,0x5600d503,
		0x56a31902,0x5600d503,0x56a11a02,0x5600d503,0x569f1b02,0x5600d503,0x569d1c02,0x5600d503,0x569b1d02,0x5600d503,
		0x56991e02,0x5600d503,0x56971f02,0x5600d503,0x56952002,0x5600d503,0x56932102,0x5600d503,0x56912202,0x5600d503,
		0x568f2302,0x5600d503,0x568d2402,0x5600d503,0x568b2502,0x5600d503,0x56892602,0x5600d503,0x56872702,0x5600d503,
		0x56852802,0x5600d503,0x56832902,0x5600d503,0x56812a02,0x5600d503,0x567f2b02,0x5600d503,0x567d2c02,0x5600d503,
		0x567b2d02,0x5600d503,0x56792e02,0x5600d503,0x56772f02,0x5600d503,0x56753002,0x5600d503,0x56733102,0x5600d503,
		0x56713202,0x5600d503,0x566f3302,0x5600d503,0x566d3402,0x5600d503,0x566b3502,0x5600d503,0x56693602,0x5600d503,
		0x56673702,0x5600d503,0x56653802,0x5600d503,0x56633902,0x5600d503,0x56613a02,0x5600d503,0x565f3b02,0x5600d503,
		0x565d3c02,0x5600d503,0x565b3d02,0x5600d503,0x56593e02,0x5600d503,0x56573f02,0x5600d503,0x5655c002,0x5600d503,
		0x5653c102,0x5600d503,0x5651c202,0x5600d503,0x564fc302,0x5600d503,0x564dc402,0x5600d503,0x564bc502,0x5600d503,
		0x5649c602,0x5600d503,0x5647c702,0x5600d503,0x5645c802,0x5600d503,0x5643c902,0x5600d503,0x5641ca02,0x5600d503,
		0x563fcb02,0x5600d503,0x563dcc02,0x5600d503,0x563bcd02,0x5600d503,0x5639ce02,0x5600d503,0x5637cf02,0x5600d503,
		0x5635d002,0x5600d503,0x5633d102,0x5600d503,0x5631d202,0x5600d503,0x562fd302,0x5600d503,0x562dd402,0x5600d503,
		0x562bd502,0x5600d503,0x5629d602,0x5600d503,0x5627d702,0x5600d503,0x5625d802,0x5600d503,0x5623d902,0x5600d503,
		0x5621da02,0x5600d503,0x561fdb02,0x5600d503,0x561ddc02,0x5600d503,0x561bdd02,0x5600d503,0x5619de02,0x5600d503,
		0x5617df02,0x5600d503,0x5615e002,0x5600d503,0x5613e102,0x5600d503,0x5611e202,0x5600d503,0x560fe302,0x5600d503,
		0x560de402,0x5600d503,0x560be502,0x5600d503,0x5609e602,0x5600d503,0x5607e702,0x5600d503,0x5605e802,0x5600d503,
		0x5603e902,0x5600d503,0x5601ea02,0x5600d503,0x55ffeb02,0x5600d503,0x55fdec02,0x5600d503,0x55fbed02,0x5600d503,
		0x55f9ee02,0x5600d503,0x55f7ef02,0x5600d503,0x55f5f002,0x5600d503,0x55f3f102,0x5600d503,0x55f1f202,0x5600d503,
		0x55eff302,0x5600d503,0x55edf402,0x5600d503,0x55ebf502,0x5600d503,0x55e9f602,0x5600d503,0x55e7f702,0x5600d503,
		0x55e5f802,0x5600d503,0x55e3f902,0x5600d503,0x55e1fa02,0x5600d503,0x55dffb02,0x5600d503,0x55ddfc02,0x5600d503,
		0x55dbfd02,0x5600d503,0x55d9fe02,0x5600d503,0x55d7ff02,0x5600d503,0x55ab0000,0x55aa0100,0x55a90200,0x55a80300,
		0x55a70400,0x55a60500,0x55a50600,0x55a40700,0x55a30800,0x55a20900,0x55a10a00,0x55a00b00,0x559f0c00,0x559e0d00,
		0x559d0e00,0x559c0f00,0x559b1000,0x559a1100,0x55991200,0x55981300,0x55971400,0x55961500,0x55951600,0x55941700,
		0x55931800,0x55921900,0x55911a00,0x55901b00,0x558f1c00,0x558e1d00,0x558d1e00,0x558c1f00,0x558b2000,0x558a2100,
		0x55892200,0x55882300,0x55872400,0x55862500,0x55852600,0x55842700,0x55832800,0x55822900,0x55812a00,0x55802b00,
		0x557f2c00,0x557e2d00,0x557d2e00,0x557c2f00,0x557b3000,0x557a3100,0x55793200,0x55783300,0x55773400,0x55763500,
		0x55753600,0x55743700,0x55733800,0x55723900,0x55713a00,0x55703b00,0x556f3c00,0x556e3d00,0x556d3e00,0x556c3f00,
		0x556b4000,0x556a4100,0x55694200,0x55684300,0x55674400,0x55664500,0x55654600,0x55644700,0x55634800,0x55624900,
		0x55614a00,0x55604b00,0x555f4c00,0x555e4d00,0x555d4e00,0x555c4f00,0x555b5000,0x555a5100,0x55595200,0x55585300,
		0x55575400,0x55565500,0x55555600,0x55545700,0x55535800,0x55525900,0x55515a00,0x55505b00,0x554f5c00,0x554e5d00,
		0x554d5e00,0x554c5f00,0x554b6000,0x554a6100,0x55496200,0x55486300,0x55476400,0x55466500,0x55456600,0x55446700,
		0x55436800,0x55426900,0x55416a00,0x55406b00,0x553f6c00,0x553e6d00,0x553d6e00,0x553c6f00,0x553b7000,0x553a7100,
		0x55397200,0x55387300,0x55377400,0x55367500,0x55357600,0x55347700,0x55337800,0x55327900,0x55317a00,0x55307b00,
		0x552f7c00,0x552e7d00,0x552d7e00,0x552c7f00,0x552b8000,0x552a8100,0x55298200,0x55288300,0x55278400,0x55268500,
		0x55258600,0x55248700,0x55238800,0x55228900,0x55218a00,0x55208b00,0x551f8c00,0x551e8d00,0x551d8e00,0x551c8f00,
		0x551b9000,0x551a9100,0x55199200,0x55189300,0x55179400,0x55169500,0x55159600,0x55149700,0x55139800,0x55129900,
		0x55119a00,0x55109b00,0x550f9c00,0x550e9d00,0x550d9e00,0x550c9f00,0x550ba000,0x550aa100,0x5509a200,0x5508a300,
		0x5507a400,0x5506a500,0x5505a600,0x5504a700,0x5503a800,0x5502a900,0x5501aa00,0x5500ab00,0x54ffac00,0x54fead00,
		0x54fdae00,0x54fcaf00,0x54fbb000,0x54fab100,0x54f9b200,0x54f8b300,0x54f7b400,0x54f6b500,0x54f5b600,0x54f4b700,
		0x54f3b800,0x54f2b900,0x54f1ba00,0x54f0bb00,0x54efbc00,0x54eebd00,0x54edbe00,0x54ecbf00,0x54ebc000,0x54eac100,
		0x54e9c200,0x54e8c300,0x54e7c400,0x54e6c500,0x54e5c600,0x54e4c700,0x54e3c800,0x54e2c900,0x54e1ca00,0x54e0cb00,
		0x54dfcc00,0x54decd00,0x54ddce00,0x54dccf00,0x54dbd000,0x54dad100,0x54d9d200,0x54d8d300,0x54d7d400,0x54d6d500,
		0x54d5d600,0x54d4d700,0x54d3d800,0x54d2d900,0x54d1da00,0x54d0db00,0x54cfdc00,0x54cedd00,0x54cdde00,0x54ccdf00,
		0x54cbe000,0x54cae100,0x54c9e200,0x54c8e300,0x54c7e400,0x54c6e500,0x54c5e600,0x54c4e700,0x54c3e800,0x54c2e900,
		0x54c1ea00,0x54c0eb00,0x54bfec00,0x54beed00,0x54bdee00,0x54bcef00,0x54bbf000,0x54baf100,0x54b9f200,0x54b8f300,
		0x54b7f400,0x54b6f500,0x54b5f600,0x54b4f700,0x54b3f800,0x54b2f900,0x54b1fa00,0x54b0fb00,0x54affc00,0x54aefd00,
		0x54adfe00,0x54acff00,0x54eb0004,0x5400d605,0x53ffeb05,0x5400d605,0x54e70104,0x5400d605,0x53fdeb05,0x5400d605,
		0x54e30204,0x5400d605,0x53fbeb05,0x5400d605,0x54df0304,0x5400d605,0x53f9eb05,0x5400d605,0x54db0404,0x5400d605,
		0x53f7eb05,0x5400d605,0x54d70504,0x5400d605,0x53f5eb05,0x5400d605,0x54d30604,0x5400d605,0x53f3eb05,0x5400d605,
		0x54cf0704,0x5400d605,0x53f1eb05,0x5400d605,0x54cb0804,0x5400d605,0x53efeb05,0x5400d605,0x54c70904,0x5400d605,
		0x53edeb05,0x5400d605,0x54c30a04,0x5400d605,0x53ebeb05,0x5400d605,0x54bf0b04,0x5400d605,0x53e9eb05,0x5400d605,
		0x54bb0c04,0x5400d605,0x53e7eb05,0x5400d605,0x54b70d04,0x5400d605,0x53e5eb05,0x5400d605,0x54b30e04,0x5400d605,
		0x53e3eb05,0x5400d605,0x54af0f04,0x5400d605,0x53e1eb05,0x5400d605,0x54ab1004,0x5400d605,0x53dfeb05,0x5400d605,
		0x54a71104,0x5400d605,0x53ddeb05,0x5400d605,0x54a31204,0x5400d605,0x53dbeb05,0x5400d605,0x549f1304,0x5400d605,
		0x53d9eb05,0x5400d605,0x549b1404,0x5400d605,0x53d7eb05,0x5400d605,0x54971504,0x5400d605,0x53d5eb05,0x5400d605,
		0x54931604,0x5400d605,0x53d3eb05,0x5400d605,0x548f1704,0x5400d605,0x53d1eb05,0x5400d605,0x548b1804,0x5400d605,
		0x53cfeb05,0x5400d605,0x54871904,0x5400d605,0x53cdeb05,0x5400d605,0x54831a04,0x5400d605,0x53cbeb05,0x5400d605,
		0x547f1b04,0x5400d605,0x53c9eb05,0x5400d605,0x547b1c04,0x5400d605,0x53c7eb05,0x5400d605,0x54771d04,0x5400d605,
		0x53c5eb05,0x5400d605,0x54731e04,0x5400d605,0x53c3eb05,0x5400d605,0x546f1f04,0x5400d605,0x53c1eb05,0x5400d605,
		0x546be004,0x5400d605,0x543feb05,0x5400d605,0x5467e104,0x5400d605,0x543deb05,0x5400d605,0x5463e204,0x5400d605,
		0x543beb05,0x5400d605,0x545fe304,0x5400d605,0x5439eb05,0x5400d605,0x545be404,0x5400d605,0x5437eb05,0x5400d605,
		0x5457e504,0x5400d605,0x5435eb05,0x5400d605,0x5453e604,0x5400d605,0x5433eb05,0x5400d605,0x544fe704,0x5400d605,
		0x5431eb05,0x5400d605,0x544be804,0x5400d605,0x542feb05,0x5400d605,0x5447e904,0x5400d605,0x542deb05,0x5400d605,
		0x5443ea04,0x5400d605,0x542beb05,0x5400d605,0x543feb04,0x5400d605,0x5429eb05,0x5400d605,0x543bec04,0x5400d605,
		0x5427eb05,0x5400d605,0x5437ed04,0x5400d605,0x5425eb05,0x5400d605,0x5433ee04,0x5400d605,0x5423eb05,0x5400d605,
		0x542fef04,0x5400d605,0x5421eb05,0x5400d605,0x542bf004,0x5400d605,0x541feb05,0x5400d605,0x5427f104,0x5400d605,
		0x541deb05,0x5400d605,0x5423f204,0x5400d605,0x541beb05,0x5400d605,0x541ff304,0x5400d605,0x5419eb05,0x5400d605,
		0x541bf404,0x5400d605,0x5417eb05,0x5400d605,0x5417f504,0x5400d605,0x5415eb05,0x5400d605,0x5413f604,0x5400d605,
		0x5413eb05,0x5400d605,0x540ff704,0x5400d605,0x5411eb05,0x5400d605,0x540bf804,0x5400d605,0x540feb05,0x5400d605,
		0x5407f904,0x5400d605,0x540deb05,0x5400d605,0x5403fa04,0x5400d605,0x540beb05,0x5400d605,0x53fffb04,0x5400d605,
		0x5409eb05,0x5400d605,0x53fbfc04,0x5400d605,0x5407eb05,0x5400d605,0x53f7fd04,0x5400d605,0x5405eb05,0x5400d605,
		0x53f3fe04,0x5400d605,0x5403eb05,0x5400d605,0x53efff04,0x5400d605,0x5401eb05,0x5400d605,0x53ad0000,0x53ac0100,
		0x53ab0200,0x53aa0300,0x53a90400,0x53a80500,0x53a70600,0x53a60700,0x53a50800,0x53a40900,0x53a30a00,0x53a20b00,
		0x53a10c00,0x53a00d00,0x539f0e00,0x539e0f00,0x539d1000,0x539c1100,0x539b1200,0x539a1300,0x53991400,0x53981500,
		0x53971600,0x53961700,0x53951800,0x53941900,0x53931a00,0x53921b00,0x53911c00,0x53901d00,0x538f1e00,0x538e1f00,
		0x538d2000,0x538c2100,0x538b2200,0x538a2300,0x53892400,0x53882500,0x53872600,0x53862700,0x53852800,0x53842900,
		0x53832a00,0x53822b00,0x53812c00,0x53802d00,0x537f2e00,0x537e2f00,0x537d3000,0x537c3100,0x537b3200,0x537a3300,
		0x53793400,0x53783500,0x53773600,0x53763700,0x53753800,0x53743900,0x53733a00,0x53723b00,0x53713c00,0x53703d00,
		0x536f3e00,0x536e3f00,0x536d4000,0x536c4100,0x536b4200,0x536a4300,0x53694400,0x53684500,0x53674600,0x53664700,
		0x53654800,0x53644900,0x53634a00,0x53624b00,0x53614c00,0x53604d00,0x535f4e00,0x535e4f00,0x535d5000,0x535c5100,
		0x535b5200,0x535a5300,0x53595400,0x53585500,0x53575600,0x53565700,0x53555800,0x53545900,0x53535a00,0x53525b00,
		0x53515c00,0x53505d00,0x534f5e00,0x534e5f00,0x534d6000,0x534c6100,0x534b6200,0x534a6300,0x53496400,0x53486500,
		0x53476600,0x53466700,0x53456800,0x53446900,0x53436a00,0x53426b00,0x53416c00,0x53406d00,0x533f6e00,0x533e6f00,
		0x533d7000,0x533c7100,0x533b7200,0x533a7300,0x53397400,0x53387500,0x53377600,0x53367700,0x53357800,0x53347900,
		0x53337a00,0x53327b00,0x53317c00,0x53307d00,0x532f7e00,0x532e7f00,0x532d8000,0x532c8100,0x532b8200,0x532a8300,
		0x53298400,0x53288500,0x53278600,0x53268700,0x53258800,0x53248900,0x53238a00,0x53228b00,0x53218c00,0x53208d00,
		0x531f8e00,0x531e8f00,0x531d9000,0x531c9100,0x531b9200,0x531a9300,0x53199400,0x53189500,0x53179600,0x53169700,
		0x53159800,0x53149900,0x53139a00,0x53129b00,0x53119c00,0x53109d00,0x530f9e00,0x530e9f00,0x530da000,0x530ca100,
		0x530ba200,0x530aa300,0x5309a400,0x5308a500,0x5307a600,0x5306a700,0x5305a800,0x5304a900,0x5303aa00,0x5302ab00,
		0x5301ac00,0x5300ad00,0x52ffae00,0x52feaf00,0x52fdb000,0x52fcb100,0x52fbb200,0x52fab300,0x52f9b400,0x52f8b500,
		0x52f7b600,0x52f6b700,0x52f5b800,0x52f4b900,0x52f3ba00,0x52f2bb00,0x52f1bc00,0x52f0bd00,0x52efbe00,0x52eebf00,
		0x52edc000,0x52ecc100,0x52ebc200,0x52eac300,0x52e9c400,0x52e8c500,0x52e7c600,0x52e6c700,0x52e5c800,0x52e4c900,
		0x52e3ca00,0x52e2cb00,0x52e1cc00,0x52e0cd00,0x52dfce00,0x52decf00,0x52ddd000,0x52dcd100,0x52dbd200,0x52dad300,
		0x52d9d400,0x52d8d500,0x52d7d600,0x52d6d700,0x52d5d800,0x52d4d900,0x52d3da00,0x52d2db00,0x52d1dc00,0x52d0dd00,
		0x52cfde00,0x52cedf00,0x52cde000,0x52cce100,0x52cbe200,0x52cae300,0x52c9e400,0x52c8e500,0x52c7e600,0x52c6e700,
		0x52c5e800,0x52c4e900,0x52c3ea00,0x52c2eb00,0x52c1ec00,0x52c0ed00,0x52bfee00,0x52beef00,0x52bdf000,0x52bcf100,
		0x52bbf200,0x52baf300,0x52b9f400,0x52b8f500,0x52b7f600,0x52b6f700,0x52b5f800,0x52b4f900,0x52b3fa00,0x52b2fb00,
		0x52b1fc00,0x52b0fd00,0x52affe00,0x52aeff00,0x52d70002,0x5200d703,0x52d50102,0x5200d703,0x52d30202,0x5200d703,
		0x52d10302,0x5200d703,0x52cf0402,0x5200d703,0x52cd0502,0x5200d703,0x52cb0602,0x5200d703,0x52c90702,0x5200d703,
		0x52c70802,0x5200d703,0x52c50902,0x5200d703,0x52c30a02,0x5200d703,0x52c10b02,0x5200d703,0x52bf0c02,0x5200d703,
		0x52bd0d02,0x5200d703,0x52bb0e02,0x5200d703,0x52b90f02,0x5200d703,0x52b71002,0x5200d703,0x52b51102,0x5200d703,
		0x52b31202,0x5200d703,0x52b11302,0x5200d703,0x52af1402,0x5200d703,0x52ad1502,0x5200d703,0x52ab1602,0x5200d703,
		0x52a91702,0x5200d703,0x52a71802,0x5200d703,0x52a51902,0x5200d703,0x52a31a02,0x5200d703,0x52a11b02,0x5200d703,
		0x529f1c02,0x5200d703,0x529d1d02,0x5200d703,0x529b1e02,0x5200d703,0x52991f02,0x5200d703,0x52972002,0x5200d703,
		0x52952102,0x5200d703,0x52932202,0x5200d703,0x52912302,0x5200d703,0x528f2402,0x5200d703,0x528d2502,0x5200d703,
		0x528b2602,0x5200d703,0x52892702,0x5200d703,0x52872802,0x5200d703,0x52852902,0x5200d703,0x52832a02,0x5200d703,
		0x52812b02,0x5200d703,0x527f2c02,0x5200d703,0x527d2d02,0x5200d703,0x527b2e02,0x5200d703,0x52792f02,0x5200d703,
		0x52773002,0x5200d703,0x52753102,0x5200d703,0x52733202,0x5200d703,0x52713302,0x5200d703,0x526f3402,0x5200d703,
		0x526d3502,0x5200d703,0x526b3602,0x5200d703,0x52693702,0x5200d703,0x52673802,0x5200d703,0x52653902,0x5200d703,
		0x52633a02,0x5200d703,0x52613b02,0x5200d703,0x525f3c02,0x5200d703,0x525d3d02,0x5200d703,0x525b3e02,0x5200d703,
		0x52593f02,0x5200d703,0x5257c002,0x5200d703,0x5255c102,0x5200d703,0x5253c202,0x5200d703,0x5251c302,0x5200d703,
		0x524fc402,0x5200d703,0x524dc502,0x5200d703,0x524bc602,0x5200d703,0x5249c702,0x5200d703,0x5247c802,0x5200d703,
		0x5245c902,0x5200d703,0x5243ca02,0x5200d703,0x5241cb02,0x5200d703,0x523fcc02,0x5200d703,0x523dcd02,0x5200d703,
		0x523bce02,0x5200d703,0x5239cf02,0x5200d703,0x5237d002,0x5200d703,0x5235d102,0x5200d703,0x5233d202,0x5200d703,
		0x5231d302,0x5200d703,0x522fd402,0x5200d703,0x522dd502,0x5200d703,0x522bd602,0x5200d703,0x5229d702,0x5200d703,
		0x5227d802,0x5200d703,0x5225d902,0x5200d703,0x5223da02,0x5200d703,0x5221db02,0x5200d703,0x521fdc02,0x5200d703,
		0x521ddd02,0x5200d703,0x521bde02,0x5200d703,0x5219df02,0x5200d703,0x5217e002,0x5200d703,0x5215e102,0x5200d703,
		0x5213e202,0x5200d703,0x5211e302,0x5200d703,0x520fe402,0x5200d703,0x520de502,0x5200d703,0x520be602,0x5200d703,
		0x5209e702,0x5200d703,0x5207e802,0x5200d703,0x5205e902,0x5200d703,0x5203ea02,0x5200d703,0x5201eb02,0x5200d703,
		0x51ffec02,0x5200d703,0x51fded02,0x5200d703,0x51fbee02,0x5200d703,0x51f9ef02,0x5200d703,0x51f7f002,0x5200d703,
		0x51f5f102,0x5200d703,0x51f3f202,0x5200d703,0x51f1f302,0x5200d703,0x51eff402,0x5200d703,0x51edf502,0x5200d703,
		0x51ebf602,0x5200d703,0x51e9f702,0x5200d703,0x51e7f802,0x5200d703,0x51e5f902,0x5200d703,0x51e3fa02,0x5200d703,
		0x51e1fb02,0x5200d703,0x51dffc02,0x5200d703,0x51ddfd02,0x5200d703,0x51dbfe02,0x5200d703,0x51d9ff02,0x5200d703,
		0x51af0000,0x51ae0100,0x51ad0200,0x51ac0300,0x51ab0400,0x51aa0500,0x51a90600,0x51a80700,0x51a70800,0x51a60900,
		0x51a50a00,0x51a40b00,0x51a30c00,0x51a20d00,0x51a10e00,0x51a00f00,0x519f1000,0x519e1100,0x519d1200,0x519c1300,
		0x519b1400,0x519a1500,0x51991600,0x51981700,0x51971800,0x51961900,0x51951a00,0x51941b00,0x51931c00,0x51921d00,
		0x51911e00,0x51901f00,0x518f2000,0x518e2100,0x518d2200,0x518c2300,0x518b2400,0x518a2500,0x51892600,0x51882700,
		0x51872800,0x51862900,0x51852a00,0x51842b00,0x51832c00,0x51822d00,0x51812e00,0x51802f00,0x517f3000,0x517e3100,
		0x517d3200,0x517c3300,0x517b3400,0x517a3500,0x51793600,0x51783700,0x51773800,0x51763900,0x51753a00,0x51743b00,
		0x51733c00,0x51723d00,0x51713e00,0x51703f00,0x516f4000,0x516e4100,0x516d4200,0x516c4300,0x516b4400,0x516a4500,
		0x51694600,0x51684700,0x51674800,0x51664900,0x51654a00,0x51644b00,0x51634c00,0x51624d00,0x51614e00,0x51604f00,
		0x515f5000,0x515e5100,0x515d5200,0x515c5300,0x515b5400,0x515a5500,0x51595600,0x51585700,0x51575800,0x51565900,
		0x51555a00,0x51545b00,0x51535c00,0x51525d00,0x51515e00,0x51505f00,0x514f6000,0x514e6100,0x514d6200,0x514c6300,
		0x514b6400,0x514a6500,0x51496600,0x51486700,0x51476800,0x51466900,0x51456a00,0x51446b00,0x51436c00,0x51426d00,
		0x51416e00,0x51406f00,0x513f7000,0x513e7100,0x513d7200,0x513c7300,0x513b7400,0x513a7500,0x51397600,0x51387700,
		0x51377800,0x51367900,0x51357a00,0x51347b00,0x51337c00,0x51327d00,0x51317e00,0x51307f00,0x512f8000,0x512e8100,
		0x512d8200,0x512c8300,0x512b8400,0x512a8500,0x51298600,0x51288700,0x51278800,0x51268900,0x51258a00,0x51248b00,
		0x51238c00,0x51228d00,0x51218e00,0x51208f00,0x511f9000,0x511e9100,0x511d9200,0x511c9300,0x511b9400,0x511a9500,
		0x51199600,0x51189700,0x51179800,0x51169900,0x51159a00,0x51149b00,0x51139c00,0x51129d00,0x51119e00,0x51109f00,
		0x510fa000,0x510ea100,0x510da200,0x510ca300,0x510ba400,0x510aa500,0x5109a600,0x5108a700,0x5107a800,0x5106a900,
		0x5105aa00,0x5104ab00,0x5103ac00,0x5102ad00,0x5101ae00,0x5100af00,0x50ffb000,0x50feb100,0x50fdb200,0x50fcb300,
		0x50fbb400,0x50fab500,0x50f9b600,0x50f8b700,0x50f7b800,0x50f6b900,0x50f5ba00,0x50f4bb00,0x50f3bc00,0x50f2bd00,
		0x50f1be00,0x50f0bf00,0x50efc000,0x50eec100,0x50edc200,0x50ecc300,0x50ebc400,0x50eac500,0x50e9c600,0x50e8c700,
		0x50e7c800,0x50e6c900,0x50e5ca00,0x50e4cb00,0x50e3cc00,0x50e2cd00,0x50e1ce00,0x50e0cf00,0x50dfd000,0x50ded100,
		0x50ddd200,0x50dcd300,0x50dbd400,0x50dad500,0x50d9d600,0x50d8d700,0x50d7d800,0x50d6d900,0x50d5da00,0x50d4db00,
		0x50d3dc00,0x50d2dd00,0x50d1de00,0x50d0df00,0x50cfe000,0x50cee100,0x50cde200,0x50cce300,0x50cbe400,0x50cae500,
		0x50c9e600,0x50c8e700,0x50c7e800,0x50c6e900,0x50c5ea00,0x50c4eb00,0x50c3ec00,0x50c2ed00,0x50c1ee00,0x50c0ef00,
		0x50bff000,0x50bef100,0x50bdf200,0x50bcf300,0x50bbf400,0x50baf500,0x50b9f600,0x50b8f700,0x50b7f800,0x50b6f900,
		0x50b5fa00,0x50b4fb00,0x50b3fc00,0x50b2fd00,0x50b1fe00,0x50b0ff00,0x50fb0008,0x5000d809,0x4fffec09,0x5000d809,
		0x4ffdf609,0x5000d809,0x4ffdec09,0x5000d809,0x4ff9fb09,0x5000d809,0x4ffbec09,0x5000d809,0x4ff7f609,0x5000d809,
		0x4ff9ec09,0x5000d809,0x50eb0108,0x5000d809,0x4ff7ec09,0x5000d809,0x4ff1f609,0x5000d809,0x4ff5ec09,0x5000d809,
		0x4febfb09,0x5000d809,0x4ff3ec09,0x5000d809,0x4febf609,0x5000d809,0x4ff1ec09,0x5000d809,0x50db0208,0x5000d809,
		0x4fefec09,0x5000d809,0x4fe5f609,0x5000d809,0x4fedec09,0x5000d809,0x4fddfb09,0x5000d809,0x4febec09,0x5000d809,
		0x4fdff609,0x5000d809,0x4fe9ec09,0x5000d809,0x50cb0308,0x5000d809,0x4fe7ec09,0x5000d809,0x4fd9f609,0x5000d809,
		0x4fe5ec09,0x5000d809,0x4fcffb09,0x5000d809,0x4fe3ec09,0x5000d809,0x4fd3f609,0x5000d809,0x4fe1ec09,0x5000d809,
		0x50bb0408,0x5000d809,0x4fdfec09,0x5000d809,0x4fcdf609,0x5000d809,0x4fddec09,0x5000d809,0x4fc1fb09,0x5000d809,
		0x4fdbec09,0x5000d809,0x4fc7f609,0x5000d809,0x4fd9ec09,0x5000d809,0x50ab0508,0x5000d809,0x4fd7ec09,0x5000d809,
		0x4fc1f609,0x5000d809,0x4fd5ec09,0x5000d809,0x4fb3fb09,0x5000d809,0x4fd3ec09,0x5000d809,0x4fbbf609,0x5000d809,
		0x4fd1ec09,0x5000d809,0x509b0608,0x5000d809,0x4fcfec09,0x5000d809,0x4fb5f609,0x5000d809,0x4fcdec09,0x5000d809,
		0x4fa5fb09,0x5000d809,0x4fcbec09,0x5000d809,0x4faff609,0x5000d809,0x4fc9ec09,0x5000d809,0x508b0708,0x5000d809,
		0x4fc7ec09,0x5000d809,0x4fa9f609,0x5000d809,0x4fc5ec09,0x5000d809,0x4f97fb09,0x5000d809,0x4fc3ec09,0x5000d809,
		0x4fa3f609,0x5000d809,0x4fc1ec09,0x5000d809,0x507bf808,0x5000d809,0x503fec09,0x5000d809,0x505df609,0x5000d809,
		0x503dec09,0x5000d809,0x5069fb09,0x5000d809,0x503bec09,0x5000d809,0x5057f609,0x5000d809,0x5039ec09,0x5000d809,
		0x506bf908,0x5000d809,0x5037ec09,0x5000d809,0x5051f609,0x5000d809,0x5035ec09,0x5000d809,0x505bfb09,0x5000d809,
		0x5033ec09,0x5000d809,0x504bf609,0x5000d809,0x5031ec09,0x5000d809,0x505bfa08,0x5000d809,0x502fec09,0x5000d809,
		0x5045f609,0x5000d809,0x502dec09,0x5000d809,0x504dfb09,0x5000d809,0x502bec09,0x5000d809,0x503ff609,0x5000d809,
		0x5029ec09,0x5000d809,0x504bfb08,0x5000d809,0x5027ec09,0x5000d809,0x5039f609,0x5000d809,0x5025ec09,0x5000d809,
		0x503ffb09,0x5000d809,0x5023ec09,0x5000d809,0x5033f609,0x5000d809,0x5021ec09,0x5000d809,0x503bfc08,0x5000d809,
		0x501fec09,0x5000d809,0x502df609,0x5000d809,0x501dec09,0x5000d809,0x5031fb09,0x5000d809,0x501bec09,0x5000d809,
		0x5027f609,0x5000d809,0x5019ec09,0x5000d809,0x502bfd08,0x5000d809,0x5017ec09,0x5000d809,0x5021f609,0x5000d809,
		0x5015ec09,0x5000d809,0x5023fb09,0x5000d809,0x5013ec09,0x5000d809,0x501bf609,0x5000d809,0x5011ec09,0x5000d809,
		0x501bfe08,0x5000d809,0x500fec09,0x5000d809,0x5015f609,0x5000d809,0x500dec09,0x5000d809,0x5015fb09,0x5000d809,
		0x500bec09,0x5000d809,0x500ff609,0x5000d809,0x5009ec09,0x5000d809,0x500bff08,0x5000d809,0x5007ec09,0x5000d809,
		0x5009f609,0x5000d809,0x5005ec09,0x5000d809,0x5007fb09,0x5000d809,0x5003ec09,0x5000d809,0x5003f609,0x5000d809,
		0x5001ec09,0x5000d809,0x4fb10000,0x4fb00100,0x4faf0200,0x4fae0300,0x4fad0400,0x4fac0500,0x4fab0600,0x4faa0700,
		0x4fa90800,0x4fa80900,0x4fa70a00,0x4fa60b00,0x4fa50c00,0x4fa40d00,0x4fa30e00,0x4fa20f00,0x4fa11000,0x4fa01100,
		0x4f9f1200,0x4f9e1300,0x4f9d1400,0x4f9c1500,0x4f9b1600,0x4f9a1700,0x4f991800,0x4f981900,0x4f971a00,0x4f961b00,
		0x4f951c00,0x4f941d00,0x4f931e00,0x4f921f00,0x4f912000,0x4f902100,0x4f8f2200,0x4f8e2300,0x4f8d2400,0x4f8c2500,
		0x4f8b2600,0x4f8a2700,0x4f892800,0x4f882900,0x4f872a00,0x4f862b00,0x4f852c00,0x4f842d00,0x4f832e00,0x4f822f00,
		0x4f813000,0x4f803100,0x4f7f3200,0x4f7e3300,0x4f7d3400,0x4f7c3500,0x4f7b3600,0x4f7a3700,0x4f793800,0x4f783900,
		0x4f773a00,0x4f763b00,0x4f753c00,0x4f743d00,0x4f733e00,0x4f723f00,0x4f714000,0x4f704100,0x4f6f4200,0x4f6e4300,
		0x4f6d4400,0x4f6c4500,0x4f6b4600,0x4f6a4700,0x4f694800,0x4f684900,0x4f674a00,0x4f664b00,0x4f654c00,0x4f644d00,
		0x4f634e00,0x4f624f00,0x4f615000,0x4f605100,0x4f5f5200,0x4f5e5300,0x4f5d5400,0x4f5c5500,0x4f5b5600,0x4f5a5700,
		0x4f595800,0x4f585900,0x4f575a00,0x4f565b00,0x4f555c00,0x4f545d00,0x4f535e00,0x4f525f00,0x4f516000,0x4f506100,
		0x4f4f6200,0x4f4e6300,0x4f4d6400,0x4f4c6500,0x4f4b6600,0x4f4a6700,0x4f496800,0x4f486900,0x4f476a00,0x4f466b00,
		0x4f456c00,0x4f446d00,0x4f436e00,0x4f426f00,0x4f417000,0x4f407100,0x4f3f7200,0x4f3e7300,0x4f3d7400,0x4f3c7500,
		0x4f3b7600,0x4f3a7700,0x4f397800,0x4f387900,0x4f377a00,0x4f367b00,0x4f357c00,0x4f347d00,0x4f337e00,0x4f327f00,
		0x4f318000,0x4f308100,0x4f2f8200,0x4f2e8300,0x4f2d8400,0x4f2c8500,0x4f2b8600,0x4f2a8700,0x4f298800,0x4f288900,
		0x4f278a00,0x4f268b00,0x4f258c00,0x4f248d00,0x4f238e00,0x4f228f00,0x4f219000,0x4f209100,0x4f1f9200,0x4f1e9300,
		0x4f1d9400,0x4f1c9500,0x4f1b9600,0x4f1a9700,0x4f199800,0x4f189900,0x4f179a00,0x4f169b00,0x4f159c00,0x4f149d00,
		0x4f139e00,0x4f129f00,0x4f11a000,0x4f10a100,0x4f0fa200,0x4f0ea300,0x4f0da400,0x4f0ca500,0x4f0ba600,0x4f0aa700,
		0x4f09a800,0x4f08a900,0x4f07aa00,0x4f06ab00,0x4f05ac00,0x4f04ad00,0x4f03ae00,0x4f02af00,0x4f01b000,0x4f00b100,
		0x4effb200,0x4efeb300,0x4efdb400,0x4efcb500,0x4efbb600,0x4efab700,0x4ef9b800,0x4ef8b900,0x4ef7ba00,0x4ef6bb00,
		0x4ef5bc00,0x4ef4bd00,0x4ef3be00,0x4ef2bf00,0x4ef1c000,0x4ef0c100,0x4eefc200,0x4eeec300,0x4eedc400,0x4eecc500,
		0x4eebc600,0x4eeac700,0x4ee9c800,0x4ee8c900,0x4ee7ca00,0x4ee6cb00,0x4ee5cc00,0x4ee4cd00,0x4ee3ce00,0x4ee2cf00,
		0x4ee1d000,0x4ee0d100,0x4edfd200,0x4eded300,0x4eddd400,0x4edcd500,0x4edbd600,0x4edad700,0x4ed9d800,0x4ed8d900,
		0x4ed7da00,0x4ed6db00,0x4ed5dc00,0x4ed4dd00,0x4ed3de00,0x4ed2df00,0x4ed1e000,0x4ed0e100,0x4ecfe200,0x4ecee300,
		0x4ecde400,0x4ecce500,0x4ecbe600,0x4ecae700,0x4ec9e800,0x4ec8e900,0x4ec7ea00,0x4ec6eb00,0x4ec5ec00,0x4ec4ed00,
		0x4ec3ee00,0x4ec2ef00,0x4ec1f000,0x4ec0f100,0x4ebff200,0x4ebef300,0x4ebdf400,0x4ebcf500,0x4ebbf600,0x4ebaf700,
		0x4eb9f800,0x4eb8f900,0x4eb7fa00,0x4eb6fb00,0x4eb5fc00,0x4eb4fd00,0x4eb3fe00,0x4eb2ff00,0x4ed90002,0x4e00d903,
		0x4ed70102,0x4e00d903,0x4ed50202,0x4e00d903,0x4ed30302,0x4e00d903,0x4ed10402,0x4e00d903,0x4ecf0502,0x4e00d903,
		0x4ecd0602,0x4e00d903,0x4ecb0702,0x4e00d903,0x4ec90802,0x4e00d903,0x4ec70902,0x4e00d903,0x4ec50a02,0x4e00d903,
		0x4ec30b02,0x4e00d903,0x4ec10c02,0x4e00d903,0x4ebf0d02,0x4e00d903,0x4ebd0e02,0x4e00d903,0x4ebb0f02,0x4e00d903,
		0x4eb91002,0x4e00d903,0x4eb71102,0x4e00d903,0x4eb51202,0x4e00d903,0x4eb31302,0x4e00d903,0x4eb11402,0x4e00d903,
		0x4eaf1502,0x4e00d903,0x4ead1602,0x4e00d903,0x4eab1702,0x4e00d903,0x4ea91802,0x4e00d903,0x4ea71902,0x4e00d903,
		0x4ea51a02,0x4e00d903,0x4ea31b02,0x4e00d903,0x4ea11c02,0x4e00d903,0x4e9f1d02,0x4e00d903,0x4e9d1e02,0x4e00d903,
		0x4e9b1f02,0x4e00d903,0x4e992002,0x4e00d903,0x4e972102,0x4e00d903,0x4e952202,0x4e00d903,0x4e932302,0x4e00d903,
		0x4e912402,0x4e00d903,0x4e8f2502,0x4e00d903,0x4e8d2602,0x4e00d903,0x4e8b2702,0x4e00d903,0x4e892802,0x4e00d903,
		0x4e872902,0x4e00d903,0x4e852a02,0x4e00d903,0x4e832b02,0x4e00d903,0x4e812c02,0x4e00d903,0x4e7f2d02,0x4e00d903,
		0x4e7d2e02,0x4e00d903,0x4e7b2f02,0x4e00d903,0x4e793002,0x4e00d903,0x4e773102,0x4e00d903,0x4e753202,0x4e00d903,
		0x4e733302,0x4e00d903,0x4e713402,0x4e00d903,0x4e6f3502,0x4e00d903,0x4e6d3602,0x4e00d903,0x4e6b3702,0x4e00d903,
		0x4e693802,0x4e00d903,0x4e673902,0x4e00d903,0x4e653a02,0x4e00d903,0x4e633b02,0x4e00d903,0x4e613c02,0x4e00d903,
		0x4e5f3d02,0x4e00d903,0x4e5d3e02,0x4e00d903,0x4e5b3f02,0x4e00d903,0x4e59c002,0x4e00d903,0x4e57c102,0x4e00d903,
		0x4e55c202,0x4e00d903,0x4e53c302,0x4e00d903,0x4e51c402,0x4e00d903,0x4e4fc502,0x4e00d903,0x4e4dc602,0x4e00d903,
		0x4e4bc702,0x4e00d903,0x4e49c802,0x4e00d903,0x4e47c902,0x4e00d903,0x4e45ca02,0x4e00d903,0x4e43cb02,0x4e00d903,
		0x4e41cc02,0x4e00d903,0x4e3fcd02,0x4e00d903,0x4e3dce02,0x4e00d903,0x4e3bcf02,0x4e00d903,0x4e39d002,0x4e00d903,
		0x4e37d102,0x4e00d903,0x4e35d202,0x4e00d903,0x4e33d302,0x4e00d903,0x4e31d402,0x4e00d903,0x4e2fd502,0x4e00d903,
		0x4e2dd602,0x4e00d903,0x4e2bd702,0x4e00d903,0x4e29d802,0x4e00d903,0x4e27d902,0x4e00d903,0x4e25da02,0x4e00d903,
		0x4e23db02,0x4e00d903,0x4e21dc02,0x4e00d903,0x4e1fdd02,0x4e00d903,0x4e1dde02,0x4e00d903,0x4e1bdf02,0x4e00d903,
		0x4e19e002,0x4e00d903,0x4e17e102,0x4e00d903,0x4e15e202,0x4e00d903,0x4e13e302,0x4e00d903,0x4e11e402,0x4e00d903,
		0x4e0fe502,0x4e00d903,0x4e0de602,0x4e00d903,0x4e0be702,0x4e00d903,0x4e09e802,0x4e00d903,0x4e07e902,0x4e00d903,
		0x4e05ea02,0x4e00d903,0x4e03eb02,0x4e00d903,0x4e01ec02,0x4e00d903,0x4dffed02,0x4e00d903,0x4dfdee02,0x4e00d903,
		0x4dfbef02,0x4e00d903,0x4df9f002,0x4e00d903,0x4df7f102,0x4e00d903,0x4df5f202,0x4e00d903,0x4df3f302,0x4e00d903,
		0x4df1f402,0x4e00d903,0x4deff502,0x4e00d903,0x4dedf602,0x4e00d903,0x4debf702,0x4e00d903,0x4de9f802,0x4e00d903,
		0x4de7f902,0x4e00d903,0x4de5fa02,0x4e00d903,0x4de3fb02,0x4e00d903,0x4de1fc02,0x4e00d903,0x4ddffd02,0x4e00d903,
		0x4dddfe02,0x4e00d903,0x4ddbff02,0x4e00d903,0x4db30000,0x4db20100,0x4db10200,0x4db00300,0x4daf0400,0x4dae0500,
		0x4dad0600,0x4dac0700,0x4dab0800,0x4daa0900,0x4da90a00,0x4da80b00,0x4da70c00,0x4da60d00,0x4da50e00,0x4da40f00,
		0x4da31000,0x4da21100,0x4da11200,0x4da01300,0x4d9f1400,0x4d9e1500,0x4d9d1600,0x4d9c1700,0x4d9b1800,0x4d9a1900,
		0x4d991a00,0x4d981b00,0x4d971c00,0x4d961d00,0x4d951e00,0x4d941f00,0x4d932000,0x4d922100,0x4d912200,0x4d902300,
		0x4d8f2400,0x4d8e2500,0x4d8d2600,0x4d8c2700,0x4d8b2800,0x4d8a2900,0x4d892a00,0x4d882b00,0x4d872c00,0x4d862d00,
		0x4d852e00,0x4d842f00,0x4d833000,0x4d823100,0x4d813200,0x4d803300,0x4d7f3400,0x4d7e3500,0x4d7d3600,0x4d7c3700,
		0x4d7b3800,0x4d7a3900,0x4d793a00,0x4d783b00,0x4d773c00,0x4d763d00,0x4d753e00,0x4d743f00,0x4d734000,0x4d724100,
		0x4d714200,0x4d704300,0x4d6f4400,0x4d6e4500,0x4d6d4600,0x4d6c4700,0x4d6b4800,0x4d6a4900,0x4d694a00,0x4d684b00,
		0x4d674c00,0x4d664d00,0x4d654e00,0x4d644f00,0x4d635000,0x4d625100,0x4d615200,0x4d605300,0x4d5f5400,0x4d5e5500,
		0x4d5d5600,0x4d5c5700,0x4d5b5800,0x4d5a5900,0x4d595a00,0x4d585b00,0x4d575c00,0x4d565d00,0x4d555e00,0x4d545f00,
		0x4d536000,0x4d526100,0x4d516200,0x4d506300,0x4d4f6400,0x4d4e6500,0x4d4d6600,0x4d4c6700,0x4d4b6800,0x4d4a6900,
		0x4d496a00,0x4d486b00,0x4d476c00,0x4d466d00,0x4d456e00,0x4d446f00,0x4d437000,0x4d427100,0x4d417200,0x4d407300,
		0x4d3f7400,0x4d3e7500,0x4d3d7600,0x4d3c7700,0x4d3b7800,0x4d3a7900,0x4d397a00,0x4d387b00,0x4d377c00,0x4d367d00,
		0x4d357e00,0x4d347f00,0x4d338000,0x4d328100,0x4d318200,0x4d308300,0x4d2f8400,0x4d2e8500,0x4d2d8600,0x4d2c8700,
		0x4d2b8800,0x4d2a8900,0x4d298a00,0x4d288b00,0x4d278c00,0x4d268d00,0x4d258e00,0x4d248f00,0x4d239000,0x4d229100,
		0x4d219200,0x4d209300,0x4d1f9400,0x4d1e9500,0x4d1d9600,0x4d1c9700,0x4d1b9800,0x4d1a9900,0x4d199a00,0x4d189b00,
		0x4d179c00,0x4d169d00,0x4d159e00,0x4d149f00,0x4d13a000,0x4d12a100,0x4d11a200,0x4d10a300,0x4d0fa400,0x4d0ea500,
		0x4d0da600,0x4d0ca700,0x4d0ba800,0x4d0aa900,0x4d09aa00,0x4d08ab00,0x4d07ac00,0x4d06ad00,0x4d05ae00,0x4d04af00,
		0x4d03b000,0x4d02b100,0x4d01b200,0x4d00b300,0x4cffb400,0x4cfeb500,0x4cfdb600,0x4cfcb700,0x4cfbb800,0x4cfab900,
		0x4cf9ba00,0x4cf8bb00,0x4cf7bc00,0x4cf6bd00,0x4cf5be00,0x4cf4bf00,0x4cf3c000,0x4cf2c100,0x4cf1c200,0x4cf0c300,
		0x4cefc400,0x4ceec500,0x4cedc600,0x4cecc700,0x4cebc800,0x4ceac900,0x4ce9ca00,0x4ce8cb00,0x4ce7cc00,0x4ce6cd00,
		0x4ce5ce00,0x4ce4cf00,0x4ce3d000,0x4ce2d100,0x4ce1d200,0x4ce0d300,0x4cdfd400,0x4cded500,0x4cddd600,0x4cdcd700,
		0x4cdbd800,0x4cdad900,0x4cd9da00,0x4cd8db00,0x4cd7dc00,0x4cd6dd00,0x4cd5de00,0x4cd4df00,0x4cd3e000,0x4cd2e100,
		0x4cd1e200,0x4cd0e300,0x4ccfe400,0x4ccee500,0x4ccde600,0x4ccce700,0x4ccbe800,0x4ccae900,0x4cc9ea00,0x4cc8eb00,
		0x4cc7ec00,0x4cc6ed00,0x4cc5ee00,0x4cc4ef00,0x4cc3f000,0x4cc2f100,0x4cc1f200,0x4cc0f300,0x4cbff400,0x4cbef500,
		0x4cbdf600,0x4cbcf700,0x4cbbf800,0x4cbaf900,0x4cb9fa00,0x4cb8fb00,0x4cb7fc00,0x4cb6fd00,0x4cb5fe00,0x4cb4ff00,
		0x4ced0004,0x4c00da05,0x4bffed05,0x4c00da05,0x4ce90104,0x4c00da05,0x4bfded05,0x4c00da05,0x4ce50204,0x4c00da05,
		0x4bfbed05,0x4c00da05,0x4ce10304,0x4c00da05,0x4bf9ed05,0x4c00da05,0x4cdd0404,0x4c00da05,0x4bf7ed05,0x4c00da05,
		0x4cd90504,0x4c00da05,0x4bf5ed05,0x4c00da05,0x4cd50604,0x4c00da05,0x4bf3ed05,0x4c00da05,0x4cd10704,0x4c00da05,
		0x4bf1ed05,0x4c00da05,0x4ccd0804,0x4c00da05,0x4befed05,0x4c00da05,0x4cc90904,0x4c00da05,0x4beded05,0x4c00da05,
		0x4cc50a04,0x4c00da05,0x4bebed05,0x4c00da05,0x4cc10b04,0x4c00da05,0x4be9ed05,0x4c00da05,0x4cbd0c04,0x4c00da05,
		0x4be7ed05,0x4c00da05,0x4cb90d04,0x4c00da05,0x4be5ed05,0x4c00da05,0x4cb50e04,0x4c00da05,0x4be3ed05,0x4c00da05,
		0x4cb10f04,0x4c00da05,0x4be1ed05,0x4c00da05,0x4cad1004,0x4c00da05,0x4bdfed05,0x4c00da05,0x4ca91104,0x4c00da05,
		0x4bdded05,0x4c00da05,0x4ca51204,0x4c00da05,0x4bdbed05,0x4c00da05,0x4ca11304,0x4c00da05,0x4bd9ed05,0x4c00da05,
		0x4c9d1404,0x4c00da05,0x4bd7ed05,0x4c00da05,0x4c991504,0x4c00da05,0x4bd5ed05,0x4c00da05,0x4c951604,0x4c00da05,
		0x4bd3ed05,0x4c00da05,0x4c911704,0x4c00da05,0x4bd1ed05,0x4c00da05,0x4c8d1804,0x4c00da05,0x4bcfed05,0x4c00da05,
		0x4c891904,0x4c00da05,0x4bcded05,0x4c00da05,0x4c851a04,0x4c00da05,0x4bcbed05,0x4c00da05,0x4c811b04,0x4c00da05,
		0x4bc9ed05,0x4c00da05,0x4c7d1c04,0x4c00da05,0x4bc7ed05,0x4c00da05,0x4c791d04,0x4c00da05,0x4bc5ed05,0x4c00da05,
		0x4c751e04,0x4c00da05,0x4bc3ed05,0x4c00da05,0x4c711f04,0x4c00da05,0x4bc1ed05,0x4c00da05,0x4c6de004,0x4c00da05,
		0x4c3fed05,0x4c00da05,0x4c69e104,0x4c00da05,0x4c3ded05,0x4c00da05,0x4c65e204,0x4c00da05,0x4c3bed05,0x4c00da05,
		0x4c61e304,0x4c00da05,0x4c39ed05,0x4c00da05,0x4c5de404,0x4c00da05,0x4c37ed05,0x4c00da05,0x4c59e504,0x4c00da05,
		0x4c35ed05,0x4c00da05,0x4c55e604,0x4c00da05,0x4c33ed05,0x4c00da05,0x4c51e704,0x4c00da05,0x4c31ed05,0x4c00da05,
		0x4c4de804,0x4c00da05,0x4c2fed05,0x4c00da05,0x4c49e904,0x4c00da05,0x4c2ded05,0x4c00da05,0x4c45ea04,0x4c00da05,
		0x4c2bed05,0x4c00da05,0x4c41eb04,0x4c00da05,0x4c29ed05,0x4c00da05,0x4c3dec04,0x4c00da05,0x4c27ed05,0x4c00da05,
		0x4c39ed04,0x4c00da05,0x4c25ed05,0x4c00da05,0x4c35ee04,0x4c00da05,0x4c23ed05,0x4c00da05,0x4c31ef04,0x4c00da05,
		0x4c21ed05,0x4c00da05,0x4c2df004,0x4c00da05,0x4c1fed05,0x4c00da05,0x4c29f104,0x4c00da05,0x4c1ded05,0x4c00da05,
		0x4c25f204,0x4c00da05,0x4c1bed05,0x4c00da05,0x4c21f304,0x4c00da05,0x4c19ed05,0x4c00da05,0x4c1df404,0x4c00da05,
		0x4c17ed05,0x4c00da05,0x4c19f504,0x4c00da05,0x4c15ed05,0x4c00da05,0x4c15f604,0x4c00da05,0x4c13ed05,0x4c00da05,
		0x4c11f704,0x4c00da05,0x4c11ed05,0x4c00da05,0x4c0df804,0x4c00da05,0x4c0fed05,0x4c00da05,0x4c09f904,0x4c00da05,
		0x4c0ded05,0x4c00da05,0x4c05fa04,0x4c00da05,0x4c0bed05,0x4c00da05,0x4c01fb04,0x4c00da05,0x4c09ed05,0x4c00da05,
		0x4bfdfc04,0x4c00da05,0x4c07ed05,0x4c00da05,0x4bf9fd04,0x4c00da05,0x4c05ed05,0x4c00da05,0x4bf5fe04,0x4c00da05,
		0x4c03ed05,0x4c00da05,0x4bf1ff04,0x4c00da05,0x4c01ed05,0x4c00da05,0x4bb50000,0x4bb40100,0x4bb30200,0x4bb20300,
		0x4bb10400,0x4bb00500,0x4baf0600,0x4bae0700,0x4bad0800,0x4bac0900,0x4bab0a00,0x4baa0b00,0x4ba90c00,0x4ba80d00,
		0x4ba70e00,0x4ba60f00,0x4ba51000,0x4ba41100,0x4ba31200,0x4ba21300,0x4ba11400,0x4ba01500,0x4b9f1600,0x4b9e1700,
		0x4b9d1800,0x4b9c1900,0x4b9b1a00,0x4b9a1b00,0x4b991c00,0x4b981d00,0x4b971e00,0x4b961f00,0x4b952000,0x4b942100,
		0x4b932200,0x4b922300,0x4b912400,0x4b902500,0x4b8f2600,0x4b8e2700,0x4b8d2800,0x4b8c2900,0x4b8b2a00,0x4b8a2b00,
		0x4b892c00,0x4b882d00,0x4b872e00,0x4b862f00,0x4b853000,0x4b843100,0x4b833200,0x4b823300,0x4b813400,0x4b803500,
		0x4b7f3600,0x4b7e3700,0x4b7d3800,0x4b7c3900,0x4b7b3a00,0x4b7a3b00,0x4b793c00,0x4b783d00,0x4b773e00,0x4b763f00,
		0x4b754000,0x4b744100,0x4b734200,0x4b724300,0x4b714400,0x4b704500,0x4b6f4600,0x4b6e4700,0x4b6d4800,0x4b6c4900,
		0x4b6b4a00,0x4b6a4b00,0x4b694c00,0x4b684d00,0x4b674e00,0x4b664f00,0x4b655000,0x4b645100,0x4b635200,0x4b625300,
		0x4b615400,0x4b605500,0x4b5f5600,0x4b5e5700,0x4b5d5800,0x4b5c5900,0x4b5b5a00,0x4b5a5b00,0x4b595c00,0x4b585d00,
		0x4b575e00,0x4b565f00,0x4b556000,0x4b546100,0x4b536200,0x4b526300,0x4b516400,0x4b506500,0x4b4f6600,0x4b4e6700,
		0x4b4d6800,0x4b4c6900,0x4b4b6a00,0x4b4a6b00,0x4b496c00,0x4b486d00,0x4b476e00,0x4b466f00,0x4b457000,0x4b447100,
		0x4b437200,0x4b427300,0x4b417400,0x4b407500,0x4b3f7600,0x4b3e7700,0x4b3d7800,0x4b3c7900,0x4b3b7a00,0x4b3a7b00,
		0x4b397c00,0x4b387d00,0x4b377e00,0x4b367f00,0x4b358000,0x4b348100,0x4b338200,0x4b328300,0x4b318400,0x4b308500,
		0x4b2f8600,0x4b2e8700,0x4b2d8800,0x4b2c8900,0x4b2b8a00,0x4b2a8b00,0x4b298c00,0x4b288d00,0x4b278e00,0x4b268f00,
		0x4b259000,0x4b249100,0x4b239200,0x4b229300,0x4b219400,0x4b209500,0x4b1f9600,0x4b1e9700,0x4b1d9800,0x4b1c9900,
		0x4b1b9a00,0x4b1a9b00,0x4b199c00,0x4b189d00,0x4b179e00,0x4b169f00,0x4b15a000,0x4b14a100,0x4b13a200,0x4b12a300,
		0x4b11a400,0x4b10a500,0x4b0fa600,0x4b0ea700,0x4b0da800,0x4b0ca900,0x4b0baa00,0x4b0aab00,0x4b09ac00,0x4b08ad00,
		0x4b07ae00,0x4b06af00,0x4b05b000,0x4b04b100,0x4b03b200,0x4b02b300,0x4b01b400,0x4b00b500,0x4affb600,0x4afeb700,
		0x4afdb800,0x4afcb900,0x4afbba00,0x4afabb00,0x4af9bc00,0x4af8bd00,0x4af7be00,0x4af6bf00,0x4af5c000,0x4af4c100,
		0x4af3c200,0x4af2c300,0x4af1c400,0x4af0c500,0x4aefc600,0x4aeec700,0x4aedc800,0x4aecc900,0x4aebca00,0x4aeacb00,
		0x4ae9cc00,0x4ae8cd00,0x4ae7ce00,0x4ae6cf00,0x4ae5d000,0x4ae4d100,0x4ae3d200,0x4ae2d300,0x4ae1d400,0x4ae0d500,
		0x4adfd600,0x4aded700,0x4addd800,0x4adcd900,0x4adbda00,0x4adadb00,0x4ad9dc00,0x4ad8dd00,0x4ad7de00,0x4ad6df00,
		0x4ad5e000,0x4ad4e100,0x4ad3e200,0x4ad2e300,0x4ad1e400,0x4ad0e500,0x4acfe600,0x4acee700,0x4acde800,0x4acce900,
		0x4acbea00,0x4acaeb00,0x4ac9ec00,0x4ac8ed00,0x4ac7ee00,0x4ac6ef00,0x4ac5f000,0x4ac4f100,0x4ac3f200,0x4ac2f300,
		0x4ac1f400,0x4ac0f500,0x4abff600,0x4abef700,0x4abdf800,0x4abcf900,0x4abbfa00,0x4abafb00,0x4ab9fc00,0x4ab8fd00,
		0x4ab7fe00,0x4ab6ff00,0x4adb0002,0x4a00db03,0x4ad90102,0x4a00db03,0x4ad70202,0x4a00db03,0x4ad50302,0x4a00db03,
		0x4ad30402,0x4a00db03,0x4ad10502,0x4a00db03,0x4acf0602,0x4a00db03,0x4acd0702,0x4a00db03,0x4acb0802,0x4a00db03,
		0x4ac90902,0x4a00db03,0x4ac70a02,0x4a00db03,0x4ac50b02,0x4a00db03,0x4ac30c02,0x4a00db03,0x4ac10d02,0x4a00db03,
		0x4abf0e02,0x4a00db03,0x4abd0f02,0x4a00db03,0x4abb1002,0x4a00db03,0x4ab91102,0x4a00db03,0x4ab71202,0x4a00db03,
		0x4ab51302,0x4a00db03,0x4ab31402,0x4a00db03,0x4ab11502,0x4a00db03,0x4aaf1602,0x4a00db03,0x4aad1702,0x4a00db03,
		0x4aab1802,0x4a00db03,0x4aa91902,0x4a00db03,0x4aa71a02,0x4a00db03,0x4aa51b02,0x4a00db03,0x4aa31c02,0x4a00db03,
		0x4aa11d02,0x4a00db03,0x4a9f1e02,0x4a00db03,0x4a9d1f02,0x4a00db03,0x4a9b2002,0x4a00db03,0x4a992102,0x4a00db03,
		0x4a972202,0x4a00db03,0x4a952302,0x4a00db03,0x4a932402,0x4a00db03,0x4a912502,0x4a00db03,0x4a8f2602,0x4a00db03,
		0x4a8d2702,0x4a00db03,0x4a8b2802,0x4a00db03,0x4a892902,0x4a00db03,0x4a872a02,0x4a00db03,0x4a852b02,0x4a00db03,
		0x4a832c02,0x4a00db03,0x4a812d02,0x4a00db03,0x4a7f2e02,0x4a00db03,0x4a7d2f02,0x4a00db03,0x4a7b3002,0x4a00db03,
		0x4a793102,0x4a00db03,0x4a773202,0x4a00db03,0x4a753302,0x4a00db03,0x4a733402,0x4a00db03,0x4a713502,0x4a00db03,
		0x4a6f3602,0x4a00db03,0x4a6d3702,0x4a00db03,0x4a6b3802,0x4a00db03,0x4a693902,0x4a00db03,0x4a673a02,0x4a00db03,
		0x4a653b02,0x4a00db03,0x4a633c02,0x4a00db03,0x4a613d02,0x4a00db03,0x4a5f3e02,0x4a00db03,0x4a5d3f02,0x4a00db03,
		0x4a5bc002,0x4a00db03,0x4a59c102,0x4a00db03,0x4a57c202,0x4a00db03,0x4a55c302,0x4a00db03,0x4a53c402,0x4a00db03,
		0x4a51c502,0x4a00db03,0x4a4fc602,0x4a00db03,0x4a4dc702,0x4a00db03,0x4a4bc802,0x4a00db03,0x4a49c902,0x4a00db03,
		0x4a47ca02,0x4a00db03,0x4a45cb02,0x4a00db03,0x4a43cc02,0x4a00db03,0x4a41cd02,0x4a00db03,0x4a3fce02,0x4a00db03,
		0x4a3dcf02,0x4a00db03,0x4a3bd002,0x4a00db03,0x4a39d102,0x4a00db03,0x4a37d202,0x4a00db03,0x4a35d302,0x4a00db03,
		0x4a33d402,0x4a00db03,0x4a31d502,0x4a00db03,0x4a2fd602,0x4a00db03,0x4a2dd702,0x4a00db03,0x4a2bd802,0x4a00db03,
		0x4a29d902,0x4a00db03,0x4a27da02,0x4a00db03,0x4a25db02,0x4a00db03,0x4a23dc02,0x4a00db03,0x4a21dd02,0x4a00db03,
		0x4a1fde02,0x4a00db03,0x4a1ddf02,0x4a00db03,0x4a1be002,0x4a00db03,0x4a19e102,0x4a00db03,0x4a17e202,0x4a00db03,
		0x4a15e302,0x4a00db03,0x4a13e402,0x4a00db03,0x4a11e502,0x4a00db03,0x4a0fe602,0x4a00db03,0x4a0de702,0x4a00db03,
		0x4a0be802,0x4a00db03,0x4a09e902,0x4a00db03,0x4a07ea02,0x4a00db03,0x4a05eb02,0x4a00db03,0x4a03ec02,0x4a00db03,
		0x4a01ed02,0x4a00db03,0x49ffee02,0x4a00db03,0x49fdef02,0x4a00db03,0x49fbf002,0x4a00db03,0x49f9f102,0x4a00db03,
		0x49f7f202,0x4a00db03,0x49f5f302,0x4a00db03,0x49f3f402,0x4a00db03,0x49f1f502,0x4a00db03,0x49eff602,0x4a00db03,
		0x49edf702,0x4a00db03,0x49ebf802,0x4a00db03,0x49e9f902,0x4a00db03,0x49e7fa02,0x4a00db03,0x49e5fb02,0x4a00db03,
		0x49e3fc02,0x4a00db03,0x49e1fd02,0x4a00db03,0x49dffe02,0x4a00db03,0x49ddff02,0x4a00db03,0x49b70000,0x49b60100,
		0x49b50200,0x49b40300,0x49b30400,0x49b20500,0x49b10600,0x49b00700,0x49af0800,0x49ae0900,0x49ad0a00,0x49ac0b00,
		0x49ab0c00,0x49aa0d00,0x49a90e00,0x49a80f00,0x49a71000,0x49a61100,0x49a51200,0x49a41300,0x49a31400,0x49a21500,
		0x49a11600,0x49a01700,0x499f1800,0x499e1900,0x499d1a00,0x499c1b00,0x499b1c00,0x499a1d00,0x49991e00,0x49981f00,
		0x49972000,0x49962100,0x49952200,0x49942300,0x49932400,0x49922500,0x49912600,0x49902700,0x498f2800,0x498e2900,
		0x498d2a00,0x498c2b00,0x498b2c00,0x498a2d00,0x49892e00,0x49882f00,0x49873000,0x49863100,0x49853200,0x49843300,
		0x49833400,0x49823500,0x49813600,0x49803700,0x497f3800,0x497e3900,0x497d3a00,0x497c3b00,0x497b3c00,0x497a3d00,
		0x49793e00,0x49783f00,0x49774000,0x49764100,0x49754200,0x49744300,0x49734400,0x49724500,0x49714600,0x49704700,
		0x496f4800,0x496e4900,0x496d4a00,0x496c4b00,0x496b4c00,0x496a4d00,0x49694e00,0x49684f00,0x49675000,0x49665100,
		0x49655200,0x49645300,0x49635400,0x49625500,0x49615600,0x49605700,0x495f5800,0x495e5900,0x495d5a00,0x495c5b00,
		0x495b5c00,0x495a5d00,0x49595e00,0x49585f00,0x49576000,0x49566100,0x49556200,0x49546300,0x49536400,0x49526500,
		0x49516600,0x49506700,0x494f6800,0x494e6900,0x494d6a00,0x494c6b00,0x494b6c00,0x494a6d00,0x49496e00,0x49486f00,
		0x49477000,0x49467100,0x49457200,0x49447300,0x49437400,0x49427500,0x49417600,0x49407700,0x493f7800,0x493e7900,
		0x493d7a00,0x493c7b00,0x493b7c00,0x493a7d00,0x49397e00,0x49387f00,0x49378000,0x49368100,0x49358200,0x49348300,
		0x49338400,0x49328500,0x49318600,0x49308700,0x492f8800,0x492e8900,0x492d8a00,0x492c8b00,0x492b8c00,0x492a8d00,
		0x49298e00,0x49288f00,0x49279000,0x49269100,0x49259200,0x49249300,0x49239400,0x49229500,0x49219600,0x49209700,
		0x491f9800,0x491e9900,0x491d9a00,0x491c9b00,0x491b9c00,0x491a9d00,0x49199e00,0x49189f00,0x4917a000,0x4916a100,
		0x4915a200,0x4914a300,0x4913a400,0x4912a500,0x4911a600,0x4910a700,0x490fa800,0x490ea900,0x490daa00,0x490cab00,
		0x490bac00,0x490aad00,0x4909ae00,0x4908af00,0x4907b000,0x4906b100,0x4905b200,0x4904b300,0x4903b400,0x4902b500,
		0x4901b600,0x4900b700,0x48ffb800,0x48feb900,0x48fdba00,0x48fcbb00,0x48fbbc00,0x48fabd00,0x48f9be00,0x48f8bf00,
		0x48f7c000,0x48f6c100,0x48f5c200,0x48f4c300,0x48f3c400,0x48f2c500,0x48f1c600,0x48f0c700,0x48efc800,0x48eec900,
		0x48edca00,0x48eccb00,0x48ebcc00,0x48eacd00,0x48e9ce00,0x48e8cf00,0x48e7d000,0x48e6d100,0x48e5d200,0x48e4d300,
		0x48e3d400,0x48e2d500,0x48e1d600,0x48e0d700,0x48dfd800,0x48ded900,0x48ddda00,0x48dcdb00,0x48dbdc00,0x48dadd00,
		0x48d9de00,0x48d8df00,0x48d7e000,0x48d6e100,0x48d5e200,0x48d4e300,0x48d3e400,0x48d2e500,0x48d1e600,0x48d0e700,
		0x48cfe800,0x48cee900,0x48cdea00,0x48cceb00,0x48cbec00,0x48caed00,0x48c9ee00,0x48c8ef00,0x48c7f000,0x48c6f100,
		0x48c5f200,0x48c4f300,0x48c3f400,0x48c2f500,0x48c1f600,0x48c0f700,0x48bff800,0x48bef900,0x48bdfa00,0x48bcfb00,
		0x48bbfc00,0x48bafd00,0x48b9fe00,0x48b8ff00,0x48f70006,0x4800dc07,0x47ffee07,0x4800dc07,0x47fdf707,0x4800dc07,
		0x47fdee07,0x4800dc07,0x48ef0106,0x4800dc07,0x47fbee07,0x4800dc07,0x47f7f707,0x4800dc07,0x47f9ee07,0x4800dc07,
		0x48e70206,0x4800dc07,0x47f7ee07,0x4800dc07,0x47f1f707,0x4800dc07,0x47f5ee07,0x4800dc07,0x48df0306,0x4800dc07,
		0x47f3ee07,0x4800dc07,0x47ebf707,0x4800dc07,0x47f1ee07,0x4800dc07,0x48d70406,0x4800dc07,0x47efee07,0x4800dc07,
		0x47e5f707,0x4800dc07,0x47edee07,0x4800dc07,0x48cf0506,0x4800dc07,0x47ebee07,0x4800dc07,0x47dff707,0x4800dc07,
		0x47e9ee07,0x4800dc07,0x48c70606,0x4800dc07,0x47e7ee07,0x4800dc07,0x47d9f707,0x4800dc07,0x47e5ee07,0x4800dc07,
		0x48bf0706,0x4800dc07,0x47e3ee07,0x4800dc07,0x47d3f707,0x4800dc07,0x47e1ee07,0x4800dc07,0x48b70806,0x4800dc07,
		0x47dfee07,0x4800dc07,0x47cdf707,0x4800dc07,0x47ddee07,0x4800dc07,0x48af0906,0x4800dc07,0x47dbee07,0x4800dc07,
		0x47c7f707,0x4800dc07,0x47d9ee07,0x4800dc07,0x48a70a06,0x4800dc07,0x47d7ee07,0x4800dc07,0x47c1f707,0x4800dc07,
		0x47d5ee07,0x4800dc07,0x489f0b06,0x4800dc07,0x47d3ee07,0x4800dc07,0x47bbf707,0x4800dc07,0x47d1ee07,0x4800dc07,
		0x48970c06,0x4800dc07,0x47cfee07,0x4800dc07,0x47b5f707,0x4800dc07,0x47cdee07,0x4800dc07,0x488f0d06,0x4800dc07,
		0x47cbee07,0x4800dc07,0x47aff707,0x4800dc07,0x47c9ee07,0x4800dc07,0x48870e06,0x4800dc07,0x47c7ee07,0x4800dc07,
		0x47a9f707,0x4800dc07,0x47c5ee07,0x4800dc07,0x487f0f06,0x4800dc07,0x47c3ee07,0x4800dc07,0x47a3f707,0x4800dc07,
		0x47c1ee07,0x4800dc07,0x4877f006,0x4800dc07,0x483fee07,0x4800dc07,0x485df707,0x4800dc07,0x483dee07,0x4800dc07,
		0x486ff106,0x4800dc07,0x483bee07,0x4800dc07,0x4857f707,0x4800dc07,0x4839ee07,0x4800dc07,0x4867f206,0x4800dc07,
		0x4837ee07,0x4800dc07,0x4851f707,0x4800dc07,0x4835ee07,0x4800dc07,0x485ff306,0x4800dc07,0x4833ee07,0x4800dc07,
		0x484bf707,0x4800dc07,0x4831ee07,0x4800dc07,0x4857f406,0x4800dc07,0x482fee07,0x4800dc07,0x4845f707,0x4800dc07,
		0x482dee07,0x4800dc07,0x484ff506,0x4800dc07,0x482bee07,0x4800dc07,0x483ff707,0x4800dc07,0x4829ee07,0x4800dc07,
		0x4847f606,0x4800dc07,0x4827ee07,0x4800dc07,0x4839f707,0x4800dc07,0x4825ee07,0x4800dc07,0x483ff706,0x4800dc07,
		0x4823ee07,0x4800dc07,0x4833f707,0x4800dc07,0x4821ee07,0x4800dc07,0x4837f806,0x4800dc07,0x481fee07,0x4800dc07,
		0x482df707,0x4800dc07,0x481dee07,0x4800dc07,0x482ff906,0x4800dc07,0x481bee07,0x4800dc07,0x4827f707,0x4800dc07,
		0x4819ee07,0x4800dc07,0x4827fa06,0x4800dc07,0x4817ee07,0x4800dc07,0x4821f707,0x4800dc07,0x4815ee07,0x4800dc07,
		0x481ffb06,0x4800dc07,0x4813ee07,0x4800dc07,0x481bf707,0x4800dc07,0x4811ee07,0x4800dc07,0x4817fc06,0x4800dc07,
		0x480fee07,0x4800dc07,0x4815f707,0x4800dc07,0x480dee07,0x4800dc07,0x480ffd06,0x4800dc07,0x480bee07,0x4800dc07,
		0x480ff707,0x4800dc07,0x4809ee07,0x4800dc07,0x4807fe06,0x4800dc07,0x4807ee07,0x4800dc07,0x4809f707,0x4800dc07,
		0x4805ee07,0x4800dc07,0x47ffff06,0x4800dc07,0x4803ee07,0x4800dc07,0x4803f707,0x4800dc07,0x4801ee07,0x4800dc07,
		0x47b90000,0x47b80100,0x47b70200,0x47b60300,0x47b50400,0x47b40500,0x47b30600,0x47b20700,0x47b10800,0x47b00900,
		0x47af0a00,0x47ae0b00,0x47ad0c00,0x47ac0d00,0x47ab0e00,0x47aa0f00,0x47a91000,0x47a81100,0x47a71200,0x47a61300,
		0x47a51400,0x47a41500,0x47a31600,0x47a21700,0x47a11800,0x47a01900,0x479f1a00,0x479e1b00,0x479d1c00,0x479c1d00,
		0x479b1e00,0x479a1f00,0x47992000,0x47982100,0x47972200,0x47962300,0x47952400,0x47942500,0x47932600,0x47922700,
		0x47912800,0x47902900,0x478f2a00,0x478e2b00,0x478d2c00,0x478c2d00,0x478b2e00,0x478a2f00,0x47893000,0x47883100,
		0x47873200,0x47863300,0x47853400,0x47843500,0x47833600,0x47823700,0x47813800,0x47803900,0x477f3a00,0x477e3b00,
		0x477d3c00,0x477c3d00,0x477b3e00,0x477a3f00,0x47794000,0x47784100,0x47774200,0x47764300,0x47754400,0x47744500,
		0x47734600,0x47724700,0x47714800,0x47704900,0x476f4a00,0x476e4b00,0x476d4c00,0x476c4d00,0x476b4e00,0x476a4f00,
		0x47695000,0x47685100,0x47675200,0x47665300,0x47655400,0x47645500,0x47635600,0x47625700,0x47615800,0x47605900,
		0x475f5a00,0x475e5b00,0x475d5c00,0x475c5d00,0x475b5e00,0x475a5f00,0x47596000,0x47586100,0x47576200,0x47566300,
		0x47556400,0x47546500,0x47536600,0x47526700,0x47516800,0x47506900,0x474f6a00,0x474e6b00,0x474d6c00,0x474c6d00,
		0x474b6e00,0x474a6f00,0x47497000,0x47487100,0x47477200,0x47467300,0x47457400,0x47447500,0x47437600,0x47427700,
		0x47417800,0x47407900,0x473f7a00,0x473e7b00,0x473d7c00,0x473c7d00,0x473b7e00,0x473a7f00,0x47398000,0x47388100,
		0x47378200,0x47368300,0x47358400,0x47348500,0x47338600,0x47328700,0x47318800,0x47308900,0x472f8a00,0x472e8b00,
		0x472d8c00,0x472c8d00,0x472b8e00,0x472a8f00,0x47299000,0x47289100,0x47279200,0x47269300,0x47259400,0x47249500,
		0x47239600,0x47229700,0x47219800,0x47209900,0x471f9a00,0x471e9b00,0x471d9c00,0x471c9d00,0x471b9e00,0x471a9f00,
		0x4719a000,0x4718a100,0x4717a200,0x4716a300,0x4715a400,0x4714a500,0x4713a600,0x4712a700,0x4711a800,0x4710a900,
		0x470faa00,0x470eab00,0x470dac00,0x470cad00,0x470bae00,0x470aaf00,0x4709b000,0x4708b100,0x4707b200,0x4706b300,
		0x4705b400,0x4704b500,0x4703b600,0x4702b700,0x4701b800,0x4700b900,0x46ffba00,0x46febb00,0x46fdbc00,0x46fcbd00,
		0x46fbbe00,0x46fabf00,0x46f9c000,0x46f8c100,0x46f7c200,0x46f6c300,0x46f5c400,0x46f4c500,0x46f3c600,0x46f2c700,
		0x46f1c800,0x46f0c900,0x46efca00,0x46eecb00,0x46edcc00,0x46eccd00,0x46ebce00,0x46eacf00,0x46e9d000,0x46e8d100,
		0x46e7d200,0x46e6d300,0x46e5d400,0x46e4d500,0x46e3d600,0x46e2d700,0x46e1d800,0x46e0d900,0x46dfda00,0x46dedb00,
		0x46dddc00,0x46dcdd00,0x46dbde00,0x46dadf00,0x46d9e000,0x46d8e100,0x46d7e200,0x46d6e300,0x46d5e400,0x46d4e500,
		0x46d3e600,0x46d2e700,0x46d1e800,0x46d0e900,0x46cfea00,0x46ceeb00,0x46cdec00,0x46cced00,0x46cbee00,0x46caef00,
		0x46c9f000,0x46c8f100,0x46c7f200,0x46c6f300,0x46c5f400,0x46c4f500,0x46c3f600,0x46c2f700,0x46c1f800,0x46c0f900,
		0x46bffa00,0x46befb00,0x46bdfc00,0x46bcfd00,0x46bbfe00,0x46baff00,0x46dd0002,0x4600dd03,0x46db0102,0x4600dd03,
		0x46d90202,0x4600dd03,0x46d70302,0x4600dd03,0x46d50402,0x4600dd03,0x46d30502,0x4600dd03,0x46d10602,0x4600dd03,
		0x46cf0702,0x4600dd03,0x46cd0802,0x4600dd03,0x46cb0902,0x4600dd03,0x46c90a02,0x4600dd03,0x46c70b02,0x4600dd03,
		0x46c50c02,0x4600dd03,0x46c30d02,0x4600dd03,0x46c10e02,0x4600dd03,0x46bf0f02,0x4600dd03,0x46bd1002,0x4600dd03,
		0x46bb1102,0x4600dd03,0x46b91202,0x4600dd03,0x46b71302,0x4600dd03,0x46b51402,0x4600dd03,0x46b31502,0x4600dd03,
		0x46b11602,0x4600dd03,0x46af1702,0x4600dd03,0x46ad1802,0x4600dd03,0x46ab1902,0x4600dd03,0x46a91a02,0x4600dd03,
		0x46a71b02,0x4600dd03,0x46a51c02,0x4600dd03,0x46a31d02,0x4600dd03,0x46a11e02,0x4600dd03,0x469f1f02,0x4600dd03,
		0x469d2002,0x4600dd03,0x469b2102,0x4600dd03,0x46992202,0x4600dd03,0x46972302,0x4600dd03,0x46952402,0x4600dd03,
		0x46932502,0x4600dd03,0x46912602,0x4600dd03,0x468f2702,0x4600dd03,0x468d2802,0x4600dd03,0x468b2902,0x4600dd03,
		0x46892a02,0x4600dd03,0x46872b02,0x4600dd03,0x46852c02,0x4600dd03,0x46832d02,0x4600dd03,0x46812e02,0x4600dd03,
		0x467f2f02,0x4600dd03,0x467d3002,0x4600dd03,0x467b3102,0x4600dd03,0x46793202,0x4600dd03,0x46773302,0x4600dd03,
		0x46753402,0x4600dd03,0x46733502,0x4600dd03,0x46713602,0x4600dd03,0x466f3702,0x4600dd03,0x466d3802,0x4600dd03,
		0x466b3902,0x4600dd03,0x46693a02,0x4600dd03,0x46673b02,0x4600dd03,0x46653c02,0x4600dd03,0x46633d02,0x4600dd03,
		0x46613e02,0x4600dd03,0x465f3f02,0x4600dd03,0x465dc002,0x4600dd03,0x465bc102,0x4600dd03,0x4659c202,0x4600dd03,
		0x4657c302,0x4600dd03,0x4655c402,0x4600dd03,0x4653c502,0x4600dd03,0x4651c602,0x4600dd03,0x464fc702,0x4600dd03,
		0x464dc802,0x4600dd03,0x464bc902,0x4600dd03,0x4649ca02,0x4600dd03,0x4647cb02,0x4600dd03,0x4645cc02,0x4600dd03,
		0x4643cd02,0x4600dd03,0x4641ce02,0x4600dd03,0x463fcf02,0x4600dd03,0x463dd002,0x4600dd03,0x463bd102,0x4600dd03,
		0x4639d202,0x4600dd03,0x4637d302,0x4600dd03,0x4635d402,0x4600dd03,0x4633d502,0x4600dd03,0x4631d602,0x4600dd03,
		0x462fd702,0x4600dd03,0x462dd802,0x4600dd03,0x462bd902,0x4600dd03,0x4629da02,0x4600dd03,0x4627db02,0x4600dd03,
		0x4625dc02,0x4600dd03,0x4623dd02,0x4600dd03,0x4621de02,0x4600dd03,0x461fdf02,0x4600dd03,0x461de002,0x4600dd03,
		0x461be102,0x4600dd03,0x4619e202,0x4600dd03,0x4617e302,0x4600dd03,0x4615e402,0x4600dd03,0x4613e502,0x4600dd03,
		0x4611e602,0x4600dd03,0x460fe702,0x4600dd03,0x460de802,0x4600dd03,0x460be902,0x4600dd03,0x4609ea02,0x4600dd03,
		0x4607eb02,0x4600dd03,0x4605ec02,0x4600dd03,0x4603ed02,0x4600dd03,0x4601ee02,0x4600dd03,0x45ffef02,0x4600dd03,
		0x45fdf002,0x4600dd03,0x45fbf102,0x4600dd03,0x45f9f202,0x4600dd03,0x45f7f302,0x4600dd03,0x45f5f402,0x4600dd03,
		0x45f3f502,0x4600dd03,0x45f1f602,0x4600dd03,0x45eff702,0x4600dd03,0x45edf802,0x4600dd03,0x45ebf902,0x4600dd03,
		0x45e9fa02,0x4600dd03,0x45e7fb02,0x4600dd03,0x45e5fc02,0x4600dd03,0x45e3fd02,0x4600dd03,0x45e1fe02,0x4600dd03,
		0x45dfff02,0x4600dd03,0x45bb0000,0x45ba0100,0x45b90200,0x45b80300,0x45b70400,0x45b60500,0x45b50600,0x45b40700,
		0x45b30800,0x45b20900,0x45b10a00,0x45b00b00,0x45af0c00,0x45ae0d00,0x45ad0e00,0x45ac0f00,0x45ab1000,0x45aa1100,
		0x45a91200,0x45a81300,0x45a71400,0x45a61500,0x45a51600,0x45a41700,0x45a31800,0x45a21900,0x45a11a00,0x45a01b00,
		0x459f1c00,0x459e1d00,0x459d1e00,0x459c1f00,0x459b2000,0x459a2100,0x45992200,0x45982300,0x45972400,0x45962500,
		0x45952600,0x45942700,0x45932800,0x45922900,0x45912a00,0x45902b00,0x458f2c00,0x458e2d00,0x458d2e00,0x458c2f00,
		0x458b3000,0x458a3100,0x45893200,0x45883300,0x45873400,0x45863500,0x45853600,0x45843700,0x45833800,0x45823900,
		0x45813a00,0x45803b00,0x457f3c00,0x457e3d00,0x457d3e00,0x457c3f00,0x457b4000,0x457a4100,0x45794200,0x45784300,
		0x45774400,0x45764500,0x45754600,0x45744700,0x45734800,0x45724900,0x45714a00,0x45704b00,0x456f4c00,0x456e4d00,
		0x456d4e00,0x456c4f00,0x456b5000,0x456a5100,0x45695200,0x45685300,0x45675400,0x45665500,0x45655600,0x45645700,
		0x45635800,0x45625900,0x45615a00,0x45605b00,0x455f5c00,0x455e5d00,0x455d5e00,0x455c5f00,0x455b6000,0x455a6100,
		0x45596200,0x45586300,0x45576400,0x45566500,0x45556600,0x45546700,0x45536800,0x45526900,0x45516a00,0x45506b00,
		0x454f6c00,0x454e6d00,0x454d6e00,0x454c6f00,0x454b7000,0x454a7100,0x45497200,0x45487300,0x45477400,0x45467500,
		0x45457600,0x45447700,0x45437800,0x45427900,0x45417a00,0x45407b00,0x453f7c00,0x453e7d00,0x453d7e00,0x453c7f00,
		0x453b8000,0x453a8100,0x45398200,0x45388300,0x45378400,0x45368500,0x45358600,0x45348700,0x45338800,0x45328900,
		0x45318a00,0x45308b00,0x452f8c00,0x452e8d00,0x452d8e00,0x452c8f00,0x452b9000,0x452a9100,0x45299200,0x45289300,
		0x45279400,0x45269500,0x45259600,0x45249700,0x45239800,0x45229900,0x45219a00,0x45209b00,0x451f9c00,0x451e9d00,
		0x451d9e00,0x451c9f00,0x451ba000,0x451aa100,0x4519a200,0x4518a300,0x4517a400,0x4516a500,0x4515a600,0x4514a700,
		0x4513a800,0x4512a900,0x4511aa00,0x4510ab00,0x450fac00,0x450ead00,0x450dae00,0x450caf00,0x450bb000,0x450ab100,
		0x4509b200,0x4508b300,0x4507b400,0x4506b500,0x4505b600,0x4504b700,0x4503b800,0x4502b900,0x4501ba00,0x4500bb00,
		0x44ffbc00,0x44febd00,0x44fdbe00,0x44fcbf00,0x44fbc000,0x44fac100,0x44f9c200,0x44f8c300,0x44f7c400,0x44f6c500,
		0x44f5c600,0x44f4c700,0x44f3c800,0x44f2c900,0x44f1ca00,0x44f0cb00,0x44efcc00,0x44eecd00,0x44edce00,0x44eccf00,
		0x44ebd000,0x44ead100,0x44e9d200,0x44e8d300,0x44e7d400,0x44e6d500,0x44e5d600,0x44e4d700,0x44e3d800,0x44e2d900,
		0x44e1da00,0x44e0db00,0x44dfdc00,0x44dedd00,0x44ddde00,0x44dcdf00,0x44dbe000,0x44dae100,0x44d9e200,0x44d8e300,
		0x44d7e400,0x44d6e500,0x44d5e600,0x44d4e700,0x44d3e800,0x44d2e900,0x44d1ea00,0x44d0eb00,0x44cfec00,0x44ceed00,
		0x44cdee00,0x44ccef00,0x44cbf000,0x44caf100,0x44c9f200,0x44c8f300,0x44c7f400,0x44c6f500,0x44c5f600,0x44c4f700,
		0x44c3f800,0x44c2f900,0x44c1fa00,0x44c0fb00,0x44bffc00,0x44befd00,0x44bdfe00,0x44bcff00,0x44ef0004,0x4400de05,
		0x43ffef05,0x4400de05,0x44eb0104,0x4400de05,0x43fdef05,0x4400de05,0x44e70204,0x4400de05,0x43fbef05,0x4400de05,
		0x44e30304,0x4400de05,0x43f9ef05,0x4400de05,0x44df0404,0x4400de05,0x43f7ef05,0x4400de05,0x44db0504,0x4400de05,
		0x43f5ef05,0x4400de05,0x44d70604,0x4400de05,0x43f3ef05,0x4400de05,0x44d30704,0x4400de05,0x43f1ef05,0x4400de05,
		0x44cf0804,0x4400de05,0x43efef05,0x4400de05,0x44cb0904,0x4400de05,0x43edef05,0x4400de05,0x44c70a04,0x4400de05,
		0x43ebef05,0x4400de05,0x44c30b04,0x4400de05,0x43e9ef05,0x4400de05,0x44bf0c04,0x4400de05,0x43e7ef05,0x4400de05,
		0x44bb0d04,0x4400de05,0x43e5ef05,0x4400de05,0x44b70e04,0x4400de05,0x43e3ef05,0x4400de05,0x44b30f04,0x4400de05,
		0x43e1ef05,0x4400de05,0x44af1004,0x4400de05,0x43dfef05,0x4400de05,0x44ab1104,0x4400de05,0x43ddef05,0x4400de05,
		0x44a71204,0x4400de05,0x43dbef05,0x4400de05,0x44a31304,0x4400de05,0x43d9ef05,0x4400de05,0x449f1404,0x4400de05,
		0x43d7ef05,0x4400de05,0x449b1504,0x4400de05,0x43d5ef05,0x4400de05,0x44971604,0x4400de05,0x43d3ef05,0x4400de05,
		0x44931704,0x4400de05,0x43d1ef05,0x4400de05,0x448f1804,0x4400de05,0x43cfef05,0x4400de05,0x448b1904,0x4400de05,
		0x43cdef05,0x4400de05,0x44871a04,0x4400de05,0x43cbef05,0x4400de05,0x44831b04,0x4400de05,0x43c9ef05,0x4400de05,
		0x447f1c04,0x4400de05,0x43c7ef05,0x4400de05,0x447b1d04,0x4400de05,0x43c5ef05,0x4400de05,0x44771e04,0x4400de05,
		0x43c3ef05,0x4400de05,0x44731f04,0x4400de05,0x43c1ef05,0x4400de05,0x446fe004,0x4400de05,0x443fef05,0x4400de05,
		0x446be104,0x4400de05,0x443def05,0x4400de05,0x4467e204,0x4400de05,0x443bef05,0x4400de05,0x4463e304,0x4400de05,
		0x4439ef05,0x4400de05,0x445fe404,0x4400de05,0x4437ef05,0x4400de05,0x445be504,0x4400de05,0x4435ef05,0x4400de05,
		0x4457e604,0x4400de05,0x4433ef05,0x4400de05,0x4453e704,0x4400de05,0x4431ef05,0x4400de05,0x444fe804,0x4400de05,
		0x442fef05,0x4400de05,0x444be904,0x4400de05,0x442def05,0x4400de05,0x4447ea04,0x4400de05,0x442bef05,0x4400de05,
		0x4443eb04,0x4400de05,0x4429ef05,0x4400de05,0x443fec04,0x4400de05,0x4427ef05,0x4400de05,0x443bed04,0x4400de05,
		0x4425ef05,0x4400de05,0x4437ee04,0x4400de05,0x4423ef05,0x4400de05,0x4433ef04,0x4400de05,0x4421ef05,0x4400de05,
		0x442ff004,0x4400de05,0x441fef05,0x4400de05,0x442bf104,0x4400de05,0x441def05,0x4400de05,0x4427f204,0x4400de05,
		0x441bef05,0x4400de05,0x4423f304,0x4400de05,0x4419ef05,0x4400de05,0x441ff404,0x4400de05,0x4417ef05,0x4400de05,
		0x441bf504,0x4400de05,0x4415ef05,0x4400de05,0x4417f604,0x4400de05,0x4413ef05,0x4400de05,0x4413f704,0x4400de05,
		0x4411ef05,0x4400de05,0x440ff804,0x4400de05,0x440fef05,0x4400de05,0x440bf904,0x4400de05,0x440def05,0x4400de05,
		0x4407fa04,0x4400de05,0x440bef05,0x4400de05,0x4403fb04,0x4400de05,0x4409ef05,0x4400de05,0x43fffc04,0x4400de05,
		0x4407ef05,0x4400de05,0x43fbfd04,0x4400de05,0x4405ef05,0x4400de05,0x43f7fe04,0x4400de05,0x4403ef05,0x4400de05,
		0x43f3ff04,0x4400de05,0x4401ef05,0x4400de05,0x43bd0000,0x43bc0100,0x43bb0200,0x43ba0300,0x43b90400,0x43b80500,
		0x43b70600,0x43b60700,0x43b50800,0x43b40900,0x43b30a00,0x43b20b00,0x43b10c00,0x43b00d00,0x43af0e00,0x43ae0f00,
		0x43ad1000,0x43ac1100,0x43ab1200,0x43aa1300,0x43a91400,0x43a81500,0x43a71600,0x43a61700,0x43a51800,0x43a41900,
		0x43a31a00,0x43a21b00,0x43a11c00,0x43a01d00,0x439f1e00,0x439e1f00,0x439d2000,0x439c2100,0x439b2200,0x439a2300,
		0x43992400,0x43982500,0x43972600,0x43962700,0x43952800,0x43942900,0x43932a00,0x43922b00,0x43912c00,0x43902d00,
		0x438f2e00,0x438e2f00,0x438d3000,0x438c3100,0x438b3200,0x438a3300,0x43893400,0x43883500,0x43873600,0x43863700,
		0x43853800,0x43843900,0x43833a00,0x43823b00,0x43813c00,0x43803d00,0x437f3e00,0x437e3f00,0x437d4000,0x437c4100,
		0x437b4200,0x437a4300,0x43794400,0x43784500,0x43774600,0x43764700,0x43754800,0x43744900,0x43734a00,0x43724b00,
		0x43714c00,0x43704d00,0x436f4e00,0x436e4f00,0x436d5000,0x436c5100,0x436b5200,0x436a5300,0x43695400,0x43685500,
		0x43675600,0x43665700,0x43655800,0x43645900,0x43635a00,0x43625b00,0x43615c00,0x43605d00,0x435f5e00,0x435e5f00,
		0x435d6000,0x435c6100,0x435b6200,0x435a6300,0x43596400,0x43586500,0x43576600,0x43566700,0x43556800,0x43546900,
		0x43536a00,0x43526b00,0x43516c00,0x43506d00,0x434f6e00,0x434e6f00,0x434d7000,0x434c7100,0x434b7200,0x434a7300,
		0x43497400,0x43487500,0x43477600,0x43467700,0x43457800,0x43447900,0x43437a00,0x43427b00,0x43417c00,0x43407d00,
		0x433f7e00,0x433e7f00,0x433d8000,0x433c8100,0x433b8200,0x433a8300,0x43398400,0x43388500,0x43378600,0x43368700,
		0x43358800,0x43348900,0x43338a00,0x43328b00,0x43318c00,0x43308d00,0x432f8e00,0x432e8f00,0x432d9000,0x432c9100,
		0x432b9200,0x432a9300,0x43299400,0x43289500,0x43279600,0x43269700,0x43259800,0x43249900,0x43239a00,0x43229b00,
		0x43219c00,0x43209d00,0x431f9e00,0x431e9f00,0x431da000,0x431ca100,0x431ba200,0x431aa300,0x4319a400,0x4318a500,
		0x4317a600,0x4316a700,0x4315a800,0x4314a900,0x4313aa00,0x4312ab00,0x4311ac00,0x4310ad00,0x430fae00,0x430eaf00,
		0x430db000,0x430cb100,0x430bb200,0x430ab300,0x4309b400,0x4308b500,0x4307b600,0x4306b700,0x4305b800,0x4304b900,
		0x4303ba00,0x4302bb00,0x4301bc00,0x4300bd00,0x42ffbe00,0x42febf00,0x42fdc000,0x42fcc100,0x42fbc200,0x42fac300,
		0x42f9c400,0x42f8c500,0x42f7c600,0x42f6c700,0x42f5c800,0x42f4c900,0x42f3ca00,0x42f2cb00,0x42f1cc00,0x42f0cd00,
		0x42efce00,0x42eecf00,0x42edd000,0x42ecd100,0x42ebd200,0x42ead300,0x42e9d400,0x42e8d500,0x42e7d600,0x42e6d700,
		0x42e5d800,0x42e4d900,0x42e3da00,0x42e2db00,0x42e1dc00,0x42e0dd00,0x42dfde00,0x42dedf00,0x42dde000,0x42dce100,
		0x42dbe200,0x42dae300,0x42d9e400,0x42d8e500,0x42d7e600,0x42d6e700,0x42d5e800,0x42d4e900,0x42d3ea00,0x42d2eb00,
		0x42d1ec00,0x42d0ed00,0x42cfee00,0x42ceef00,0x42cdf000,0x42ccf100,0x42cbf200,0x42caf300,0x42c9f400,0x42c8f500,
		0x42c7f600,0x42c6f700,0x42c5f800,0x42c4f900,0x42c3fa00,0x42c2fb00,0x42c1fc00,0x42c0fd00,0x42bffe00,0x42beff00,
		0x42df0002,0x4200df03,0x42dd0102,0x4200df03,0x42db0202,0x4200df03,0x42d90302,0x4200df03,0x42d70402,0x4200df03,
		0x42d50502,0x4200df03,0x42d30602,0x4200df03,0x42d10702,0x4200df03,0x42cf0802,0x4200df03,0x42cd0902,0x4200df03,
		0x42cb0a02,0x4200df03,0x42c90b02,0x4200df03,0x42c70c02,0x4200df03,0x42c50d02,0x4200df03,0x42c30e02,0x4200df03,
		0x42c10f02,0x4200df03,0x42bf1002,0x4200df03,0x42bd1102,0x4200df03,0x42bb1202,0x4200df03,0x42b91302,0x4200df03,
		0x42b71402,0x4200df03,0x42b51502,0x4200df03,0x42b31602,0x4200df03,0x42b11702,0x4200df03,0x42af1802,0x4200df03,
		0x42ad1902,0x4200df03,0x42ab1a02,0x4200df03,0x42a91b02,0x4200df03,0x42a71c02,0x4200df03,0x42a51d02,0x4200df03,
		0x42a31e02,0x4200df03,0x42a11f02,0x4200df03,0x429f2002,0x4200df03,0x429d2102,0x4200df03,0x429b2202,0x4200df03,
		0x42992302,0x4200df03,0x42972402,0x4200df03,0x42952502,0x4200df03,0x42932602,0x4200df03,0x42912702,0x4200df03,
		0x428f2802,0x4200df03,0x428d2902,0x4200df03,0x428b2a02,0x4200df03,0x42892b02,0x4200df03,0x42872c02,0x4200df03,
		0x42852d02,0x4200df03,0x42832e02,0x4200df03,0x42812f02,0x4200df03,0x427f3002,0x4200df03,0x427d3102,0x4200df03,
		0x427b3202,0x4200df03,0x42793302,0x4200df03,0x42773402,0x4200df03,0x42753502,0x4200df03,0x42733602,0x4200df03,
		0x42713702,0x4200df03,0x426f3802,0x4200df03,0x426d3902,0x4200df03,0x426b3a02,0x4200df03,0x42693b02,0x4200df03,
		0x42673c02,0x4200df03,0x42653d02,0x4200df03,0x42633e02,0x4200df03,0x42613f02,0x4200df03,0x425fc002,0x4200df03,
		0x425dc102,0x4200df03,0x425bc202,0x4200df03,0x4259c302,0x4200df03,0x4257c402,0x4200df03,0x4255c502,0x4200df03,
		0x4253c602,0x4200df03,0x4251c702,0x4200df03,0x424fc802,0x4200df03,0x424dc902,0x4200df03,0x424bca02,0x4200df03,
		0x4249cb02,0x4200df03,0x4247cc02,0x4200df03,0x4245cd02,0x4200df03,0x4243ce02,0x4200df03,0x4241cf02,0x4200df03,
		0x423fd002,0x4200df03,0x423dd102,0x4200df03,0x423bd202,0x4200df03,0x4239d302,0x4200df03,0x4237d402,0x4200df03,
		0x4235d502,0x4200df03,0x4233d602,0x4200df03,0x4231d702,0x4200df03,0x422fd802,0x4200df03,0x422dd902,0x4200df03,
		0x422bda02,0x4200df03,0x4229db02,0x4200df03,0x4227dc02,0x4200df03,0x4225dd02,0x4200df03,0x4223de02,0x4200df03,
		0x4221df02,0x4200df03,0x421fe002,0x4200df03,0x421de102,0x4200df03,0x421be202,0x4200df03,0x4219e302,0x4200df03,
		0x4217e402,0x4200df03,0x4215e502,0x4200df03,0x4213e602,0x4200df03,0x4211e702,0x4200df03,0x420fe802,0x4200df03,
		0x420de902,0x4200df03,0x420bea02,0x4200df03,0x4209eb02,0x4200df03,0x4207ec02,0x4200df03,0x4205ed02,0x4200df03,
		0x4203ee02,0x4200df03,0x4201ef02,0x4200df03,0x41fff002,0x4200df03,0x41fdf102,0x4200df03,0x41fbf202,0x4200df03,
		0x41f9f302,0x4200df03,0x41f7f402,0x4200df03,0x41f5f502,0x4200df03,0x41f3f602,0x4200df03,0x41f1f702,0x4200df03,
		0x41eff802,0x4200df03,0x41edf902,0x4200df03,0x41ebfa02,0x4200df03,0x41e9fb02,0x4200df03,0x41e7fc02,0x4200df03,
		0x41e5fd02,0x4200df03,0x41e3fe02,0x4200df03,0x41e1ff02,0x4200df03,0x41bf0000,0x41be0100,0x41bd0200,0x41bc0300,
		0x41bb0400,0x41ba0500,0x41b90600,0x41b80700,0x41b70800,0x41b60900,0x41b50a00,0x41b40b00,0x41b30c00,0x41b20d00,
		0x41b10e00,0x41b00f00,0x41af1000,0x41ae1100,0x41ad1200,0x41ac1300,0x41ab1400,0x41aa1500,0x41a91600,0x41a81700,
		0x41a71800,0x41a61900,0x41a51a00,0x41a41b00,0x41a31c00,0x41a21d00,0x41a11e00,0x41a01f00,0x419f2000,0x419e2100,
		0x419d2200,0x419c2300,0x419b2400,0x419a2500,0x41992600,0x41982700,0x41972800,0x41962900,0x41952a00,0x41942b00,
		0x41932c00,0x41922d00,0x41912e00,0x41902f00,0x418f3000,0x418e3100,0x418d3200,0x418c3300,0x418b3400,0x418a3500,
		0x41893600,0x41883700,0x41873800,0x41863900,0x41853a00,0x41843b00,0x41833c00,0x41823d00,0x41813e00,0x41803f00,
		0x417f4000,0x417e4100,0x417d4200,0x417c4300,0x417b4400,0x417a4500,0x41794600,0x41784700,0x41774800,0x41764900,
		0x41754a00,0x41744b00,0x41734c00,0x41724d00,0x41714e00,0x41704f00,0x416f5000,0x416e5100,0x416d5200,0x416c5300,
		0x416b5400,0x416a5500,0x41695600,0x41685700,0x41675800,0x41665900,0x41655a00,0x41645b00,0x41635c00,0x41625d00,
		0x41615e00,0x41605f00,0x415f6000,0x415e6100,0x415d6200,0x415c6300,0x415b6400,0x415a6500,0x41596600,0x41586700,
		0x41576800,0x41566900,0x41556a00,0x41546b00,0x41536c00,0x41526d00,0x41516e00,0x41506f00,0x414f7000,0x414e7100,
		0x414d7200,0x414c7300,0x414b7400,0x414a7500,0x41497600,0x41487700,0x41477800,0x41467900,0x41457a00,0x41447b00,
		0x41437c00,0x41427d00,0x41417e00,0x41407f00,0x413f8000,0x413e8100,0x413d8200,0x413c8300,0x413b8400,0x413a8500,
		0x41398600,0x41388700,0x41378800,0x41368900,0x41358a00,0x41348b00,0x41338c00,0x41328d00,0x41318e00,0x41308f00,
		0x412f9000,0x412e9100,0x412d9200,0x412c9300,0x412b9400,0x412a9500,0x41299600,0x41289700,0x41279800,0x41269900,
		0x41259a00,0x41249b00,0x41239c00,0x41229d00,0x41219e00,0x41209f00,0x411fa000,0x411ea100,0x411da200,0x411ca300,
		0x411ba400,0x411aa500,0x4119a600,0x4118a700,0x4117a800,0x4116a900,0x4115aa00,0x4114ab00,0x4113ac00,0x4112ad00,
		0x4111ae00,0x4110af00,0x410fb000,0x410eb100,0x410db200,0x410cb300,0x410bb400,0x410ab500,0x4109b600,0x4108b700,
		0x4107b800,0x4106b900,0x4105ba00,0x4104bb00,0x4103bc00,0x4102bd00,0x4101be00,0x4100bf00,0x40ffc000,0x40fec100,
		0x40fdc200,0x40fcc300,0x40fbc400,0x40fac500,0x40f9c600,0x40f8c700,0x40f7c800,0x40f6c900,0x40f5ca00,0x40f4cb00,
		0x40f3cc00,0x40f2cd00,0x40f1ce00,0x40f0cf00,0x40efd000,0x40eed100,0x40edd200,0x40ecd300,0x40ebd400,0x40ead500,
		0x40e9d600,0x40e8d700,0x40e7d800,0x40e6d900,0x40e5da00,0x40e4db00,0x40e3dc00,0x40e2dd00,0x40e1de00,0x40e0df00,
		0x40dfe000,0x40dee100,0x40dde200,0x40dce300,0x40dbe400,0x40dae500,0x40d9e600,0x40d8e700,0x40d7e800,0x40d6e900,
		0x40d5ea00,0x40d4eb00,0x40d3ec00,0x40d2ed00,0x40d1ee00,0x40d0ef00,0x40cff000,0x40cef100,0x40cdf200,0x40ccf300,
		0x40cbf400,0x40caf500,0x40c9f600,0x40c8f700,0x40c7f800,0x40c6f900,0x40c5fa00,0x40c4fb00,0x40c3fc00,0x40c2fd00,
		0x40c1fe00,0x40c0ff00,0x40ff000c,0x4000e00d,0x3ffff00d,0x4000e00d,0x3ffdf80d,0x4000e00d,0x3ffdf00d,0x4000e00d,
		0x3ff9fc0d,0x4000e00d,0x3ffbf00d,0x4000e00d,0x3ff7f80d,0x4000e00d,0x3ff9f00d,0x4000e00d,0x3ff1fe0d,0x4000e00d,
		0x3ff7f00d,0x4000e00d,0x3ff1f80d,0x4000e00d,0x3ff5f00d,0x4000e00d,0x3febfc0d,0x4000e00d,0x3ff3f00d,0x4000e00d,
		0x3febf80d,0x4000e00d,0x3ff1f00d,0x4000e00d,0x3fe1ff0d,0x4000e00d,0x3feff00d,0x4000e00d,0x3fe5f80d,0x4000e00d,
		0x3fedf00d,0x4000e00d,0x3fddfc0d,0x4000e00d,0x3febf00d,0x4000e00d,0x3fdff80d,0x4000e00d,0x3fe9f00d,0x4000e00d,
		0x3fd3fe0d,0x4000e00d,0x3fe7f00d,0x4000e00d,0x3fd9f80d,0x4000e00d,0x3fe5f00d,0x4000e00d,0x3fcffc0d,0x4000e00d,
		0x3fe3f00d,0x4000e00d,0x3fd3f80d,0x4000e00d,0x3fe1f00d,0x4000e00d,0x40bf010c,0x4000e00d,0x3fdff00d,0x4000e00d,
		0x3fcdf80d,0x4000e00d,0x3fddf00d,0x4000e00d,0x3fc1fc0d,0x4000e00d,0x3fdbf00d,0x4000e00d,0x3fc7f80d,0x4000e00d,
		0x3fd9f00d,0x4000e00d,0x3fb5fe0d,0x4000e00d,0x3fd7f00d,0x4000e00d,0x3fc1f80d,0x4000e00d,0x3fd5f00d,0x4000e00d,
		0x3fb3fc0d,0x4000e00d,0x3fd3f00d,0x4000e00d,0x3fbbf80d,0x4000e00d,0x3fd1f00d,0x4000e00d,0x3fa3ff0d,0x4000e00d,
		0x3fcff00d,0x4000e00d,0x3fb5f80d,0x4000e00d,0x3fcdf00d,0x4000e00d,0x3fa5fc0d,0x4000e00d,0x3fcbf00d,0x4000e00d,
		0x3faff80d,0x4000e00d,0x3fc9f00d,0x4000e00d,0x3f97fe0d,0x4000e00d,0x3fc7f00d,0x4000e00d,0x3fa9f80d,0x4000e00d,
		0x3fc5f00d,0x4000e00d,0x3f97fc0d,0x4000e00d,0x3fc3f00d,0x4000e00d,0x3fa3f80d,0x4000e00d,0x3fc1f00d,0x4000e00d,
		0x407ffe0c,0x4000e00d,0x403ff00d,0x4000e00d,0x405df80d,0x4000e00d,0x403df00d,0x4000e00d,0x4069fc0d,0x4000e00d,
		0x403bf00d,0x4000e00d,0x4057f80d,0x4000e00d,0x4039f00d,0x4000e00d,0x4069fe0d,0x4000e00d,0x4037f00d,0x4000e00d,
		0x4051f80d,0x4000e00d,0x4035f00d,0x4000e00d,0x405bfc0d,0x4000e00d,0x4033f00d,0x4000e00d,0x404bf80d,0x4000e00d,
		0x4031f00d,0x4000e00d,0x405dff0d,0x4000e00d,0x402ff00d,0x4000e00d,0x4045f80d,0x4000e00d,0x402df00d,0x4000e00d,
		0x404dfc0d,0x4000e00d,0x402bf00d,0x4000e00d,0x403ff80d,0x4000e00d,0x4029f00d,0x4000e00d,0x404bfe0d,0x4000e00d,
		0x4027f00d,0x4000e00d,0x4039f80d,0x4000e00d,0x4025f00d,0x4000e00d,0x403ffc0d,0x4000e00d,0x4023f00d,0x4000e00d,
		0x4033f80d,0x4000e00d,0x4021f00d,0x4000e00d,0x403fff0c,0x4000e00d,0x401ff00d,0x4000e00d,0x402df80d,0x4000e00d,
		0x401df00d,0x4000e00d,0x4031fc0d,0x4000e00d,0x401bf00d,0x4000e00d,0x4027f80d,0x4000e00d,0x4019f00d,0x4000e00d,
		0x402dfe0d,0x4000e00d,0x4017f00d,0x4000e00d,0x4021f80d,0x4000e00d,0x4015f00d,0x4000e00d,0x4023fc0d,0x4000e00d,
		0x4013f00d,0x4000e00d,0x401bf80d,0x4000e00d,0x4011f00d,0x4000e00d,0x401fff0d,0x4000e00d,0x400ff00d,0x4000e00d,
		0x4015f80d,0x4000e00d,0x400df00d,0x4000e00d,0x4015fc0d,0x4000e00d,0x400bf00d,0x4000e00d,0x400ff80d,0x4000e00d,
		0x4009f00d,0x4000e00d,0x400ffe0d,0x4000e00d,0x4007f00d,0x4000e00d,0x4009f80d,0x4000e00d,0x4005f00d,0x4000e00d,
		0x4007fc0d,0x4000e00d,0x4003f00d,0x4000e00d,0x4003f80d,0x4000e00d,0x4001f00d,0x4000e00d,0x3fc10000,0x3fc00100,
		0x3fbf0200,0x3fbe0300,0x3fbd0400,0x3fbc0500,0x3fbb0600,0x3fba0700,0x3fb90800,0x3fb80900,0x3fb70a00,0x3fb60b00,
		0x3fb50c00,0x3fb40d00,0x3fb30e00,0x3fb20f00,0x3fb11000,0x3fb01100,0x3faf1200,0x3fae1300,0x3fad1400,0x3fac1500,
		0x3fab1600,0x3faa1700,0x3fa91800,0x3fa81900,0x3fa71a00,0x3fa61b00,0x3fa51c00,0x3fa41d00,0x3fa31e00,0x3fa21f00,
		0x3fa12000,0x3fa02100,0x3f9f2200,0x3f9e2300,0x3f9d2400,0x3f9c2500,0x3f9b2600,0x3f9a2700,0x3f992800,0x3f982900,
		0x3f972a00,0x3f962b00,0x3f952c00,0x3f942d00,0x3f932e00,0x3f922f00,0x3f913000,0x3f903100,0x3f8f3200,0x3f8e3300,
		0x3f8d3400,0x3f8c3500,0x3f8b3600,0x3f8a3700,0x3f893800,0x3f883900,0x3f873a00,0x3f863b00,0x3f853c00,0x3f843d00,
		0x3f833e00,0x3f823f00,0x3f814000,0x3f804100,0x3f7f4200,0x3f7e4300,0x3f7d4400,0x3f7c4500,0x3f7b4600,0x3f7a4700,
		0x3f794800,0x3f784900,0x3f774a00,0x3f764b00,0x3f754c00,0x3f744d00,0x3f734e00,0x3f724f00,0x3f715000,0x3f705100,
		0x3f6f5200,0x3f6e5300,0x3f6d5400,0x3f6c5500,0x3f6b5600,0x3f6a5700,0x3f695800,0x3f685900,0x3f675a00,0x3f665b00,
		0x3f655c00,0x3f645d00,0x3f635e00,0x3f625f00,0x3f616000,0x3f606100,0x3f5f6200,0x3f5e6300,0x3f5d6400,0x3f5c6500,
		0x3f5b6600,0x3f5a6700,0x3f596800,0x3f586900,0x3f576a00,0x3f566b00,0x3f556c00,0x3f546d00,0x3f536e00,0x3f526f00,
		0x3f517000,0x3f507100,0x3f4f7200,0x3f4e7300,0x3f4d7400,0x3f4c7500,0x3f4b7600,0x3f4a7700,0x3f497800,0x3f487900,
		0x3f477a00,0x3f467b00,0x3f457c00,0x3f447d00,0x3f437e00,0x3f427f00,0x3f418000,0x3f408100,0x3f3f8200,0x3f3e8300,
		0x3f3d8400,0x3f3c8500,0x3f3b8600,0x3f3a8700,0x3f398800,0x3f388900,0x3f378a00,0x3f368b00,0x3f358c00,0x3f348d00,
		0x3f338e00,0x3f328f00,0x3f319000,0x3f309100,0x3f2f9200,0x3f2e9300,0x3f2d9400,0x3f2c9500,0x3f2b9600,0x3f2a9700,
		0x3f299800,0x3f289900,0x3f279a00,0x3f269b00,0x3f259c00,0x3f249d00,0x3f239e00,0x3f229f00,0x3f21a000,0x3f20a100,
		0x3f1fa200,0x3f1ea300,0x3f1da400,0x3f1ca500,0x3f1ba600,0x3f1aa700,0x3f19a800,0x3f18a900,0x3f17aa00,0x3f16ab00,
		0x3f15ac00,0x3f14ad00,0x3f13ae00,0x3f12af00,0x3f11b000,0x3f10b100,0x3f0fb200,0x3f0eb300,0x3f0db400,0x3f0cb500,
		0x3f0bb600,0x3f0ab700,0x3f09b800,0x3f08b900,0x3f07ba00,0x3f06bb00,0x3f05bc00,0x3f04bd00,0x3f03be00,0x3f02bf00,
		0x3f01c000,0x3f00c100,0x3effc200,0x3efec300,0x3efdc400,0x3efcc500,0x3efbc600,0x3efac700,0x3ef9c800,0x3ef8c900,
		0x3ef7ca00,0x3ef6cb00,0x3ef5cc00,0x3ef4cd00,0x3ef3ce00,0x3ef2cf00,0x3ef1d000,0x3ef0d100,0x3eefd200,0x3eeed300,
		0x3eedd400,0x3eecd500,0x3eebd600,0x3eead700,0x3ee9d800,0x3ee8d900,0x3ee7da00,0x3ee6db00,0x3ee5dc00,0x3ee4dd00,
		0x3ee3de00,0x3ee2df00,0x3ee1e000,0x3ee0e100,0x3edfe200,0x3edee300,0x3edde400,0x3edce500,0x3edbe600,0x3edae700,
		0x3ed9e800,0x3ed8e900,0x3ed7ea00,0x3ed6eb00,0x3ed5ec00,0x3ed4ed00,0x3ed3ee00,0x3ed2ef00,0x3ed1f000,0x3ed0f100,
		0x3ecff200,0x3ecef300,0x3ecdf400,0x3eccf500,0x3ecbf600,0x3ecaf700,0x3ec9f800,0x3ec8f900,0x3ec7fa00,0x3ec6fb00,
		0x3ec5fc00,0x3ec4fd00,0x3ec3fe00,0x3ec2ff00,0x3ee10002,0x3e00e103,0x3edf0102,0x3e00e103,0x3edd0202,0x3e00e103,
		0x3edb0302,0x3e00e103,0x3ed90402,0x3e00e103,0x3ed70502,0x3e00e103,0x3ed50602,0x3e00e103,0x3ed30702,0x3e00e103,
		0x3ed10802,0x3e00e103,0x3ecf0902,0x3e00e103,0x3ecd0a02,0x3e00e103,0x3ecb0b02,0x3e00e103,0x3ec90c02,0x3e00e103,
		0x3ec70d02,0x3e00e103,0x3ec50e02,0x3e00e103,0x3ec30f02,0x3e00e103,0x3ec11002,0x3e00e103,0x3ebf1102,0x3e00e103,
		0x3ebd1202,0x3e00e103,0x3ebb1302,0x3e00e103,0x3eb91402,0x3e00e103,0x3eb71502,0x3e00e103,0x3eb51602,0x3e00e103,
		0x3eb31702,0x3e00e103,0x3eb11802,0x3e00e103,0x3eaf1902,0x3e00e103,0x3ead1a02,0x3e00e103,0x3eab1b02,0x3e00e103,
		0x3ea91c02,0x3e00e103,0x3ea71d02,0x3e00e103,0x3ea51e02,0x3e00e103,0x3ea31f02,0x3e00e103,0x3ea12002,0x3e00e103,
		0x3e9f2102,0x3e00e103,0x3e9d2202,0x3e00e103,0x3e9b2302,0x3e00e103,0x3e992402,0x3e00e103,0x3e972502,0x3e00e103,
		0x3e952602,0x3e00e103,0x3e932702,0x3e00e103,0x3e912802,0x3e00e103,0x3e8f2902,0x3e00e103,0x3e8d2a02,0x3e00e103,
		0x3e8b2b02,0x3e00e103,0x3e892c02,0x3e00e103,0x3e872d02,0x3e00e103,0x3e852e02,0x3e00e103,0x3e832f02,0x3e00e103,
		0x3e813002,0x3e00e103,0x3e7f3102,0x3e00e103,0x3e7d3202,0x3e00e103,0x3e7b3302,0x3e00e103,0x3e793402,0x3e00e103,
		0x3e773502,0x3e00e103,0x3e753602,0x3e00e103,0x3e733702,0x3e00e103,0x3e713802,0x3e00e103,0x3e6f3902,0x3e00e103,
		0x3e6d3a02,0x3e00e103,0x3e6b3b02,0x3e00e103,0x3e693c02,0x3e00e103,0x3e673d02,0x3e00e103,0x3e653e02,0x3e00e103,
		0x3e633f02,0x3e00e103,0x3e61c002,0x3e00e103,0x3e5fc102,0x3e00e103,0x3e5dc202,0x3e00e103,0x3e5bc302,0x3e00e103,
		0x3e59c402,0x3e00e103,0x3e57c502,0x3e00e103,0x3e55c602,0x3e00e103,0x3e53c702,0x3e00e103,0x3e51c802,0x3e00e103,
		0x3e4fc902,0x3e00e103,0x3e4dca02,0x3e00e103,0x3e4bcb02,0x3e00e103,0x3e49cc02,0x3e00e103,0x3e47cd02,0x3e00e103,
		0x3e45ce02,0x3e00e103,0x3e43cf02,0x3e00e103,0x3e41d002,0x3e00e103,0x3e3fd102,0x3e00e103,0x3e3dd202,0x3e00e103,
		0x3e3bd302,0x3e00e103,0x3e39d402,0x3e00e103,0x3e37d502,0x3e00e103,0x3e35d602,0x3e00e103,0x3e33d702,0x3e00e103,
		0x3e31d802,0x3e00e103,0x3e2fd902,0x3e00e103,0x3e2dda02,0x3e00e103,0x3e2bdb02,0x3e00e103,0x3e29dc02,0x3e00e103,
		0x3e27dd02,0x3e00e103,0x3e25de02,0x3e00e103,0x3e23df02,0x3e00e103,0x3e21e002,0x3e00e103,0x3e1fe102,0x3e00e103,
		0x3e1de202,0x3e00e103,0x3e1be302,0x3e00e103,0x3e19e402,0x3e00e103,0x3e17e502,0x3e00e103,0x3e15e602,0x3e00e103,
		0x3e13e702,0x3e00e103,0x3e11e802,0x3e00e103,0x3e0fe902,0x3e00e103,0x3e0dea02,0x3e00e103,0x3e0beb02,0x3e00e103,
		0x3e09ec02,0x3e00e103,0x3e07ed02,0x3e00e103,0x3e05ee02,0x3e00e103,0x3e03ef02,0x3e00e103,0x3e01f002,0x3e00e103,
		0x3dfff102,0x3e00e103,0x3dfdf202,0x3e00e103,0x3dfbf302,0x3e00e103,0x3df9f402,0x3e00e103,0x3df7f502,0x3e00e103,
		0x3df5f602,0x3e00e103,0x3df3f702,0x3e00e103,0x3df1f802,0x3e00e103,0x3deff902,0x3e00e103,0x3dedfa02,0x3e00e103,
		0x3debfb02,0x3e00e103,0x3de9fc02,0x3e00e103,0x3de7fd02,0x3e00e103,0x3de5fe02,0x3e00e103,0x3de3ff02,0x3e00e103,
		0x3dc30000,0x3dc20100,0x3dc10200,0x3dc00300,0x3dbf0400,0x3dbe0500,0x3dbd0600,0x3dbc0700,0x3dbb0800,0x3dba0900,
		0x3db90a00,0x3db80b00,0x3db70c00,0x3db60d00,0x3db50e00,0x3db40f00,0x3db31000,0x3db21100,0x3db11200,0x3db01300,
		0x3daf1400,0x3dae1500,0x3dad1600,0x3dac1700,0x3dab1800,0x3daa1900,0x3da91a00,0x3da81b00,0x3da71c00,0x3da61d00,
		0x3da51e00,0x3da41f00,0x3da32000,0x3da22100,0x3da12200,0x3da02300,0x3d9f2400,0x3d9e2500,0x3d9d2600,0x3d9c2700,
		0x3d9b2800,0x3d9a2900,0x3d992a00,0x3d982b00,0x3d972c00,0x3d962d00,0x3d952e00,0x3d942f00,0x3d933000,0x3d923100,
		0x3d913200,0x3d903300,0x3d8f3400,0x3d8e3500,0x3d8d3600,0x3d8c3700,0x3d8b3800,0x3d8a3900,0x3d893a00,0x3d883b00,
		0x3d873c00,0x3d863d00,0x3d853e00,0x3d843f00,0x3d834000,0x3d824100,0x3d814200,0x3d804300,0x3d7f4400,0x3d7e4500,
		0x3d7d4600,0x3d7c4700,0x3d7b4800,0x3d7a4900,0x3d794a00,0x3d784b00,0x3d774c00,0x3d764d00,0x3d754e00,0x3d744f00,
		0x3d735000,0x3d725100,0x3d715200,0x3d705300,0x3d6f5400,0x3d6e5500,0x3d6d5600,0x3d6c5700,0x3d6b5800,0x3d6a5900,
		0x3d695a00,0x3d685b00,0x3d675c00,0x3d665d00,0x3d655e00,0x3d645f00,0x3d636000,0x3d626100,0x3d616200,0x3d606300,
		0x3d5f6400,0x3d5e6500,0x3d5d6600,0x3d5c6700,0x3d5b6800,0x3d5a6900,0x3d596a00,0x3d586b00,0x3d576c00,0x3d566d00,
		0x3d556e00,0x3d546f00,0x3d537000,0x3d527100,0x3d517200,0x3d507300,0x3d4f7400,0x3d4e7500,0x3d4d7600,0x3d4c7700,
		0x3d4b7800,0x3d4a7900,0x3d497a00,0x3d487b00,0x3d477c00,0x3d467d00,0x3d457e00,0x3d447f00,0x3d438000,0x3d428100,
		0x3d418200,0x3d408300,0x3d3f8400,0x3d3e8500,0x3d3d8600,0x3d3c8700,0x3d3b8800,0x3d3a8900,0x3d398a00,0x3d388b00,
		0x3d378c00,0x3d368d00,0x3d358e00,0x3d348f00,0x3d339000,0x3d329100,0x3d319200,0x3d309300,0x3d2f9400,0x3d2e9500,
		0x3d2d9600,0x3d2c9700,0x3d2b9800,0x3d2a9900,0x3d299a00,0x3d289b00,0x3d279c00,0x3d269d00,0x3d259e00,0x3d249f00,
		0x3d23a000,0x3d22a100,0x3d21a200,0x3d20a300,0x3d1fa400,0x3d1ea500,0x3d1da600,0x3d1ca700,0x3d1ba800,0x3d1aa900,
		0x3d19aa00,0x3d18ab00,0x3d17ac00,0x3d16ad00,0x3d15ae00,0x3d14af00,0x3d13b000,0x3d12b100,0x3d11b200,0x3d10b300,
		0x3d0fb400,0x3d0eb500,0x3d0db600,0x3d0cb700,0x3d0bb800,0x3d0ab900,0x3d09ba00,0x3d08bb00,0x3d07bc00,0x3d06bd00,
		0x3d05be00,0x3d04bf00,0x3d03c000,0x3d02c100,0x3d01c200,0x3d00c300,0x3cffc400,0x3cfec500,0x3cfdc600,0x3cfcc700,
		0x3cfbc800,0x3cfac900,0x3cf9ca00,0x3cf8cb00,0x3cf7cc00,0x3cf6cd00,0x3cf5ce00,0x3cf4cf00,0x3cf3d000,0x3cf2d100,
		0x3cf1d200,0x3cf0d300,0x3cefd400,0x3ceed500,0x3cedd600,0x3cecd700,0x3cebd800,0x3cead900,0x3ce9da00,0x3ce8db00,
		0x3ce7dc00,0x3ce6dd00,0x3ce5de00,0x3ce4df00,0x3ce3e000,0x3ce2e100,0x3ce1e200,0x3ce0e300,0x3cdfe400,0x3cdee500,
		0x3cdde600,0x3cdce700,0x3cdbe800,0x3cdae900,0x3cd9ea00,0x3cd8eb00,0x3cd7ec00,0x3cd6ed00,0x3cd5ee00,0x3cd4ef00,
		0x3cd3f000,0x3cd2f100,0x3cd1f200,0x3cd0f300,0x3ccff400,0x3ccef500,0x3ccdf600,0x3cccf700,0x3ccbf800,0x3ccaf900,
		0x3cc9fa00,0x3cc8fb00,0x3cc7fc00,0x3cc6fd00,0x3cc5fe00,0x3cc4ff00,0x3cf10004,0x3c00e205,0x3bfff105,0x3c00e205,
		0x3ced0104,0x3c00e205,0x3bfdf105,0x3c00e205,0x3ce90204,0x3c00e205,0x3bfbf105,0x3c00e205,0x3ce50304,0x3c00e205,
		0x3bf9f105,0x3c00e205,0x3ce10404,0x3c00e205,0x3bf7f105,0x3c00e205,0x3cdd0504,0x3c00e205,0x3bf5f105,0x3c00e205,
		0x3cd90604,0x3c00e205,0x3bf3f105,0x3c00e205,0x3cd50704,0x3c00e205,0x3bf1f105,0x3c00e205,0x3cd10804,0x3c00e205,
		0x3beff105,0x3c00e205,0x3ccd0904,0x3c00e205,0x3bedf105,0x3c00e205,0x3cc90a04,0x3c00e205,0x3bebf105,0x3c00e205,
		0x3cc50b04,0x3c00e205,0x3be9f105,0x3c00e205,0x3cc10c04,0x3c00e205,0x3be7f105,0x3c00e205,0x3cbd0d04,0x3c00e205,
		0x3be5f105,0x3c00e205,0x3cb90e04,0x3c00e205,0x3be3f105,0x3c00e205,0x3cb50f04,0x3c00e205,0x3be1f105,0x3c00e205,
		0x3cb11004,0x3c00e205,0x3bdff105,0x3c00e205,0x3cad1104,0x3c00e205,0x3bddf105,0x3c00e205,0x3ca91204,0x3c00e205,
		0x3bdbf105,0x3c00e205,0x3ca51304,0x3c00e205,0x3bd9f105,0x3c00e205,0x3ca11404,0x3c00e205,0x3bd7f105,0x3c00e205,
		0x3c9d1504,0x3c00e205,0x3bd5f105,0x3c00e205,0x3c991604,0x3c00e205,0x3bd3f105,0x3c00e205,0x3c951704,0x3c00e205,
		0x3bd1f105,0x3c00e205,0x3c911804,0x3c00e205,0x3bcff105,0x3c00e205,0x3c8d1904,0x3c00e205,0x3bcdf105,0x3c00e205,
		0x3c891a04,0x3c00e205,0x3bcbf105,0x3c00e205,0x3c851b04,0x3c00e205,0x3bc9f105,0x3c00e205,0x3c811c04,0x3c00e205,
		0x3bc7f105,0x3c00e205,0x3c7d1d04,0x3c00e205,0x3bc5f105,0x3c00e205,0x3c791e04,0x3c00e205,0x3bc3f105,0x3c00e205,
		0x3c751f04,0x3c00e205,0x3bc1f105,0x3c00e205,0x3c71e004,0x3c00e205,0x3c3ff105,0x3c00e205,0x3c6de104,0x3c00e205,
		0x3c3df105,0x3c00e205,0x3c69e204,0x3c00e205,0x3c3bf105,0x3c00e205,0x3c65e304,0x3c00e205,0x3c39f105,0x3c00e205,
		0x3c61e404,0x3c00e205,0x3c37f105,0x3c00e205,0x3c5de504,0x3c00e205,0x3c35f105,0x3c00e205,0x3c59e604,0x3c00e205,
		0x3c33f105,0x3c00e205,0x3c55e704,0x3c00e205,0x3c31f105,0x3c00e205,0x3c51e804,0x3c00e205,0x3c2ff105,0x3c00e205,
		0x3c4de904,0x3c00e205,0x3c2df105,0x3c00e205,0x3c49ea04,0x3c00e205,0x3c2bf105,0x3c00e205,0x3c45eb04,0x3c00e205,
		0x3c29f105,0x3c00e205,0x3c41ec04,0x3c00e205,0x3c27f105,0x3c00e205,0x3c3ded04,0x3c00e205,0x3c25f105,0x3c00e205,
		0x3c39ee04,0x3c00e205,0x3c23f105,0x3c00e205,0x3c35ef04,0x3c00e205,0x3c21f105,0x3c00e205,0x3c31f004,0x3c00e205,
		0x3c1ff105,0x3c00e205,0x3c2df104,0x3c00e205,0x3c1df105,0x3c00e205,0x3c29f204,0x3c00e205,0x3c1bf105,0x3c00e205,
		0x3c25f304,0x3c00e205,0x3c19f105,0x3c00e205,0x3c21f404,0x3c00e205,0x3c17f105,0x3c00e205,0x3c1df504,0x3c00e205,
		0x3c15f105,0x3c00e205,0x3c19f604,0x3c00e205,0x3c13f105,0x3c00e205,0x3c15f704,0x3c00e205,0x3c11f105,0x3c00e205,
		0x3c11f804,0x3c00e205,0x3c0ff105,0x3c00e205,0x3c0df904,0x3c00e205,0x3c0df105,0x3c00e205,0x3c09fa04,0x3c00e205,
		0x3c0bf105,0x3c00e205,0x3c05fb04,0x3c00e205,0x3c09f105,0x3c00e205,0x3c01fc04,0x3c00e205,0x3c07f105,0x3c00e205,
		0x3bfdfd04,0x3c00e205,0x3c05f105,0x3c00e205,0x3bf9fe04,0x3c00e205,0x3c03f105,0x3c00e205,0x3bf5ff04,0x3c00e205,
		0x3c01f105,0x3c00e205,0x3bc50000,0x3bc40100,0x3bc30200,0x3bc20300,0x3bc10400,0x3bc00500,0x3bbf0600,0x3bbe0700,
		0x3bbd0800,0x3bbc0900,0x3bbb0a00,0x3bba0b00,0x3bb90c00,0x3bb80d00,0x3bb70e00,0x3bb60f00,0x3bb51000,0x3bb41100,
		0x3bb31200,0x3bb21300,0x3bb11400,0x3bb01500,0x3baf1600,0x3bae1700,0x3bad1800,0x3bac1900,0x3bab1a00,0x3baa1b00,
		0x3ba91c00,0x3ba81d00,0x3ba71e00,0x3ba61f00,0x3ba52000,0x3ba42100,0x3ba32200,0x3ba22300,0x3ba12400,0x3ba02500,
		0x3b9f2600,0x3b9e2700,0x3b9d2800,0x3b9c2900,0x3b9b2a00,0x3b9a2b00,0x3b992c00,0x3b982d00,0x3b972e00,0x3b962f00,
		0x3b953000,0x3b943100,0x3b933200,0x3b923300,0x3b913400,0x3b903500,0x3b8f3600,0x3b8e3700,0x3b8d3800,0x3b8c3900,
		0x3b8b3a00,0x3b8a3b00,0x3b893c00,0x3b883d00,0x3b873e00,0x3b863f00,0x3b854000,0x3b844100,0x3b834200,0x3b824300,
		0x3b814400,0x3b804500,0x3b7f4600,0x3b7e4700,0x3b7d4800,0x3b7c4900,0x3b7b4a00,0x3b7a4b00,0x3b794c00,0x3b784d00,
		0x3b774e00,0x3b764f00,0x3b755000,0x3b745100,0x3b735200,0x3b725300,0x3b715400,0x3b705500,0x3b6f5600,0x3b6e5700,
		0x3b6d5800,0x3b6c5900,0x3b6b5a00,0x3b6a5b00,0x3b695c00,0x3b685d00,0x3b675e00,0x3b665f00,0x3b656000,0x3b646100,
		0x3b636200,0x3b626300,0x3b616400,0x3b606500,0x3b5f6600,0x3b5e6700,0x3b5d6800,0x3b5c6900,0x3b5b6a00,0x3b5a6b00,
		0x3b596c00,0x3b586d00,0x3b576e00,0x3b566f00,0x3b557000,0x3b547100,0x3b537200,0x3b527300,0x3b517400,0x3b507500,
		0x3b4f7600,0x3b4e7700,0x3b4d7800,0x3b4c7900,0x3b4b7a00,0x3b4a7b00,0x3b497c00,0x3b487d00,0x3b477e00,0x3b467f00,
		0x3b458000,0x3b448100,0x3b438200,0x3b428300,0x3b418400,0x3b408500,0x3b3f8600,0x3b3e8700,0x3b3d8800,0x3b3c8900,
		0x3b3b8a00,0x3b3a8b00,0x3b398c00,0x3b388d00,0x3b378e00,0x3b368f00,0x3b359000,0x3b349100,0x3b339200,0x3b329300,
		0x3b319400,0x3b309500,0x3b2f9600,0x3b2e9700,0x3b2d9800,0x3b2c9900,0x3b2b9a00,0x3b2a9b00,0x3b299c00,0x3b289d00,
		0x3b279e00,0x3b269f00,0x3b25a000,0x3b24a100,0x3b23a200,0x3b22a300,0x3b21a400,0x3b20a500,0x3b1fa600,0x3b1ea700,
		0x3b1da800,0x3b1ca900,0x3b1baa00,0x3b1aab00,0x3b19ac00,0x3b18ad00,0x3b17ae00,0x3b16af00,0x3b15b000,0x3b14b100,
		0x3b13b200,0x3b12b300,0x3b11b400,0x3b10b500,0x3b0fb600,0x3b0eb700,0x3b0db800,0x3b0cb900,0x3b0bba00,0x3b0abb00,
		0x3b09bc00,0x3b08bd00,0x3b07be00,0x3b06bf00,0x3b05c000,0x3b04c100,0x3b03c200,0x3b02c300,0x3b01c400,0x3b00c500,
		0x3affc600,0x3afec700,0x3afdc800,0x3afcc900,0x3afbca00,0x3afacb00,0x3af9cc00,0x3af8cd00,0x3af7ce00,0x3af6cf00,
		0x3af5d000,0x3af4d100,0x3af3d200,0x3af2d300,0x3af1d400,0x3af0d500,0x3aefd600,0x3aeed700,0x3aedd800,0x3aecd900,
		0x3aebda00,0x3aeadb00,0x3ae9dc00,0x3ae8dd00,0x3ae7de00,0x3ae6df00,0x3ae5e000,0x3ae4e100,0x3ae3e200,0x3ae2e300,
		0x3ae1e400,0x3ae0e500,0x3adfe600,0x3adee700,0x3adde800,0x3adce900,0x3adbea00,0x3adaeb00,0x3ad9ec00,0x3ad8ed00,
		0x3ad7ee00,0x3ad6ef00,0x3ad5f000,0x3ad4f100,0x3ad3f200,0x3ad2f300,0x3ad1f400,0x3ad0f500,0x3acff600,0x3acef700,
		0x3acdf800,0x3accf900,0x3acbfa00,0x3acafb00,0x3ac9fc00,0x3ac8fd00,0x3ac7fe00,0x3ac6ff00,0x3ae30002,0x3a00e303,
		0x3ae10102,0x3a00e303,0x3adf0202,0x3a00e303,0x3add0302,0x3a00e303,0x3adb0402,0x3a00e303,0x3ad90502,0x3a00e303,
		0x3ad70602,0x3a00e303,0x3ad50702,0x3a00e303,0x3ad30802,0x3a00e303,0x3ad10902,0x3a00e303,0x3acf0a02,0x3a00e303,
		0x3acd0b02,0x3a00e303,0x3acb0c02,0x3a00e303,0x3ac90d02,0x3a00e303,0x3ac70e02,0x3a00e303,0x3ac50f02,0x3a00e303,
		0x3ac31002,0x3a00e303,0x3ac11102,0x3a00e303,0x3abf1202,0x3a00e303,0x3abd1302,0x3a00e303,0x3abb1402,0x3a00e303,
		0x3ab91502,0x3a00e303,0x3ab71602,0x3a00e303,0x3ab51702,0x3a00e303,0x3ab31802,0x3a00e303,0x3ab11902,0x3a00e303,
		0x3aaf1a02,0x3a00e303,0x3aad1b02,0x3a00e303,0x3aab1c02,0x3a00e303,0x3aa91d02,0x3a00e303,0x3aa71e02,0x3a00e303,
		0x3aa51f02,0x3a00e303,0x3aa32002,0x3a00e303,0x3aa12102,0x3a00e303,0x3a9f2202,0x3a00e303,0x3a9d2302,0x3a00e303,
		0x3a9b2402,0x3a00e303,0x3a992502,0x3a00e303,0x3a972602,0x3a00e303,0x3a952702,0x3a00e303,0x3a932802,0x3a00e303,
		0x3a912902,0x3a00e303,0x3a8f2a02,0x3a00e303,0x3a8d2b02,0x3a00e303,0x3a8b2c02,0x3a00e303,0x3a892d02,0x3a00e303,
		0x3a872e02,0x3a00e303,0x3a852f02,0x3a00e303,0x3a833002,0x3a00e303,0x3a813102,0x3a00e303,0x3a7f3202,0x3a00e303,
		0x3a7d3302,0x3a00e303,0x3a7b3402,0x3a00e303,0x3a793502,0x3a00e303,0x3a773602,0x3a00e303,0x3a753702,0x3a00e303,
		0x3a733802,0x3a00e303,0x3a713902,0x3a00e303,0x3a6f3a02,0x3a00e303,0x3a6d3b02,0x3a00e303,0x3a6b3c02,0x3a00e303,
		0x3a693d02,0x3a00e303,0x3a673e02,0x3a00e303,0x3a653f02,0x3a00e303,0x3a63c002,0x3a00e303,0x3a61c102,0x3a00e303,
		0x3a5fc202,0x3a00e303,0x3a5dc302,0x3a00e303,0x3a5bc402,0x3a00e303,0x3a59c502,0x3a00e303,0x3a57c602,0x3a00e303,
		0x3a55c702,0x3a00e303,0x3a53c802,0x3a00e303,0x3a51c902,0x3a00e303,0x3a4fca02,0x3a00e303,0x3a4dcb02,0x3a00e303,
		0x3a4bcc02,0x3a00e303,0x3a49cd02,0x3a00e303,0x3a47ce02,0x3a00e303,0x3a45cf02,0x3a00e303,0x3a43d002,0x3a00e303,
		0x3a41d102,0x3a00e303,0x3a3fd202,0x3a00e303,0x3a3dd302,0x3a00e303,0x3a3bd402,0x3a00e303,0x3a39d502,0x3a00e303,
		0x3a37d602,0x3a00e303,0x3a35d702,0x3a00e303,0x3a33d802,0x3a00e303,0x3a31d902,0x3a00e303,0x3a2fda02,0x3a00e303,
		0x3a2ddb02,0x3a00e303,0x3a2bdc02,0x3a00e303,0x3a29dd02,0x3a00e303,0x3a27de02,0x3a00e303,0x3a25df02,0x3a00e303,
		0x3a23e002,0x3a00e303,0x3a21e102,0x3a00e303,0x3a1fe202,0x3a00e303,0x3a1de302,0x3a00e303,0x3a1be402,0x3a00e303,
		0x3a19e502,0x3a00e303,0x3a17e602,0x3a00e303,0x3a15e702,0x3a00e303,0x3a13e802,0x3a00e303,0x3a11e902,0x3a00e303,
		0x3a0fea02,0x3a00e303,0x3a0deb02,0x3a00e303,0x3a0bec02,0x3a00e303,0x3a09ed02,0x3a00e303,0x3a07ee02,0x3a00e303,
		0x3a05ef02,0x3a00e303,0x3a03f002,0x3a00e303,0x3a01f102,0x3a00e303,0x39fff202,0x3a00e303,0x39fdf302,0x3a00e303,
		0x39fbf402,0x3a00e303,0x39f9f502,0x3a00e303,0x39f7f602,0x3a00e303,0x39f5f702,0x3a00e303,0x39f3f802,0x3a00e303,
		0x39f1f902,0x3a00e303,0x39effa02,0x3a00e303,0x39edfb02,0x3a00e303,0x39ebfc02,0x3a00e303,0x39e9fd02,0x3a00e303,
		0x39e7fe02,0x3a00e303,0x39e5ff02,0x3a00e303,0x39c70000,0x39c60100,0x39c50200,0x39c40300,0x39c30400,0x39c20500,
		0x39c10600,0x39c00700,0x39bf0800,0x39be0900,0x39bd0a00,0x39bc0b00,0x39bb0c00,0x39ba0d00,0x39b90e00,0x39b80f00,
		0x39b71000,0x39b61100,0x39b51200,0x39b41300,0x39b31400,0x39b21500,0x39b11600,0x39b01700,0x39af1800,0x39ae1900,
		0x39ad1a00,0x39ac1b00,0x39ab1c00,0x39aa1d00,0x39a91e00,0x39a81f00,0x39a72000,0x39a62100,0x39a52200,0x39a42300,
		0x39a32400,0x39a22500,0x39a12600,0x39a02700,0x399f2800,0x399e2900,0x399d2a00,0x399c2b00,0x399b2c00,0x399a2d00,
		0x39992e00,0x39982f00,0x39973000,0x39963100,0x39953200,0x39943300,0x39933400,0x39923500,0x39913600,0x39903700,
		0x398f3800,0x398e3900,0x398d3a00,0x398c3b00,0x398b3c00,0x398a3d00,0x39893e00,0x39883f00,0x39874000,0x39864100,
		0x39854200,0x39844300,0x39834400,0x39824500,0x39814600,0x39804700,0x397f4800,0x397e4900,0x397d4a00,0x397c4b00,
		0x397b4c00,0x397a4d00,0x39794e00,0x39784f00,0x39775000,0x39765100,0x39755200,0x39745300,0x39735400,0x39725500,
		0x39715600,0x39705700,0x396f5800,0x396e5900,0x396d5a00,0x396c5b00,0x396b5c00,0x396a5d00,0x39695e00,0x39685f00,
		0x39676000,0x39666100,0x39656200,0x39646300,0x39636400,0x39626500,0x39616600,0x39606700,0x395f6800,0x395e6900,
		0x395d6a00,0x395c6b00,0x395b6c00,0x395a6d00,0x39596e00,0x39586f00,0x39577000,0x39567100,0x39557200,0x39547300,
		0x39537400,0x39527500,0x39517600,0x39507700,0x394f7800,0x394e7900,0x394d7a00,0x394c7b00,0x394b7c00,0x394a7d00,
		0x39497e00,0x39487f00,0x39478000,0x39468100,0x39458200,0x39448300,0x39438400,0x39428500,0x39418600,0x39408700,
		0x393f8800,0x393e8900,0x393d8a00,0x393c8b00,0x393b8c00,0x393a8d00,0x39398e00,0x39388f00,0x39379000,0x39369100,
		0x39359200,0x39349300,0x39339400,0x39329500,0x39319600,0x39309700,0x392f9800,0x392e9900,0x392d9a00,0x392c9b00,
		0x392b9c00,0x392a9d00,0x39299e00,0x39289f00,0x3927a000,0x3926a100,0x3925a200,0x3924a300,0x3923a400,0x3922a500,
		0x3921a600,0x3920a700,0x391fa800,0x391ea900,0x391daa00,0x391cab00,0x391bac00,0x391aad00,0x3919ae00,0x3918af00,
		0x3917b000,0x3916b100,0x3915b200,0x3914b300,0x3913b400,0x3912b500,0x3911b600,0x3910b700,0x390fb800,0x390eb900,
		0x390dba00,0x390cbb00,0x390bbc00,0x390abd00,0x3909be00,0x3908bf00,0x3907c000,0x3906c100,0x3905c200,0x3904c300,
		0x3903c400,0x3902c500,0x3901c600,0x3900c700,0x38ffc800,0x38fec900,0x38fdca00,0x38fccb00,0x38fbcc00,0x38facd00,
		0x38f9ce00,0x38f8cf00,0x38f7d000,0x38f6d100,0x38f5d200,0x38f4d300,0x38f3d400,0x38f2d500,0x38f1d600,0x38f0d700,
		0x38efd800,0x38eed900,0x38edda00,0x38ecdb00,0x38ebdc00,0x38eadd00,0x38e9de00,0x38e8df00,0x38e7e000,0x38e6e100,
		0x38e5e200,0x38e4e300,0x38e3e400,0x38e2e500,0x38e1e600,0x38e0e700,0x38dfe800,0x38dee900,0x38ddea00,0x38dceb00,
		0x38dbec00,0x38daed00,0x38d9ee00,0x38d8ef00,0x38d7f000,0x38d6f100,0x38d5f200,0x38d4f300,0x38d3f400,0x38d2f500,
		0x38d1f600,0x38d0f700,0x38cff800,0x38cef900,0x38cdfa00,0x38ccfb00,0x38cbfc00,0x38cafd00,0x38c9fe00,0x38c8ff00,
		0x38f90006,0x3800e407,0x37fff207,0x3800e407,0x37fdf907,0x3800e407,0x37fdf207,0x3800e407,0x38f10106,0x3800e407,
		0x37fbf207,0x3800e407,0x37f7f907,0x3800e407,0x37f9f207,0x3800e407,0x38e90206,0x3800e407,0x37f7f207,0x3800e407,
		0x37f1f907,0x3800e407,0x37f5f207,0x3800e407,0x38e10306,0x3800e407,0x37f3f207,0x3800e407,0x37ebf907,0x3800e407,
		0x37f1f207,0x3800e407,0x38d90406,0x3800e407,0x37eff207,0x3800e407,0x37e5f907,0x3800e407,0x37edf207,0x3800e407,
		0x38d10506,0x3800e407,0x37ebf207,0x3800e407,0x37dff907,0x3800e407,0x37e9f207,0x3800e407,0x38c90606,0x3800e407,
		0x37e7f207,0x3800e407,0x37d9f907,0x3800e407,0x37e5f207,0x3800e407,0x38c10706,0x3800e407,0x37e3f207,0x3800e407,
		0x37d3f907,0x3800e407,0x37e1f207,0x3800e407,0x38b90806,0x3800e407,0x37dff207,0x3800e407,0x37cdf907,0x3800e407,
		0x37ddf207,0x3800e407,0x38b10906,0x3800e407,0x37dbf207,0x3800e407,0x37c7f907,0x3800e407,0x37d9f207,0x3800e407,
		0x38a90a06,0x3800e407,0x37d7f207,0x3800e407,0x37c1f907,0x3800e407,0x37d5f207,0x3800e407,0x38a10b06,0x3800e407,
		0x37d3f207,0x3800e407,0x37bbf907,0x3800e407,0x37d1f207,0x3800e407,0x38990c06,0x3800e407,0x37cff207,0x3800e407,
		0x37b5f907,0x3800e407,0x37cdf207,0x3800e407,0x38910d06,0x3800e407,0x37cbf207,0x3800e407,0x37aff907,0x3800e407,
		0x37c9f207,0x3800e407,0x38890e06,0x3800e407,0x37c7f207,0x3800e407,0x37a9f907,0x3800e407,0x37c5f207,0x3800e407,
		0x38810f06,0x3800e407,0x37c3f207,0x3800e407,0x37a3f907,0x3800e407,0x37c1f207,0x3800e407,0x3879f006,0x3800e407,
		0x383ff207,0x3800e407,0x385df907,0x3800e407,0x383df207,0x3800e407,0x3871f106,0x3800e407,0x383bf207,0x3800e407,
		0x3857f907,0x3800e407,0x3839f207,0x3800e407,0x3869f206,0x3800e407,0x3837f207,0x3800e407,0x3851f907,0x3800e407,
		0x3835f207,0x3800e407,0x3861f306,0x3800e407,0x3833f207,0x3800e407,0x384bf907,0x3800e407,0x3831f207,0x3800e407,
		0x3859f406,0x3800e407,0x382ff207,0x3800e407,0x3845f907,0x3800e407,0x382df207,0x3800e407,0x3851f506,0x3800e407,
		0x382bf207,0x3800e407,0x383ff907,0x3800e407,0x3829f207,0x3800e407,0x3849f606,0x3800e407,0x3827f207,0x3800e407,
		0x3839f907,0x3800e407,0x3825f207,0x3800e407,0x3841f706,0x3800e407,0x3823f207,0x3800e407,0x3833f907,0x3800e407,
		0x3821f207,0x3800e407,0x3839f806,0x3800e407,0x381ff207,0x3800e407,0x382df907,0x3800e407,0x381df207,0x3800e407,
		0x3831f906,0x3800e407,0x381bf207,0x3800e407,0x3827f907,0x3800e407,0x3819f207,0x3800e407,0x3829fa06,0x3800e407,
		0x3817f207,0x3800e407,0x3821f907,0x3800e407,0x3815f207,0x3800e407,0x3821fb06,0x3800e407,0x3813f207,0x3800e407,
		0x381bf907,0x3800e407,0x3811f207,0x3800e407,0x3819fc06,0x3800e407,0x380ff207,0x3800e407,0x3815f907,0x3800e407,
		0x380df207,0x3800e407,0x3811fd06,0x3800e407,0x380bf207,0x3800e407,0x380ff907,0x3800e407,0x3809f207,0x3800e407,
		0x3809fe06,0x3800e407,0x3807f207,0x3800e407,0x3809f907,0x3800e407,0x3805f207,0x3800e407,0x3801ff06,0x3800e407,
		0x3803f207,0x3800e407,0x3803f907,0x3800e407,0x3801f207,0x3800e407,0x37c90000,0x37c80100,0x37c70200,0x37c60300,
		0x37c50400,0x37c40500,0x37c30600,0x37c20700,0x37c10800,0x37c00900,0x37bf0a00,0x37be0b00,0x37bd0c00,0x37bc0d00,
		0x37bb0e00,0x37ba0f00,0x37b91000,0x37b81100,0x37b71200,0x37b61300,0x37b51400,0x37b41500,0x37b31600,0x37b21700,
		0x37b11800,0x37b01900,0x37af1a00,0x37ae1b00,0x37ad1c00,0x37ac1d00,0x37ab1e00,0x37aa1f00,0x37a92000,0x37a82100,
		0x37a72200,0x37a62300,0x37a52400,0x37a42500,0x37a32600,0x37a22700,0x37a12800,0x37a02900,0x379f2a00,0x379e2b00,
		0x379d2c00,0x379c2d00,0x379b2e00,0x379a2f00,0x37993000,0x37983100,0x37973200,0x37963300,0x37953400,0x37943500,
		0x37933600,0x37923700,0x37913800,0x37903900,0x378f3a00,0x378e3b00,0x378d3c00,0x378c3d00,0x378b3e00,0x378a3f00,
		0x37894000,0x37884100,0x37874200,0x37864300,0x37854400,0x37844500,0x37834600,0x37824700,0x37814800,0x37804900,
		0x377f4a00,0x377e4b00,0x377d4c00,0x377c4d00,0x377b4e00,0x377a4f00,0x37795000,0x37785100,0x37775200,0x37765300,
		0x37755400,0x37745500,0x37735600,0x37725700,0x37715800,0x37705900,0x376f5a00,0x376e5b00,0x376d5c00,0x376c5d00,
		0x376b5e00,0x376a5f00,0x37696000,0x37686100,0x37676200,0x37666300,0x37656400,0x37646500,0x37636600,0x37626700,
		0x37616800,0x37606900,0x375f6a00,0x375e6b00,0x375d6c00,0x375c6d00,0x375b6e00,0x375a6f00,0x37597000,0x37587100,
		0x37577200,0x37567300,0x37557400,0x37547500,0x37537600,0x37527700,0x37517800,0x37507900,0x374f7a00,0x374e7b00,
		0x374d7c00,0x374c7d00,0x374b7e00,0x374a7f00,0x37498000,0x37488100,0x37478200,0x37468300,0x37458400,0x37448500,
		0x37438600,0x37428700,0x37418800,0x37408900,0x373f8a00,0x373e8b00,0x373d8c00,0x373c8d00,0x373b8e00,0x373a8f00,
		0x37399000,0x37389100,0x37379200,0x37369300,0x37359400,0x37349500,0x37339600,0x37329700,0x37319800,0x37309900,
		0x372f9a00,0x372e9b00,0x372d9c00,0x372c9d00,0x372b9e00,0x372a9f00,0x3729a000,0x3728a100,0x3727a200,0x3726a300,
		0x3725a400,0x3724a500,0x3723a600,0x3722a700,0x3721a800,0x3720a900,0x371faa00,0x371eab00,0x371dac00,0x371cad00,
		0x371bae00,0x371aaf00,0x3719b000,0x3718b100,0x3717b200,0x3716b300,0x3715b400,0x3714b500,0x3713b600,0x3712b700,
		0x3711b800,0x3710b900,0x370fba00,0x370ebb00,0x370dbc00,0x370cbd00,0x370bbe00,0x370abf00,0x3709c000,0x3708c100,
		0x3707c200,0x3706c300,0x3705c400,0x3704c500,0x3703c600,0x3702c700,0x3701c800,0x3700c900,0x36ffca00,0x36fecb00,
		0x36fdcc00,0x36fccd00,0x36fbce00,0x36facf00,0x36f9d000,0x36f8d100,0x36f7d200,0x36f6d300,0x36f5d400,0x36f4d500,
		0x36f3d600,0x36f2d700,0x36f1d800,0x36f0d900,0x36efda00,0x36eedb00,0x36eddc00,0x36ecdd00,0x36ebde00,0x36eadf00,
		0x36e9e000,0x36e8e100,0x36e7e200,0x36e6e300,0x36e5e400,0x36e4e500,0x36e3e600,0x36e2e700,0x36e1e800,0x36e0e900,
		0x36dfea00,0x36deeb00,0x36ddec00,0x36dced00,0x36dbee00,0x36daef00,0x36d9f000,0x36d8f100,0x36d7f200,0x36d6f300,
		0x36d5f400,0x36d4f500,0x36d3f600,0x36d2f700,0x36d1f800,0x36d0f900,0x36cffa00,0x36cefb00,0x36cdfc00,0x36ccfd00,
		0x36cbfe00,0x36caff00,0x36e50002,0x3600e503,0x36e30102,0x3600e503,0x36e10202,0x3600e503,0x36df0302,0x3600e503,
		0x36dd0402,0x3600e503,0x36db0502,0x3600e503,0x36d90602,0x3600e503,0x36d70702,0x3600e503,0x36d50802,0x3600e503,
		0x36d30902,0x3600e503,0x36d10a02,0x3600e503,0x36cf0b02,0x3600e503,0x36cd0c02,0x3600e503,0x36cb0d02,0x3600e503,
		0x36c90e02,0x3600e503,0x36c70f02,0x3600e503,0x36c51002,0x3600e503,0x36c31102,0x3600e503,0x36c11202,0x3600e503,
		0x36bf1302,0x3600e503,0x36bd1402,0x3600e503,0x36bb1502,0x3600e503,0x36b91602,0x3600e503,0x36b71702,0x3600e503,
		0x36b51802,0x3600e503,0x36b31902,0x3600e503,0x36b11a02,0x3600e503,0x36af1b02,0x3600e503,0x36ad1c02,0x3600e503,
		0x36ab1d02,0x3600e503,0x36a91e02,0x3600e503,0x36a71f02,0x3600e503,0x36a52002,0x3600e503,0x36a32102,0x3600e503,
		0x36a12202,0x3600e503,0x369f2302,0x3600e503,0x369d2402,0x3600e503,0x369b2502,0x3600e503,0x36992602,0x3600e503,
		0x36972702,0x3600e503,0x36952802,0x3600e503,0x36932902,0x3600e503,0x36912a02,0x3600e503,0x368f2b02,0x3600e503,
		0x368d2c02,0x3600e503,0x368b2d02,0x3600e503,0x36892e02,0x3600e503,0x36872f02,0x3600e503,0x36853002,0x3600e503,
		0x36833102,0x3600e503,0x36813202,0x3600e503,0x367f3302,0x3600e503,0x367d3402,0x3600e503,0x367b3502,0x3600e503,
		0x36793602,0x3600e503,0x36773702,0x3600e503,0x36753802,0x3600e503,0x36733902,0x3600e503,0x36713a02,0x3600e503,
		0x366f3b02,0x3600e503,0x366d3c02,0x3600e503,0x366b3d02,0x3600e503,0x36693e02,0x3600e503,0x36673f02,0x3600e503,
		0x3665c002,0x3600e503,0x3663c102,0x3600e503,0x3661c202,0x3600e503,0x365fc302,0x3600e503,0x365dc402,0x3600e503,
		0x365bc502,0x3600e503,0x3659c602,0x3600e503,0x3657c702,0x3600e503,0x3655c802,0x3600e503,0x3653c902,0x3600e503,
		0x3651ca02,0x3600e503,0x364fcb02,0x3600e503,0x364dcc02,0x3600e503,0x364bcd02,0x3600e503,0x3649ce02,0x3600e503,
		0x3647cf02,0x3600e503,0x3645d002,0x3600e503,0x3643d102,0x3600e503,0x3641d202,0x3600e503,0x363fd302,0x3600e503,
		0x363dd402,0x3600e503,0x363bd502,0x3600e503,0x3639d602,0x3600e503,0x3637d702,0x3600e503,0x3635d802,0x3600e503,
		0x3633d902,0x3600e503,0x3631da02,0x3600e503,0x362fdb02,0x3600e503,0x362ddc02,0x3600e503,0x362bdd02,0x3600e503,
		0x3629de02,0x3600e503,0x3627df02,0x3600e503,0x3625e002,0x3600e503,0x3623e102,0x3600e503,0x3621e202,0x3600e503,
		0x361fe302,0x3600e503,0x361de402,0x3600e503,0x361be502,0x3600e503,0x3619e602,0x3600e503,0x3617e702,0x3600e503,
		0x3615e802,0x3600e503,0x3613e902,0x3600e503,0x3611ea02,0x3600e503,0x360feb02,0x3600e503,0x360dec02,0x3600e503,
		0x360bed02,0x3600e503,0x3609ee02,0x3600e503,0x3607ef02,0x3600e503,0x3605f002,0x3600e503,0x3603f102,0x3600e503,
		0x3601f202,0x3600e503,0x35fff302,0x3600e503,0x35fdf402,0x3600e503,0x35fbf502,0x3600e503,0x35f9f602,0x3600e503,
		0x35f7f702,0x3600e503,0x35f5f802,0x3600e503,0x35f3f902,0x3600e503,0x35f1fa02,0x3600e503,0x35effb02,0x3600e503,
		0x35edfc02,0x3600e503,0x35ebfd02,0x3600e503,0x35e9fe02,0x3600e503,0x35e7ff02,0x3600e503,0x35cb0000,0x35ca0100,
		0x35c90200,0x35c80300,0x35c70400,0x35c60500,0x35c50600,0x35c40700,0x35c30800,0x35c20900,0x35c10a00,0x35c00b00,
		0x35bf0c00,0x35be0d00,0x35bd0e00,0x35bc0f00,0x35bb1000,0x35ba1100,0x35b91200,0x35b81300,0x35b71400,0x35b61500,
		0x35b51600,0x35b41700,0x35b31800,0x35b21900,0x35b11a00,0x35b01b00,0x35af1c00,0x35ae1d00,0x35ad1e00,0x35ac1f00,
		0x35ab2000,0x35aa2100,0x35a92200,0x35a82300,0x35a72400,0x35a62500,0x35a52600,0x35a42700,0x35a32800,0x35a22900,
		0x35a12a00,0x35a02b00,0x359f2c00,0x359e2d00,0x359d2e00,0x359c2f00,0x359b3000,0x359a3100,0x35993200,0x35983300,
		0x35973400,0x35963500,0x35953600,0x35943700,0x35933800,0x35923900,0x35913a00,0x35903b00,0x358f3c00,0x358e3d00,
		0x358d3e00,0x358c3f00,0x358b4000,0x358a4100,0x35894200,0x35884300,0x35874400,0x35864500,0x35854600,0x35844700,
		0x35834800,0x35824900,0x35814a00,0x35804b00,0x357f4c00,0x357e4d00,0x357d4e00,0x357c4f00,0x357b5000,0x357a5100,
		0x35795200,0x35785300,0x35775400,0x35765500,0x35755600,0x35745700,0x35735800,0x35725900,0x35715a00,0x35705b00,
		0x356f5c00,0x356e5d00,0x356d5e00,0x356c5f00,0x356b6000,0x356a6100,0x35696200,0x35686300,0x35676400,0x35666500,
		0x35656600,0x35646700,0x35636800,0x35626900,0x35616a00,0x35606b00,0x355f6c00,0x355e6d00,0x355d6e00,0x355c6f00,
		0x355b7000,0x355a7100,0x35597200,0x35587300,0x35577400,0x35567500,0x35557600,0x35547700,0x35537800,0x35527900,
		0x35517a00,0x35507b00,0x354f7c00,0x354e7d00,0x354d7e00,0x354c7f00,0x354b8000,0x354a8100,0x35498200,0x35488300,
		0x35478400,0x35468500,0x35458600,0x35448700,0x35438800,0x35428900,0x35418a00,0x35408b00,0x353f8c00,0x353e8d00,
		0x353d8e00,0x353c8f00,0x353b9000,0x353a9100,0x35399200,0x35389300,0x35379400,0x35369500,0x35359600,0x35349700,
		0x35339800,0x35329900,0x35319a00,0x35309b00,0x352f9c00,0x352e9d00,0x352d9e00,0x352c9f00,0x352ba000,0x352aa100,
		0x3529a200,0x3528a300,0x3527a400,0x3526a500,0x3525a600,0x3524a700,0x3523a800,0x3522a900,0x3521aa00,0x3520ab00,
		0x351fac00,0x351ead00,0x351dae00,0x351caf00,0x351bb000,0x351ab100,0x3519b200,0x3518b300,0x3517b400,0x3516b500,
		0x3515b600,0x3514b700,0x3513b800,0x3512b900,0x3511ba00,0x3510bb00,0x350fbc00,0x350ebd00,0x350dbe00,0x350cbf00,
		0x350bc000,0x350ac100,0x3509c200,0x3508c300,0x3507c400,0x3506c500,0x3505c600,0x3504c700,0x3503c800,0x3502c900,
		0x3501ca00,0x3500cb00,0x34ffcc00,0x34fecd00,0x34fdce00,0x34fccf00,0x34fbd000,0x34fad100,0x34f9d200,0x34f8d300,
		0x34f7d400,0x34f6d500,0x34f5d600,0x34f4d700,0x34f3d800,0x34f2d900,0x34f1da00,0x34f0db00,0x34efdc00,0x34eedd00,
		0x34edde00,0x34ecdf00,0x34ebe000,0x34eae100,0x34e9e200,0x34e8e300,0x34e7e400,0x34e6e500,0x34e5e600,0x34e4e700,
		0x34e3e800,0x34e2e900,0x34e1ea00,0x34e0eb00,0x34dfec00,0x34deed00,0x34ddee00,0x34dcef00,0x34dbf000,0x34daf100,
		0x34d9f200,0x34d8f300,0x34d7f400,0x34d6f500,0x34d5f600,0x34d4f700,0x34d3f800,0x34d2f900,0x34d1fa00,0x34d0fb00,
		0x34cffc00,0x34cefd00,0x34cdfe00,0x34ccff00,0x34f30004,0x3400e605,0x33fff305,0x3400e605,0x34ef0104,0x3400e605,
		0x33fdf305,0x3400e605,0x34eb0204,0x3400e605,0x33fbf305,0x3400e605,0x34e70304,0x3400e605,0x33f9f305,0x3400e605,
		0x34e30404,0x3400e605,0x33f7f305,0x3400e605,0x34df0504,0x3400e605,0x33f5f305,0x3400e605,0x34db0604,0x3400e605,
		0x33f3f305,0x3400e605,0x34d70704,0x3400e605,0x33f1f305,0x3400e605,0x34d30804,0x3400e605,0x33eff305,0x3400e605,
		0x34cf0904,0x3400e605,0x33edf305,0x3400e605,0x34cb0a04,0x3400e605,0x33ebf305,0x3400e605,0x34c70b04,0x3400e605,
		0x33e9f305,0x3400e605,0x34c30c04,0x3400e605,0x33e7f305,0x3400e605,0x34bf0d04,0x3400e605,0x33e5f305,0x3400e605,
		0x34bb0e04,0x3400e605,0x33e3f305,0x3400e605,0x34b70f04,0x3400e605,0x33e1f305,0x3400e605,0x34b31004,0x3400e605,
		0x33dff305,0x3400e605,0x34af1104,0x3400e605,0x33ddf305,0x3400e605,0x34ab1204,0x3400e605,0x33dbf305,0x3400e605,
		0x34a71304,0x3400e605,0x33d9f305,0x3400e605,0x34a31404,0x3400e605,0x33d7f305,0x3400e605,0x349f1504,0x3400e605,
		0x33d5f305,0x3400e605,0x349b1604,0x3400e605,0x33d3f305,0x3400e605,0x34971704,0x3400e605,0x33d1f305,0x3400e605,
		0x34931804,0x3400e605,0x33cff305,0x3400e605,0x348f1904,0x3400e605,0x33cdf305,0x3400e605,0x348b1a04,0x3400e605,
		0x33cbf305,0x3400e605,0x34871b04,0x3400e605,0x33c9f305,0x3400e605,0x34831c04,0x3400e605,0x33c7f305,0x3400e605,
		0x347f1d04,0x3400e605,0x33c5f305,0x3400e605,0x347b1e04,0x3400e605,0x33c3f305,0x3400e605,0x34771f04,0x3400e605,
		0x33c1f305,0x3400e605,0x3473e004,0x3400e605,0x343ff305,0x3400e605,0x346fe104,0x3400e605,0x343df305,0x3400e605,
		0x346be204,0x3400e605,0x343bf305,0x3400e605,0x3467e304,0x3400e605,0x3439f305,0x3400e605,0x3463e404,0x3400e605,
		0x3437f305,0x3400e605,0x345fe504,0x3400e605,0x3435f305,0x3400e605,0x345be604,0x3400e605,0x3433f305,0x3400e605,
		0x3457e704,0x3400e605,0x3431f305,0x3400e605,0x3453e804,0x3400e605,0x342ff305,0x3400e605,0x344fe904,0x3400e605,
		0x342df305,0x3400e605,0x344bea04,0x3400e605,0x342bf305,0x3400e605,0x3447eb04,0x3400e605,0x3429f305,0x3400e605,
		0x3443ec04,0x3400e605,0x3427f305,0x3400e605,0x343fed04,0x3400e605,0x3425f305,0x3400e605,0x343bee04,0x3400e605,
		0x3423f305,0x3400e605,0x3437ef04,0x3400e605,0x3421f305,0x3400e605,0x3433f004,0x3400e605,0x341ff305,0x3400e605,
		0x342ff104,0x3400e605,0x341df305,0x3400e605,0x342bf204,0x3400e605,0x341bf305,0x3400e605,0x3427f304,0x3400e605,
		0x3419f305,0x3400e605,0x3423f404,0x3400e605,0x3417f305,0x3400e605,0x341ff504,0x3400e605,0x3415f305,0x3400e605,
		0x341bf604,0x3400e605,0x3413f305,0x3400e605,0x3417f704,0x3400e605,0x3411f305,0x3400e605,0x3413f804,0x3400e605,
		0x340ff305,0x3400e605,0x340ff904,0x3400e605,0x340df305,0x3400e605,0x340bfa04,0x3400e605,0x340bf305,0x3400e605,
		0x3407fb04,0x3400e605,0x3409f305,0x3400e605,0x3403fc04,0x3400e605,0x3407f305,0x3400e605,0x33fffd04,0x3400e605,
		0x3405f305,0x3400e605,0x33fbfe04,0x3400e605,0x3403f305,0x3400e605,0x33f7ff04,0x3400e605,0x3401f305,0x3400e605,
		0x33cd0000,0x33cc0100,0x33cb0200,0x33ca0300,0x33c90400,0x33c80500,0x33c70600,0x33c60700,0x33c50800,0x33c40900,
		0x33c30a00,0x33c20b00,0x33c10c00,0x33c00d00,0x33bf0e00,0x33be0f00,0x33bd1000,0x33bc1100,0x33bb1200,0x33ba1300,
		0x33b91400,0x33b81500,0x33b71600,0x33b61700,0x33b51800,0x33b41900,0x33b31a00,0x33b21b00,0x33b11c00,0x33b01d00,
		0x33af1e00,0x33ae1f00,0x33ad2000,0x33ac2100,0x33ab2200,0x33aa2300,0x33a92400,0x33a82500,0x33a72600,0x33a62700,
		0x33a52800,0x33a42900,0x33a32a00,0x33a22b00,0x33a12c00,0x33a02d00,0x339f2e00,0x339e2f00,0x339d3000,0x339c3100,
		0x339b3200,0x339a3300,0x33993400,0x33983500,0x33973600,0x33963700,0x33953800,0x33943900,0x33933a00,0x33923b00,
		0x33913c00,0x33903d00,0x338f3e00,0x338e3f00,0x338d4000,0x338c4100,0x338b4200,0x338a4300,0x33894400,0x33884500,
		0x33874600,0x33864700,0x33854800,0x33844900,0x33834a00,0x33824b00,0x33814c00,0x33804d00,0x337f4e00,0x337e4f00,
		0x337d5000,0x337c5100,0x337b5200,0x337a5300,0x33795400,0x33785500,0x33775600,0x33765700,0x33755800,0x33745900,
		0x33735a00,0x33725b00,0x33715c00,0x33705d00,0x336f5e00,0x336e5f00,0x336d6000,0x336c6100,0x336b6200,0x336a6300,
		0x33696400,0x33686500,0x33676600,0x33666700,0x33656800,0x33646900,0x33636a00,0x33626b00,0x33616c00,0x33606d00,
		0x335f6e00,0x335e6f00,0x335d7000,0x335c7100,0x335b7200,0x335a7300,0x33597400,0x33587500,0x33577600,0x33567700,
		0x33557800,0x33547900,0x33537a00,0x33527b00,0x33517c00,0x33507d00,0x334f7e00,0x334e7f00,0x334d8000,0x334c8100,
		0x334b8200,0x334a8300,0x33498400,0x33488500,0x33478600,0x33468700,0x33458800,0x33448900,0x33438a00,0x33428b00,
		0x33418c00,0x33408d00,0x333f8e00,0x333e8f00,0x333d9000,0x333c9100,0x333b9200,0x333a9300,0x33399400,0x33389500,
		0x33379600,0x33369700,0x33359800,0x33349900,0x33339a00,0x33329b00,0x33319c00,0x33309d00,0x332f9e00,0x332e9f00,
		0x332da000,0x332ca100,0x332ba200,0x332aa300,0x3329a400,0x3328a500,0x3327a600,0x3326a700,0x3325a800,0x3324a900,
		0x3323aa00,0x3322ab00,0x3321ac00,0x3320ad00,0x331fae00,0x331eaf00,0x331db000,0x331cb100,0x331bb200,0x331ab300,
		0x3319b400,0x3318b500,0x3317b600,0x3316b700,0x3315b800,0x3314b900,0x3313ba00,0x3312bb00,0x3311bc00,0x3310bd00,
		0x330fbe00,0x330ebf00,0x330dc000,0x330cc100,0x330bc200,0x330ac300,0x3309c400,0x3308c500,0x3307c600,0x3306c700,
		0x3305c800,0x3304c900,0x3303ca00,0x3302cb00,0x3301cc00,0x3300cd00,0x32ffce00,0x32fecf00,0x32fdd000,0x32fcd100,
		0x32fbd200,0x32fad300,0x32f9d400,0x32f8d500,0x32f7d600,0x32f6d700,0x32f5d800,0x32f4d900,0x32f3da00,0x32f2db00,
		0x32f1dc00,0x32f0dd00,0x32efde00,0x32eedf00,0x32ede000,0x32ece100,0x32ebe200,0x32eae300,0x32e9e400,0x32e8e500,
		0x32e7e600,0x32e6e700,0x32e5e800,0x32e4e900,0x32e3ea00,0x32e2eb00,0x32e1ec00,0x32e0ed00,0x32dfee00,0x32deef00,
		0x32ddf000,0x32dcf100,0x32dbf200,0x32daf300,0x32d9f400,0x32d8f500,0x32d7f600,0x32d6f700,0x32d5f800,0x32d4f900,
		0x32d3fa00,0x32d2fb00,0x32d1fc00,0x32d0fd00,0x32cffe00,0x32ceff00,0x32e70002,0x3200e703,0x32e50102,0x3200e703,
		0x32e30202,0x3200e703,0x32e10302,0x3200e703,0x32df0402,0x3200e703,0x32dd0502,0x3200e703,0x32db0602,0x3200e703,
		0x32d90702,0x3200e703,0x32d70802,0x3200e703,0x32d50902,0x3200e703,0x32d30a02,0x3200e703,0x32d10b02,0x3200e703,
		0x32cf0c02,0x3200e703,0x32cd0d02,0x3200e703,0x32cb0e02,0x3200e703,0x32c90f02,0x3200e703,0x32c71002,0x3200e703,
		0x32c51102,0x3200e703,0x32c31202,0x3200e703,0x32c11302,0x3200e703,0x32bf1402,0x3200e703,0x32bd1502,0x3200e703,
		0x32bb1602,0x3200e703,0x32b91702,0x3200e703,0x32b71802,0x3200e703,0x32b51902,0x3200e703,0x32b31a02,0x3200e703,
		0x32b11b02,0x3200e703,0x32af1c02,0x3200e703,0x32ad1d02,0x3200e703,0x32ab1e02,0x3200e703,0x32a91f02,0x3200e703,
		0x32a72002,0x3200e703,0x32a52102,0x3200e703,0x32a32202,0x3200e703,0x32a12302,0x3200e703,0x329f2402,0x3200e703,
		0x329d2502,0x3200e703,0x329b2602,0x3200e703,0x32992702,0x3200e703,0x32972802,0x3200e703,0x32952902,0x3200e703,
		0x32932a02,0x3200e703,0x32912b02,0x3200e703,0x328f2c02,0x3200e703,0x328d2d02,0x3200e703,0x328b2e02,0x3200e703,
		0x32892f02,0x3200e703,0x32873002,0x3200e703,0x32853102,0x3200e703,0x32833202,0x3200e703,0x32813302,0x3200e703,
		0x327f3402,0x3200e703,0x327d3502,0x3200e703,0x327b3602,0x3200e703,0x32793702,0x3200e703,0x32773802,0x3200e703,
		0x32753902,0x3200e703,0x32733a02,0x3200e703,0x32713b02,0x3200e703,0x326f3c02,0x3200e703,0x326d3d02,0x3200e703,
		0x326b3e02,0x3200e703,0x32693f02,0x3200e703,0x3267c002,0x3200e703,0x3265c102,0x3200e703,0x3263c202,0x3200e703,
		0x3261c302,0x3200e703,0x325fc402,0x3200e703,0x325dc502,0x3200e703,0x325bc602,0x3200e703,0x3259c702,0x3200e703,
		0x3257c802,0x3200e703,0x3255c902,0x3200e703,0x3253ca02,0x3200e703,0x3251cb02,0x3200e703,0x324fcc02,0x3200e703,
		0x324dcd02,0x3200e703,0x324bce02,0x3200e703,0x3249cf02,0x3200e703,0x3247d002,0x3200e703,0x3245d102,0x3200e703,
		0x3243d202,0x3200e703,0x3241d302,0x3200e703,0x323fd402,0x3200e703,0x323dd502,0x3200e703,0x323bd602,0x3200e703,
		0x3239d702,0x3200e703,0x3237d802,0x3200e703,0x3235d902,0x3200e703,0x3233da02,0x3200e703,0x3231db02,0x3200e703,
		0x322fdc02,0x3200e703,0x322ddd02,0x3200e703,0x322bde02,0x3200e703,0x3229df02,0x3200e703,0x3227e002,0x3200e703,
		0x3225e102,0x3200e703,0x3223e202,0x3200e703,0x3221e302,0x3200e703,0x321fe402,0x3200e703,0x321de502,0x3200e703,
		0x321be602,0x3200e703,0x3219e702,0x3200e703,0x3217e802,0x3200e703,0x3215e902,0x3200e703,0x3213ea02,0x3200e703,
		0x3211eb02,0x3200e703,0x320fec02,0x3200e703,0x320ded02,0x3200e703,0x320bee02,0x3200e703,0x3209ef02,0x3200e703,
		0x3207f002,0x3200e703,0x3205f102,0x3200e703,0x3203f202,0x3200e703,0x3201f302,0x3200e703,0x31fff402,0x3200e703,
		0x31fdf502,0x3200e703,0x31fbf602,0x3200e703,0x31f9f702,0x3200e703,0x31f7f802,0x3200e703,0x31f5f902,0x3200e703,
		0x31f3fa02,0x3200e703,0x31f1fb02,0x3200e703,0x31effc02,0x3200e703,0x31edfd02,0x3200e703,0x31ebfe02,0x3200e703,
		0x31e9ff02,0x3200e703,0x31cf0000,0x31ce0100,0x31cd0200,0x31cc0300,0x31cb0400,0x31ca0500,0x31c90600,0x31c80700,
		0x31c70800,0x31c60900,0x31c50a00,0x31c40b00,0x31c30c00,0x31c20d00,0x31c10e00,0x31c00f00,0x31bf1000,0x31be1100,
		0x31bd1200,0x31bc1300,0x31bb1400,0x31ba1500,0x31b91600,0x31b81700,0x31b71800,0x31b61900,0x31b51a00,0x31b41b00,
		0x31b31c00,0x31b21d00,0x31b11e00,0x31b01f00,0x31af2000,0x31ae2100,0x31ad2200,0x31ac2300,0x31ab2400,0x31aa2500,
		0x31a92600,0x31a82700,0x31a72800,0x31a62900,0x31a52a00,0x31a42b00,0x31a32c00,0x31a22d00,0x31a12e00,0x31a02f00,
		0x319f3000,0x319e3100,0x319d3200,0x319c3300,0x319b3400,0x319a3500,0x31993600,0x31983700,0x31973800,0x31963900,
		0x31953a00,0x31943b00,0x31933c00,0x31923d00,0x31913e00,0x31903f00,0x318f4000,0x318e4100,0x318d4200,0x318c4300,
		0x318b4400,0x318a4500,0x31894600,0x31884700,0x31874800,0x31864900,0x31854a00,0x31844b00,0x31834c00,0x31824d00,
		0x31814e00,0x31804f00,0x317f5000,0x317e5100,0x317d5200,0x317c5300,0x317b5400,0x317a5500,0x31795600,0x31785700,
		0x31775800,0x31765900,0x31755a00,0x31745b00,0x31735c00,0x31725d00,0x31715e00,0x31705f00,0x316f6000,0x316e6100,
		0x316d6200,0x316c6300,0x316b6400,0x316a6500,0x31696600,0x31686700,0x31676800,0x31666900,0x31656a00,0x31646b00,
		0x31636c00,0x31626d00,0x31616e00,0x31606f00,0x315f7000,0x315e7100,0x315d7200,0x315c7300,0x315b7400,0x315a7500,
		0x31597600,0x31587700,0x31577800,0x31567900,0x31557a00,0x31547b00,0x31537c00,0x31527d00,0x31517e00,0x31507f00,
		0x314f8000,0x314e8100,0x314d8200,0x314c8300,0x314b8400,0x314a8500,0x31498600,0x31488700,0x31478800,0x31468900,
		0x31458a00,0x31448b00,0x31438c00,0x31428d00,0x31418e00,0x31408f00,0x313f9000,0x313e9100,0x313d9200,0x313c9300,
		0x313b9400,0x313a9500,0x31399600,0x31389700,0x31379800,0x31369900,0x31359a00,0x31349b00,0x31339c00,0x31329d00,
		0x31319e00,0x31309f00,0x312fa000,0x312ea100,0x312da200,0x312ca300,0x312ba400,0x312aa500,0x3129a600,0x3128a700,
		0x3127a800,0x3126a900,0x3125aa00,0x3124ab00,0x3123ac00,0x3122ad00,0x3121ae00,0x3120af00,0x311fb000,0x311eb100,
		0x311db200,0x311cb300,0x311bb400,0x311ab500,0x3119b600,0x3118b700,0x3117b800,0x3116b900,0x3115ba00,0x3114bb00,
		0x3113bc00,0x3112bd00,0x3111be00,0x3110bf00,0x310fc000,0x310ec100,0x310dc200,0x310cc300,0x310bc400,0x310ac500,
		0x3109c600,0x3108c700,0x3107c800,0x3106c900,0x3105ca00,0x3104cb00,0x3103cc00,0x3102cd00,0x3101ce00,0x3100cf00,
		0x30ffd000,0x30fed100,0x30fdd200,0x30fcd300,0x30fbd400,0x30fad500,0x30f9d600,0x30f8d700,0x30f7d800,0x30f6d900,
		0x30f5da00,0x30f4db00,0x30f3dc00,0x30f2dd00,0x30f1de00,0x30f0df00,0x30efe000,0x30eee100,0x30ede200,0x30ece300,
		0x30ebe400,0x30eae500,0x30e9e600,0x30e8e700,0x30e7e800,0x30e6e900,0x30e5ea00,0x30e4eb00,0x30e3ec00,0x30e2ed00,
		0x30e1ee00,0x30e0ef00,0x30dff000,0x30def100,0x30ddf200,0x30dcf300,0x30dbf400,0x30daf500,0x30d9f600,0x30d8f700,
		0x30d7f800,0x30d6f900,0x30d5fa00,0x30d4fb00,0x30d3fc00,0x30d2fd00,0x30d1fe00,0x30d0ff00,0x30fd0008,0x3000e809,
		0x2ffff409,0x3000e809,0x2ffdfa09,0x3000e809,0x2ffdf409,0x3000e809,0x2ff9fd09,0x3000e809,0x2ffbf409,0x3000e809,
		0x2ff7fa09,0x3000e809,0x2ff9f409,0x3000e809,0x30ed0108,0x3000e809,0x2ff7f409,0x3000e809,0x2ff1fa09,0x3000e809,
		0x2ff5f409,0x3000e809,0x2febfd09,0x3000e809,0x2ff3f409,0x3000e809,0x2febfa09,0x3000e809,0x2ff1f409,0x3000e809,
		0x30dd0208,0x3000e809,0x2feff409,0x3000e809,0x2fe5fa09,0x3000e809,0x2fedf409,0x3000e809,0x2fddfd09,0x3000e809,
		0x2febf409,0x3000e809,0x2fdffa09,0x3000e809,0x2fe9f409,0x3000e809,0x30cd0308,0x3000e809,0x2fe7f409,0x3000e809,
		0x2fd9fa09,0x3000e809,0x2fe5f409,0x3000e809,0x2fcffd09,0x3000e809,0x2fe3f409,0x3000e809,0x2fd3fa09,0x3000e809,
		0x2fe1f409,0x3000e809,0x30bd0408,0x3000e809,0x2fdff409,0x3000e809,0x2fcdfa09,0x3000e809,0x2fddf409,0x3000e809,
		0x2fc1fd09,0x3000e809,0x2fdbf409,0x3000e809,0x2fc7fa09,0x3000e809,0x2fd9f409,0x3000e809,0x30ad0508,0x3000e809,
		0x2fd7f409,0x3000e809,0x2fc1fa09,0x3000e809,0x2fd5f409,0x3000e809,0x2fb3fd09,0x3000e809,0x2fd3f409,0x3000e809,
		0x2fbbfa09,0x3000e809,0x2fd1f409,0x3000e809,0x309d0608,0x3000e809,0x2fcff409,0x3000e809,0x2fb5fa09,0x3000e809,
		0x2fcdf409,0x3000e809,0x2fa5fd09,0x3000e809,0x2fcbf409,0x3000e809,0x2faffa09,0x3000e809,0x2fc9f409,0x3000e809,
		0x308d0708,0x3000e809,0x2fc7f409,0x3000e809,0x2fa9fa09,0x3000e809,0x2fc5f409,0x3000e809,0x2f97fd09,0x3000e809,
		0x2fc3f409,0x3000e809,0x2fa3fa09,0x3000e809,0x2fc1f409,0x3000e809,0x307df808,0x3000e809,0x303ff409,0x3000e809,
		0x305dfa09,0x3000e809,0x303df409,0x3000e809,0x3069fd09,0x3000e809,0x303bf409,0x3000e809,0x3057fa09,0x3000e809,
		0x3039f409,0x3000e809,0x306df908,0x3000e809,0x3037f409,0x3000e809,0x3051fa09,0x3000e809,0x3035f409,0x3000e809,
		0x305bfd09,0x3000e809,0x3033f409,0x3000e809,0x304bfa09,0x3000e809,0x3031f409,0x3000e809,0x305dfa08,0x3000e809,
		0x302ff409,0x3000e809,0x3045fa09,0x3000e809,0x302df409,0x3000e809,0x304dfd09,0x3000e809,0x302bf409,0x3000e809,
		0x303ffa09,0x3000e809,0x3029f409,0x3000e809,0x304dfb08,0x3000e809,0x3027f409,0x3000e809,0x3039fa09,0x3000e809,
		0x3025f409,0x3000e809,0x303ffd09,0x3000e809,0x3023f409,0x3000e809,0x3033fa09,0x3000e809,0x3021f409,0x3000e809,
		0x303dfc08,0x3000e809,0x301ff409,0x3000e809,0x302dfa09,0x3000e809,0x301df409,0x3000e809,0x3031fd09,0x3000e809,
		0x301bf409,0x3000e809,0x3027fa09,0x3000e809,0x3019f409,0x3000e809,0x302dfd08,0x3000e809,0x3017f409,0x3000e809,
		0x3021fa09,0x3000e809,0x3015f409,0x3000e809,0x3023fd09,0x3000e809,0x3013f409,0x3000e809,0x301bfa09,0x3000e809,
		0x3011f409,0x3000e809,0x301dfe08,0x3000e809,0x300ff409,0x3000e809,0x3015fa09,0x3000e809,0x300df409,0x3000e809,
		0x3015fd09,0x3000e809,0x300bf409,0x3000e809,0x300ffa09,0x3000e809,0x3009f409,0x3000e809,0x300dff08,0x3000e809,
		0x3007f409,0x3000e809,0x3009fa09,0x3000e809,0x3005f409,0x3000e809,0x3007fd09,0x3000e809,0x3003f409,0x3000e809,
		0x3003fa09,0x3000e809,0x3001f409,0x3000e809,0x2fd10000,0x2fd00100,0x2fcf0200,0x2fce0300,0x2fcd0400,0x2fcc0500,
		0x2fcb0600,0x2fca0700,0x2fc90800,0x2fc80900,0x2fc70a00,0x2fc60b00,0x2fc50c00,0x2fc40d00,0x2fc30e00,0x2fc20f00,
		0x2fc11000,0x2fc01100,0x2fbf1200,0x2fbe1300,0x2fbd1400,0x2fbc1500,0x2fbb1600,0x2fba1700,0x2fb91800,0x2fb81900,
		0x2fb71a00,0x2fb61b00,0x2fb51c00,0x2fb41d00,0x2fb31e00,0x2fb21f00,0x2fb12000,0x2fb02100,0x2faf2200,0x2fae2300,
		0x2fad2400,0x2fac2500,0x2fab2600,0x2faa2700,0x2fa92800,0x2fa82900,0x2fa72a00,0x2fa62b00,0x2fa52c00,0x2fa42d00,
		0x2fa32e00,0x2fa22f00,0x2fa13000,0x2fa03100,0x2f9f3200,0x2f9e3300,0x2f9d3400,0x2f9c3500,0x2f9b3600,0x2f9a3700,
		0x2f993800,0x2f983900,0x2f973a00,0x2f963b00,0x2f953c00,0x2f943d00,0x2f933e00,0x2f923f00,0x2f914000,0x2f904100,
		0x2f8f4200,0x2f8e4300,0x2f8d4400,0x2f8c4500,0x2f8b4600,0x2f8a4700,0x2f894800,0x2f884900,0x2f874a00,0x2f864b00,
		0x2f854c00,0x2f844d00,0x2f834e00,0x2f824f00,0x2f815000,0x2f805100,0x2f7f5200,0x2f7e5300,0x2f7d5400,0x2f7c5500,
		0x2f7b5600,0x2f7a5700,0x2f795800,0x2f785900,0x2f775a00,0x2f765b00,0x2f755c00,0x2f745d00,0x2f735e00,0x2f725f00,
		0x2f716000,0x2f706100,0x2f6f6200,0x2f6e6300,0x2f6d6400,0x2f6c6500,0x2f6b6600,0x2f6a6700,0x2f696800,0x2f686900,
		0x2f676a00,0x2f666b00,0x2f656c00,0x2f646d00,0x2f636e00,0x2f626f00,0x2f617000,0x2f607100,0x2f5f7200,0x2f5e7300,
		0x2f5d7400,0x2f5c7500,0x2f5b7600,0x2f5a7700,0x2f597800,0x2f587900,0x2f577a00,0x2f567b00,0x2f557c00,0x2f547d00,
		0x2f537e00,0x2f527f00,0x2f518000,0x2f508100,0x2f4f8200,0x2f4e8300,0x2f4d8400,0x2f4c8500,0x2f4b8600,0x2f4a8700,
		0x2f498800,0x2f488900,0x2f478a00,0x2f468b00,0x2f458c00,0x2f448d00,0x2f438e00,0x2f428f00,0x2f419000,0x2f409100,
		0x2f3f9200,0x2f3e9300,0x2f3d9400,0x2f3c9500,0x2f3b9600,0x2f3a9700,0x2f399800,0x2f389900,0x2f379a00,0x2f369b00,
		0x2f359c00,0x2f349d00,0x2f339e00,0x2f329f00,0x2f31a000,0x2f30a100,0x2f2fa200,0x2f2ea300,0x2f2da400,0x2f2ca500,
		0x2f2ba600,0x2f2aa700,0x2f29a800,0x2f28a900,0x2f27aa00,0x2f26ab00,0x2f25ac00,0x2f24ad00,0x2f23ae00,0x2f22af00,
		0x2f21b000,0x2f20b100,0x2f1fb200,0x2f1eb300,0x2f1db400,0x2f1cb500,0x2f1bb600,0x2f1ab700,0x2f19b800,0x2f18b900,
		0x2f17ba00,0x2f16bb00,0x2f15bc00,0x2f14bd00,0x2f13be00,0x2f12bf00,0x2f11c000,0x2f10c100,0x2f0fc200,0x2f0ec300,
		0x2f0dc400,0x2f0cc500,0x2f0bc600,0x2f0ac700,0x2f09c800,0x2f08c900,0x2f07ca00,0x2f06cb00,0x2f05cc00,0x2f04cd00,
		0x2f03ce00,0x2f02cf00,0x2f01d000,0x2f00d100,0x2effd200,0x2efed300,0x2efdd400,0x2efcd500,0x2efbd600,0x2efad700,
		0x2ef9d800,0x2ef8d900,0x2ef7da00,0x2ef6db00,0x2ef5dc00,0x2ef4dd00,0x2ef3de00,0x2ef2df00,0x2ef1e000,0x2ef0e100,
		0x2eefe200,0x2eeee300,0x2eede400,0x2eece500,0x2eebe600,0x2eeae700,0x2ee9e800,0x2ee8e900,0x2ee7ea00,0x2ee6eb00,
		0x2ee5ec00,0x2ee4ed00,0x2ee3ee00,0x2ee2ef00,0x2ee1f000,0x2ee0f100,0x2edff200,0x2edef300,0x2eddf400,0x2edcf500,
		0x2edbf600,0x2edaf700,0x2ed9f800,0x2ed8f900,0x2ed7fa00,0x2ed6fb00,0x2ed5fc00,0x2ed4fd00,0x2ed3fe00,0x2ed2ff00,
		0x2ee90002,0x2e00e903,0x2ee70102,0x2e00e903,0x2ee50202,0x2e00e903,0x2ee30302,0x2e00e903,0x2ee10402,0x2e00e903,
		0x2edf0502,0x2e00e903,0x2edd0602,0x2e00e903,0x2edb0702,0x2e00e903,0x2ed90802,0x2e00e903,0x2ed70902,0x2e00e903,
		0x2ed50a02,0x2e00e903,0x2ed30b02,0x2e00e903,0x2ed10c02,0x2e00e903,0x2ecf0d02,0x2e00e903,0x2ecd0e02,0x2e00e903,
		0x2ecb0f02,0x2e00e903,0x2ec91002,0x2e00e903,0x2ec71102,0x2e00e903,0x2ec51202,0x2e00e903,0x2ec31302,0x2e00e903,
		0x2ec11402,0x2e00e903,0x2ebf1502,0x2e00e903,0x2ebd1602,0x2e00e903,0x2ebb1702,0x2e00e903,0x2eb91802,0x2e00e903,
		0x2eb71902,0x2e00e903,0x2eb51a02,0x2e00e903,0x2eb31b02,0x2e00e903,0x2eb11c02,0x2e00e903,0x2eaf1d02,0x2e00e903,
		0x2ead1e02,0x2e00e903,0x2eab1f02,0x2e00e903,0x2ea92002,0x2e00e903,0x2ea72102,0x2e00e903,0x2ea52202,0x2e00e903,
		0x2ea32302,0x2e00e903,0x2ea12402,0x2e00e903,0x2e9f2502,0x2e00e903,0x2e9d2602,0x2e00e903,0x2e9b2702,0x2e00e903,
		0x2e992802,0x2e00e903,0x2e972902,0x2e00e903,0x2e952a02,0x2e00e903,0x2e932b02,0x2e00e903,0x2e912c02,0x2e00e903,
		0x2e8f2d02,0x2e00e903,0x2e8d2e02,0x2e00e903,0x2e8b2f02,0x2e00e903,0x2e893002,0x2e00e903,0x2e873102,0x2e00e903,
		0x2e853202,0x2e00e903,0x2e833302,0x2e00e903,0x2e813402,0x2e00e903,0x2e7f3502,0x2e00e903,0x2e7d3602,0x2e00e903,
		0x2e7b3702,0x2e00e903,0x2e793802,0x2e00e903,0x2e773902,0x2e00e903,0x2e753a02,0x2e00e903,0x2e733b02,0x2e00e903,
		0x2e713c02,0x2e00e903,0x2e6f3d02,0x2e00e903,0x2e6d3e02,0x2e00e903,0x2e6b3f02,0x2e00e903,0x2e69c002,0x2e00e903,
		0x2e67c102,0x2e00e903,0x2e65c202,0x2e00e903,0x2e63c302,0x2e00e903,0x2e61c402,0x2e00e903,0x2e5fc502,0x2e00e903,
		0x2e5dc602,0x2e00e903,0x2e5bc702,0x2e00e903,0x2e59c802,0x2e00e903,0x2e57c902,0x2e00e903,0x2e55ca02,0x2e00e903,
		0x2e53cb02,0x2e00e903,0x2e51cc02,0x2e00e903,0x2e4fcd02,0x2e00e903,0x2e4dce02,0x2e00e903,0x2e4bcf02,0x2e00e903,
		0x2e49d002,0x2e00e903,0x2e47d102,0x2e00e903,0x2e45d202,0x2e00e903,0x2e43d302,0x2e00e903,0x2e41d402,0x2e00e903,
		0x2e3fd502,0x2e00e903,0x2e3dd602,0x2e00e903,0x2e3bd702,0x2e00e903,0x2e39d802,0x2e00e903,0x2e37d902,0x2e00e903,
		0x2e35da02,0x2e00e903,0x2e33db02,0x2e00e903,0x2e31dc02,0x2e00e903,0x2e2fdd02,0x2e00e903,0x2e2dde02,0x2e00e903,
		0x2e2bdf02,0x2e00e903,0x2e29e002,0x2e00e903,0x2e27e102,0x2e00e903,0x2e25e202,0x2e00e903,0x2e23e302,0x2e00e903,
		0x2e21e402,0x2e00e903,0x2e1fe502,0x2e00e903,0x2e1de602,0x2e00e903,0x2e1be702,0x2e00e903,0x2e19e802,0x2e00e903,
		0x2e17e902,0x2e00e903,0x2e15ea02,0x2e00e903,0x2e13eb02,0x2e00e903,0x2e11ec02,0x2e00e903,0x2e0fed02,0x2e00e903,
		0x2e0dee02,0x2e00e903,0x2e0bef02,0x2e00e903,0x2e09f002,0x2e00e903,0x2e07f102,0x2e00e903,0x2e05f202,0x2e00e903,
		0x2e03f302,0x2e00e903,0x2e01f402,0x2e00e903,0x2dfff502,0x2e00e903,0x2dfdf602,0x2e00e903,0x2dfbf702,0x2e00e903,
		0x2df9f802,0x2e00e903,0x2df7f902,0x2e00e903,0x2df5fa02,0x2e00e903,0x2df3fb02,0x2e00e903,0x2df1fc02,0x2e00e903,
		0x2deffd02,0x2e00e903,0x2dedfe02,0x2e00e903,0x2debff02,0x2e00e903,0x2dd30000,0x2dd20100,0x2dd10200,0x2dd00300,
		0x2dcf0400,0x2dce0500,0x2dcd0600,0x2dcc0700,0x2dcb0800,0x2dca0900,0x2dc90a00,0x2dc80b00,0x2dc70c00,0x2dc60d00,
		0x2dc50e00,0x2dc40f00,0x2dc31000,0x2dc21100,0x2dc11200,0x2dc01300,0x2dbf1400,0x2dbe1500,0x2dbd1600,0x2dbc1700,
		0x2dbb1800,0x2dba1900,0x2db91a00,0x2db81b00,0x2db71c00,0x2db61d00,0x2db51e00,0x2db41f00,0x2db32000,0x2db22100,
		0x2db12200,0x2db02300,0x2daf2400,0x2dae2500,0x2dad2600,0x2dac2700,0x2dab2800,0x2daa2900,0x2da92a00,0x2da82b00,
		0x2da72c00,0x2da62d00,0x2da52e00,0x2da42f00,0x2da33000,0x2da23100,0x2da13200,0x2da03300,0x2d9f3400,0x2d9e3500,
		0x2d9d3600,0x2d9c3700,0x2d9b3800,0x2d9a3900,0x2d993a00,0x2d983b00,0x2d973c00,0x2d963d00,0x2d953e00,0x2d943f00,
		0x2d934000,0x2d924100,0x2d914200,0x2d904300,0x2d8f4400,0x2d8e4500,0x2d8d4600,0x2d8c4700,0x2d8b4800,0x2d8a4900,
		0x2d894a00,0x2d884b00,0x2d874c00,0x2d864d00,0x2d854e00,0x2d844f00,0x2d835000,0x2d825100,0x2d815200,0x2d805300,
		0x2d7f5400,0x2d7e5500,0x2d7d5600,0x2d7c5700,0x2d7b5800,0x2d7a5900,0x2d795a00,0x2d785b00,0x2d775c00,0x2d765d00,
		0x2d755e00,0x2d745f00,0x2d736000,0x2d726100,0x2d716200,0x2d706300,0x2d6f6400,0x2d6e6500,0x2d6d6600,0x2d6c6700,
		0x2d6b6800,0x2d6a6900,0x2d696a00,0x2d686b00,0x2d676c00,0x2d666d00,0x2d656e00,0x2d646f00,0x2d637000,0x2d627100,
		0x2d617200,0x2d607300,0x2d5f7400,0x2d5e7500,0x2d5d7600,0x2d5c7700,0x2d5b7800,0x2d5a7900,0x2d597a00,0x2d587b00,
		0x2d577c00,0x2d567d00,0x2d557e00,0x2d547f00,0x2d538000,0x2d528100,0x2d518200,0x2d508300,0x2d4f8400,0x2d4e8500,
		0x2d4d8600,0x2d4c8700,0x2d4b8800,0x2d4a8900,0x2d498a00,0x2d488b00,0x2d478c00,0x2d468d00,0x2d458e00,0x2d448f00,
		0x2d439000,0x2d429100,0x2d419200,0x2d409300,0x2d3f9400,0x2d3e9500,0x2d3d9600,0x2d3c9700,0x2d3b9800,0x2d3a9900,
		0x2d399a00,0x2d389b00,0x2d379c00,0x2d369d00,0x2d359e00,0x2d349f00,0x2d33a000,0x2d32a100,0x2d31a200,0x2d30a300,
		0x2d2fa400,0x2d2ea500,0x2d2da600,0x2d2ca700,0x2d2ba800,0x2d2aa900,0x2d29aa00,0x2d28ab00,0x2d27ac00,0x2d26ad00,
		0x2d25ae00,0x2d24af00,0x2d23b000,0x2d22b100,0x2d21b200,0x2d20b300,0x2d1fb400,0x2d1eb500,0x2d1db600,0x2d1cb700,
		0x2d1bb800,0x2d1ab900,0x2d19ba00,0x2d18bb00,0x2d17bc00,0x2d16bd00,0x2d15be00,0x2d14bf00,0x2d13c000,0x2d12c100,
		0x2d11c200,0x2d10c300,0x2d0fc400,0x2d0ec500,0x2d0dc600,0x2d0cc700,0x2d0bc800,0x2d0ac900,0x2d09ca00,0x2d08cb00,
		0x2d07cc00,0x2d06cd00,0x2d05ce00,0x2d04cf00,0x2d03d000,0x2d02d100,0x2d01d200,0x2d00d300,0x2cffd400,0x2cfed500,
		0x2cfdd600,0x2cfcd700,0x2cfbd800,0x2cfad900,0x2cf9da00,0x2cf8db00,0x2cf7dc00,0x2cf6dd00,0x2cf5de00,0x2cf4df00,
		0x2cf3e000,0x2cf2e100,0x2cf1e200,0x2cf0e300,0x2cefe400,0x2ceee500,0x2cede600,0x2cece700,0x2cebe800,0x2ceae900,
		0x2ce9ea00,0x2ce8eb00,0x2ce7ec00,0x2ce6ed00,0x2ce5ee00,0x2ce4ef00,0x2ce3f000,0x2ce2f100,0x2ce1f200,0x2ce0f300,
		0x2cdff400,0x2cdef500,0x2cddf600,0x2cdcf700,0x2cdbf800,0x2cdaf900,0x2cd9fa00,0x2cd8fb00,0x2cd7fc00,0x2cd6fd00,
		0x2cd5fe00,0x2cd4ff00,0x2cf50004,0x2c00ea05,0x2bfff505,0x2c00ea05,0x2cf10104,0x2c00ea05,0x2bfdf505,0x2c00ea05,
		0x2ced0204,0x2c00ea05,0x2bfbf505,0x2c00ea05,0x2ce90304,0x2c00ea05,0x2bf9f505,0x2c00ea05,0x2ce50404,0x2c00ea05,
		0x2bf7f505,0x2c00ea05,0x2ce10504,0x2c00ea05,0x2bf5f505,0x2c00ea05,0x2cdd0604,0x2c00ea05,0x2bf3f505,0x2c00ea05,
		0x2cd90704,0x2c00ea05,0x2bf1f505,0x2c00ea05,0x2cd50804,0x2c00ea05,0x2beff505,0x2c00ea05,0x2cd10904,0x2c00ea05,
		0x2bedf505,0x2c00ea05,0x2ccd0a04,0x2c00ea05,0x2bebf505,0x2c00ea05,0x2cc90b04,0x2c00ea05,0x2be9f505,0x2c00ea05,
		0x2cc50c04,0x2c00ea05,0x2be7f505,0x2c00ea05,0x2cc10d04,0x2c00ea05,0x2be5f505,0x2c00ea05,0x2cbd0e04,0x2c00ea05,
		0x2be3f505,0x2c00ea05,0x2cb90f04,0x2c00ea05,0x2be1f505,0x2c00ea05,0x2cb51004,0x2c00ea05,0x2bdff505,0x2c00ea05,
		0x2cb11104,0x2c00ea05,0x2bddf505,0x2c00ea05,0x2cad1204,0x2c00ea05,0x2bdbf505,0x2c00ea05,0x2ca91304,0x2c00ea05,
		0x2bd9f505,0x2c00ea05,0x2ca51404,0x2c00ea05,0x2bd7f505,0x2c00ea05,0x2ca11504,0x2c00ea05,0x2bd5f505,0x2c00ea05,
		0x2c9d1604,0x2c00ea05,0x2bd3f505,0x2c00ea05,0x2c991704,0x2c00ea05,0x2bd1f505,0x2c00ea05,0x2c951804,0x2c00ea05,
		0x2bcff505,0x2c00ea05,0x2c911904,0x2c00ea05,0x2bcdf505,0x2c00ea05,0x2c8d1a04,0x2c00ea05,0x2bcbf505,0x2c00ea05,
		0x2c891b04,0x2c00ea05,0x2bc9f505,0x2c00ea05,0x2c851c04,0x2c00ea05,0x2bc7f505,0x2c00ea05,0x2c811d04,0x2c00ea05,
		0x2bc5f505,0x2c00ea05,0x2c7d1e04,0x2c00ea05,0x2bc3f505,0x2c00ea05,0x2c791f04,0x2c00ea05,0x2bc1f505,0x2c00ea05,
		0x2c75e004,0x2c00ea05,0x2c3ff505,0x2c00ea05,0x2c71e104,0x2c00ea05,0x2c3df505,0x2c00ea05,0x2c6de204,0x2c00ea05,
		0x2c3bf505,0x2c00ea05,0x2c69e304,0x2c00ea05,0x2c39f505,0x2c00ea05,0x2c65e404,0x2c00ea05,0x2c37f505,0x2c00ea05,
		0x2c61e504,0x2c00ea05,0x2c35f505,0x2c00ea05,0x2c5de604,0x2c00ea05,0x2c33f505,0x2c00ea05,0x2c59e704,0x2c00ea05,
		0x2c31f505,0x2c00ea05,0x2c55e804,0x2c00ea05,0x2c2ff505,0x2c00ea05,0x2c51e904,0x2c00ea05,0x2c2df505,0x2c00ea05,
		0x2c4dea04,0x2c00ea05,0x2c2bf505,0x2c00ea05,0x2c49eb04,0x2c00ea05,0x2c29f505,0x2c00ea05,0x2c45ec04,0x2c00ea05,
		0x2c27f505,0x2c00ea05,0x2c41ed04,0x2c00ea05,0x2c25f505,0x2c00ea05,0x2c3dee04,0x2c00ea05,0x2c23f505,0x2c00ea05,
		0x2c39ef04,0x2c00ea05,0x2c21f505,0x2c00ea05,0x2c35f004,0x2c00ea05,0x2c1ff505,0x2c00ea05,0x2c31f104,0x2c00ea05,
		0x2c1df505,0x2c00ea05,0x2c2df204,0x2c00ea05,0x2c1bf505,0x2c00ea05,0x2c29f304,0x2c00ea05,0x2c19f505,0x2c00ea05,
		0x2c25f404,0x2c00ea05,0x2c17f505,0x2c00ea05,0x2c21f504,0x2c00ea05,0x2c15f505,0x2c00ea05,0x2c1df604,0x2c00ea05,
		0x2c13f505,0x2c00ea05,0x2c19f704,0x2c00ea05,0x2c11f505,0x2c00ea05,0x2c15f804,0x2c00ea05,0x2c0ff505,0x2c00ea05,
		0x2c11f904,0x2c00ea05,0x2c0df505,0x2c00ea05,0x2c0dfa04,0x2c00ea05,0x2c0bf505,0x2c00ea05,0x2c09fb04,0x2c00ea05,
		0x2c09f505,0x2c00ea05,0x2c05fc04,0x2c00ea05,0x2c07f505,0x2c00ea05,0x2c01fd04,0x2c00ea05,0x2c05f505,0x2c00ea05,
		0x2bfdfe04,0x2c00ea05,0x2c03f505,0x2c00ea05,0x2bf9ff04,0x2c00ea05,0x2c01f505,0x2c00ea05,0x2bd50000,0x2bd40100,
		0x2bd30200,0x2bd20300,0x2bd10400,0x2bd00500,0x2bcf0600,0x2bce0700,0x2bcd0800,0x2bcc0900,0x2bcb0a00,0x2bca0b00,
		0x2bc90c00,0x2bc80d00,0x2bc70e00,0x2bc60f00,0x2bc51000,0x2bc41100,0x2bc31200,0x2bc21300,0x2bc11400,0x2bc01500,
		0x2bbf1600,0x2bbe1700,0x2bbd1800,0x2bbc1900,0x2bbb1a00,0x2bba1b00,0x2bb91c00,0x2bb81d00,0x2bb71e00,0x2bb61f00,
		0x2bb52000,0x2bb42100,0x2bb32200,0x2bb22300,0x2bb12400,0x2bb02500,0x2baf2600,0x2bae2700,0x2bad2800,0x2bac2900,
		0x2bab2a00,0x2baa2b00,0x2ba92c00,0x2ba82d00,0x2ba72e00,0x2ba62f00,0x2ba53000,0x2ba43100,0x2ba33200,0x2ba23300,
		0x2ba13400,0x2ba03500,0x2b9f3600,0x2b9e3700,0x2b9d3800,0x2b9c3900,0x2b9b3a00,0x2b9a3b00,0x2b993c00,0x2b983d00,
		0x2b973e00,0x2b963f00,0x2b954000,0x2b944100,0x2b934200,0x2b924300,0x2b914400,0x2b904500,0x2b8f4600,0x2b8e4700,
		0x2b8d4800,0x2b8c4900,0x2b8b4a00,0x2b8a4b00,0x2b894c00,0x2b884d00,0x2b874e00,0x2b864f00,0x2b855000,0x2b845100,
		0x2b835200,0x2b825300,0x2b815400,0x2b805500,0x2b7f5600,0x2b7e5700,0x2b7d5800,0x2b7c5900,0x2b7b5a00,0x2b7a5b00,
		0x2b795c00,0x2b785d00,0x2b775e00,0x2b765f00,0x2b756000,0x2b746100,0x2b736200,0x2b726300,0x2b716400,0x2b706500,
		0x2b6f6600,0x2b6e6700,0x2b6d6800,0x2b6c6900,0x2b6b6a00,0x2b6a6b00,0x2b696c00,0x2b686d00,0x2b676e00,0x2b666f00,
		0x2b657000,0x2b647100,0x2b637200,0x2b627300,0x2b617400,0x2b607500,0x2b5f7600,0x2b5e7700,0x2b5d7800,0x2b5c7900,
		0x2b5b7a00,0x2b5a7b00,0x2b597c00,0x2b587d00,0x2b577e00,0x2b567f00,0x2b558000,0x2b548100,0x2b538200,0x2b528300,
		0x2b518400,0x2b508500,0x2b4f8600,0x2b4e8700,0x2b4d8800,0x2b4c8900,0x2b4b8a00,0x2b4a8b00,0x2b498c00,0x2b488d00,
		0x2b478e00,0x2b468f00,0x2b459000,0x2b449100,0x2b439200,0x2b429300,0x2b419400,0x2b409500,0x2b3f9600,0x2b3e9700,
		0x2b3d9800,0x2b3c9900,0x2b3b9a00,0x2b3a9b00,0x2b399c00,0x2b389d00,0x2b379e00,0x2b369f00,0x2b35a000,0x2b34a100,
		0x2b33a200,0x2b32a300,0x2b31a400,0x2b30a500,0x2b2fa600,0x2b2ea700,0x2b2da800,0x2b2ca900,0x2b2baa00,0x2b2aab00,
		0x2b29ac00,0x2b28ad00,0x2b27ae00,0x2b26af00,0x2b25b000,0x2b24b100,0x2b23b200,0x2b22b300,0x2b21b400,0x2b20b500,
		0x2b1fb600,0x2b1eb700,0x2b1db800,0x2b1cb900,0x2b1bba00,0x2b1abb00,0x2b19bc00,0x2b18bd00,0x2b17be00,0x2b16bf00,
		0x2b15c000,0x2b14c100,0x2b13c200,0x2b12c300,0x2b11c400,0x2b10c500,0x2b0fc600,0x2b0ec700,0x2b0dc800,0x2b0cc900,
		0x2b0bca00,0x2b0acb00,0x2b09cc00,0x2b08cd00,0x2b07ce00,0x2b06cf00,0x2b05d000,0x2b04d100,0x2b03d200,0x2b02d300,
		0x2b01d400,0x2b00d500,0x2affd600,0x2afed700,0x2afdd800,0x2afcd900,0x2afbda00,0x2afadb00,0x2af9dc00,0x2af8dd00,
		0x2af7de00,0x2af6df00,0x2af5e000,0x2af4e100,0x2af3e200,0x2af2e300,0x2af1e400,0x2af0e500,0x2aefe600,0x2aeee700,
		0x2aede800,0x2aece900,0x2aebea00,0x2aeaeb00,0x2ae9ec00,0x2ae8ed00,0x2ae7ee00,0x2ae6ef00,0x2ae5f000,0x2ae4f100,
		0x2ae3f200,0x2ae2f300,0x2ae1f400,0x2ae0f500,0x2adff600,0x2adef700,0x2addf800,0x2adcf900,0x2adbfa00,0x2adafb00,
		0x2ad9fc00,0x2ad8fd00,0x2ad7fe00,0x2ad6ff00,0x2aeb0002,0x2a00eb03,0x2ae90102,0x2a00eb03,0x2ae70202,0x2a00eb03,
		0x2ae50302,0x2a00eb03,0x2ae30402,0x2a00eb03,0x2ae10502,0x2a00eb03,0x2adf0602,0x2a00eb03,0x2add0702,0x2a00eb03,
		0x2adb0802,0x2a00eb03,0x2ad90902,0x2a00eb03,0x2ad70a02,0x2a00eb03,0x2ad50b02,0x2a00eb03,0x2ad30c02,0x2a00eb03,
		0x2ad10d02,0x2a00eb03,0x2acf0e02,0x2a00eb03,0x2acd0f02,0x2a00eb03,0x2acb1002,0x2a00eb03,0x2ac91102,0x2a00eb03,
		0x2ac71202,0x2a00eb03,0x2ac51302,0x2a00eb03,0x2ac31402,0x2a00eb03,0x2ac11502,0x2a00eb03,0x2abf1602,0x2a00eb03,
		0x2abd1702,0x2a00eb03,0x2abb1802,0x2a00eb03,0x2ab91902,0x2a00eb03,0x2ab71a02,0x2a00eb03,0x2ab51b02,0x2a00eb03,
		0x2ab31c02,0x2a00eb03,0x2ab11d02,0x2a00eb03,0x2aaf1e02,0x2a00eb03,0x2aad1f02,0x2a00eb03,0x2aab2002,0x2a00eb03,
		0x2aa92102,0x2a00eb03,0x2aa72202,0x2a00eb03,0x2aa52302,0x2a00eb03,0x2aa32402,0x2a00eb03,0x2aa12502,0x2a00eb03,
		0x2a9f2602,0x2a00eb03,0x2a9d2702,0x2a00eb03,0x2a9b2802,0x2a00eb03,0x2a992902,0x2a00eb03,0x2a972a02,0x2a00eb03,
		0x2a952b02,0x2a00eb03,0x2a932c02,0x2a00eb03,0x2a912d02,0x2a00eb03,0x2a8f2e02,0x2a00eb03,0x2a8d2f02,0x2a00eb03,
		0x2a8b3002,0x2a00eb03,0x2a893102,0x2a00eb03,0x2a873202,0x2a00eb03,0x2a853302,0x2a00eb03,0x2a833402,0x2a00eb03,
		0x2a813502,0x2a00eb03,0x2a7f3602,0x2a00eb03,0x2a7d3702,0x2a00eb03,0x2a7b3802,0x2a00eb03,0x2a793902,0x2a00eb03,
		0x2a773a02,0x2a00eb03,0x2a753b02,0x2a00eb03,0x2a733c02,0x2a00eb03,0x2a713d02,0x2a00eb03,0x2a6f3e02,0x2a00eb03,
		0x2a6d3f02,0x2a00eb03,0x2a6bc002,0x2a00eb03,0x2a69c102,0x2a00eb03,0x2a67c202,0x2a00eb03,0x2a65c302,0x2a00eb03,
		0x2a63c402,0x2a00eb03,0x2a61c502,0x2a00eb03,0x2a5fc602,0x2a00eb03,0x2a5dc702,0x2a00eb03,0x2a5bc802,0x2a00eb03,
		0x2a59c902,0x2a00eb03,0x2a57ca02,0x2a00eb03,0x2a55cb02,0x2a00eb03,0x2a53cc02,0x2a00eb03,0x2a51cd02,0x2a00eb03,
		0x2a4fce02,0x2a00eb03,0x2a4dcf02,0x2a00eb03,0x2a4bd002,0x2a00eb03,0x2a49d102,0x2a00eb03,0x2a47d202,0x2a00eb03,
		0x2a45d302,0x2a00eb03,0x2a43d402,0x2a00eb03,0x2a41d502,0x2a00eb03,0x2a3fd602,0x2a00eb03,0x2a3dd702,0x2a00eb03,
		0x2a3bd802,0x2a00eb03,0x2a39d902,0x2a00eb03,0x2a37da02,0x2a00eb03,0x2a35db02,0x2a00eb03,0x2a33dc02,0x2a00eb03,
		0x2a31dd02,0x2a00eb03,0x2a2fde02,0x2a00eb03,0x2a2ddf02,0x2a00eb03,0x2a2be002,0x2a00eb03,0x2a29e102,0x2a00eb03,
		0x2a27e202,0x2a00eb03,0x2a25e302,0x2a00eb03,0x2a23e402,0x2a00eb03,0x2a21e502,0x2a00eb03,0x2a1fe602,0x2a00eb03,
		0x2a1de702,0x2a00eb03,0x2a1be802,0x2a00eb03,0x2a19e902,0x2a00eb03,0x2a17ea02,0x2a00eb03,0x2a15eb02,0x2a00eb03,
		0x2a13ec02,0x2a00eb03,0x2a11ed02,0x2a00eb03,0x2a0fee02,0x2a00eb03,0x2a0def02,0x2a00eb03,0x2a0bf002,0x2a00eb03,
		0x2a09f102,0x2a00eb03,0x2a07f202,0x2a00eb03,0x2a05f302,0x2a00eb03,0x2a03f402,0x2a00eb03,0x2a01f502,0x2a00eb03,
		0x29fff602,0x2a00eb03,0x29fdf702,0x2a00eb03,0x29fbf802,0x2a00eb03,0x29f9f902,0x2a00eb03,0x29f7fa02,0x2a00eb03,
		0x29f5fb02,0x2a00eb03,0x29f3fc02,0x2a00eb03,0x29f1fd02,0x2a00eb03,0x29effe02,0x2a00eb03,0x29edff02,0x2a00eb03,
		0x29d70000,0x29d60100,0x29d50200,0x29d40300,0x29d30400,0x29d20500,0x29d10600,0x29d00700,0x29cf0800,0x29ce0900,
		0x29cd0a00,0x29cc0b00,0x29cb0c00,0x29ca0d00,0x29c90e00,0x29c80f00,0x29c71000,0x29c61100,0x29c51200,0x29c41300,
		0x29c31400,0x29c21500,0x29c11600,0x29c01700,0x29bf1800,0x29be1900,0x29bd1a00,0x29bc1b00,0x29bb1c00,0x29ba1d00,
		0x29b91e00,0x29b81f00,0x29b72000,0x29b62100,0x29b52200,0x29b42300,0x29b32400,0x29b22500,0x29b12600,0x29b02700,
		0x29af2800,0x29ae2900,0x29ad2a00,0x29ac2b00,0x29ab2c00,0x29aa2d00,0x29a92e00,0x29a82f00,0x29a73000,0x29a63100,
		0x29a53200,0x29a43300,0x29a33400,0x29a23500,0x29a13600,0x29a03700,0x299f3800,0x299e3900,0x299d3a00,0x299c3b00,
		0x299b3c00,0x299a3d00,0x29993e00,0x29983f00,0x29974000,0x29964100,0x29954200,0x29944300,0x29934400,0x29924500,
		0x29914600,0x29904700,0x298f4800,0x298e4900,0x298d4a00,0x298c4b00,0x298b4c00,0x298a4d00,0x29894e00,0x29884f00,
		0x29875000,0x29865100,0x29855200,0x29845300,0x29835400,0x29825500,0x29815600,0x29805700,0x297f5800,0x297e5900,
		0x297d5a00,0x297c5b00,0x297b5c00,0x297a5d00,0x29795e00,0x29785f00,0x29776000,0x29766100,0x29756200,0x29746300,
		0x29736400,0x29726500,0x29716600,0x29706700,0x296f6800,0x296e6900,0x296d6a00,0x296c6b00,0x296b6c00,0x296a6d00,
		0x29696e00,0x29686f00,0x29677000,0x29667100,0x29657200,0x29647300,0x29637400,0x29627500,0x29617600,0x29607700,
		0x295f7800,0x295e7900,0x295d7a00,0x295c7b00,0x295b7c00,0x295a7d00,0x29597e00,0x29587f00,0x29578000,0x29568100,
		0x29558200,0x29548300,0x29538400,0x29528500,0x29518600,0x29508700,0x294f8800,0x294e8900,0x294d8a00,0x294c8b00,
		0x294b8c00,0x294a8d00,0x29498e00,0x29488f00,0x29479000,0x29469100,0x29459200,0x29449300,0x29439400,0x29429500,
		0x29419600,0x29409700,0x293f9800,0x293e9900,0x293d9a00,0x293c9b00,0x293b9c00,0x293a9d00,0x29399e00,0x29389f00,
		0x2937a000,0x2936a100,0x2935a200,0x2934a300,0x2933a400,0x2932a500,0x2931a600,0x2930a700,0x292fa800,0x292ea900,
		0x292daa00,0x292cab00,0x292bac00,0x292aad00,0x2929ae00,0x2928af00,0x2927b000,0x2926b100,0x2925b200,0x2924b300,
		0x2923b400,0x2922b500,0x2921b600,0x2920b700,0x291fb800,0x291eb900,0x291dba00,0x291cbb00,0x291bbc00,0x291abd00,
		0x2919be00,0x2918bf00,0x2917c000,0x2916c100,0x2915c200,0x2914c300,0x2913c400,0x2912c500,0x2911c600,0x2910c700,
		0x290fc800,0x290ec900,0x290dca00,0x290ccb00,0x290bcc00,0x290acd00,0x2909ce00,0x2908cf00,0x2907d000,0x2906d100,
		0x2905d200,0x2904d300,0x2903d400,0x2902d500,0x2901d600,0x2900d700,0x28ffd800,0x28fed900,0x28fdda00,0x28fcdb00,
		0x28fbdc00,0x28fadd00,0x28f9de00,0x28f8df00,0x28f7e000,0x28f6e100,0x28f5e200,0x28f4e300,0x28f3e400,0x28f2e500,
		0x28f1e600,0x28f0e700,0x28efe800,0x28eee900,0x28edea00,0x28eceb00,0x28ebec00,0x28eaed00,0x28e9ee00,0x28e8ef00,
		0x28e7f000,0x28e6f100,0x28e5f200,0x28e4f300,0x28e3f400,0x28e2f500,0x28e1f600,0x28e0f700,0x28dff800,0x28def900,
		0x28ddfa00,0x28dcfb00,0x28dbfc00,0x28dafd00,0x28d9fe00,0x28d8ff00,0x28fb0006,0x2800ec07,0x27fff607,0x2800ec07,
		0x27fdfb07,0x2800ec07,0x27fdf607,0x2800ec07,0x28f30106,0x2800ec07,0x27fbf607,0x2800ec07,0x27f7fb07,0x2800ec07,
		0x27f9f607,0x2800ec07,0x28eb0206,0x2800ec07,0x27f7f607,0x2800ec07,0x27f1fb07,0x2800ec07,0x27f5f607,0x2800ec07,
		0x28e30306,0x2800ec07,0x27f3f607,0x2800ec07,0x27ebfb07,0x2800ec07,0x27f1f607,0x2800ec07,0x28db0406,0x2800ec07,
		0x27eff607,0x2800ec07,0x27e5fb07,0x2800ec07,0x27edf607,0x2800ec07,0x28d30506,0x2800ec07,0x27ebf607,0x2800ec07,
		0x27dffb07,0x2800ec07,0x27e9f607,0x2800ec07,0x28cb0606,0x2800ec07,0x27e7f607,0x2800ec07,0x27d9fb07,0x2800ec07,
		0x27e5f607,0x2800ec07,0x28c30706,0x2800ec07,0x27e3f607,0x2800ec07,0x27d3fb07,0x2800ec07,0x27e1f607,0x2800ec07,
		0x28bb0806,0x2800ec07,0x27dff607,0x2800ec07,0x27cdfb07,0x2800ec07,0x27ddf607,0x2800ec07,0x28b30906,0x2800ec07,
		0x27dbf607,0x2800ec07,0x27c7fb07,0x2800ec07,0x27d9f607,0x2800ec07,0x28ab0a06,0x2800ec07,0x27d7f607,0x2800ec07,
		0x27c1fb07,0x2800ec07,0x27d5f607,0x2800ec07,0x28a30b06,0x2800ec07,0x27d3f607,0x2800ec07,0x27bbfb07,0x2800ec07,
		0x27d1f607,0x2800ec07,0x289b0c06,0x2800ec07,0x27cff607,0x2800ec07,0x27b5fb07,0x2800ec07,0x27cdf607,0x2800ec07,
		0x28930d06,0x2800ec07,0x27cbf607,0x2800ec07,0x27affb07,0x2800ec07,0x27c9f607,0x2800ec07,0x288b0e06,0x2800ec07,
		0x27c7f607,0x2800ec07,0x27a9fb07,0x2800ec07,0x27c5f607,0x2800ec07,0x28830f06,0x2800ec07,0x27c3f607,0x2800ec07,
		0x27a3fb07,0x2800ec07,0x27c1f607,0x2800ec07,0x287bf006,0x2800ec07,0x283ff607,0x2800ec07,0x285dfb07,0x2800ec07,
		0x283df607,0x2800ec07,0x2873f106,0x2800ec07,0x283bf607,0x2800ec07,0x2857fb07,0x2800ec07,0x2839f607,0x2800ec07,
		0x286bf206,0x2800ec07,0x2837f607,0x2800ec07,0x2851fb07,0x2800ec07,0x2835f607,0x2800ec07,0x2863f306,0x2800ec07,
		0x2833f607,0x2800ec07,0x284bfb07,0x2800ec07,0x2831f607,0x2800ec07,0x285bf406,0x2800ec07,0x282ff607,0x2800ec07,
		0x2845fb07,0x2800ec07,0x282df607,0x2800ec07,0x2853f506,0x2800ec07,0x282bf607,0x2800ec07,0x283ffb07,0x2800ec07,
		0x2829f607,0x2800ec07,0x284bf606,0x2800ec07,0x2827f607,0x2800ec07,0x2839fb07,0x2800ec07,0x2825f607,0x2800ec07,
		0x2843f706,0x2800ec07,0x2823f607,0x2800ec07,0x2833fb07,0x2800ec07,0x2821f607,0x2800ec07,0x283bf806,0x2800ec07,
		0x281ff607,0x2800ec07,0x282dfb07,0x2800ec07,0x281df607,0x2800ec07,0x2833f906,0x2800ec07,0x281bf607,0x2800ec07,
		0x2827fb07,0x2800ec07,0x2819f607,0x2800ec07,0x282bfa06,0x2800ec07,0x2817f607,0x2800ec07,0x2821fb07,0x2800ec07,
		0x2815f607,0x2800ec07,0x2823fb06,0x2800ec07,0x2813f607,0x2800ec07,0x281bfb07,0x2800ec07,0x2811f607,0x2800ec07,
		0x281bfc06,0x2800ec07,0x280ff607,0x2800ec07,0x2815fb07,0x2800ec07,0x280df607,0x2800ec07,0x2813fd06,0x2800ec07,
		0x280bf607,0x2800ec07,0x280ffb07,0x2800ec07,0x2809f607,0x2800ec07,0x280bfe06,0x2800ec07,0x2807f607,0x2800ec07,
		0x2809fb07,0x2800ec07,0x2805f607,0x2800ec07,0x2803ff06,0x2800ec07,0x2803f607,0x2800ec07,0x2803fb07,0x2800ec07,
		0x2801f607,0x2800ec07,0x27d90000,0x27d80100,0x27d70200,0x27d60300,0x27d50400,0x27d40500,0x27d30600,0x27d20700,
		0x27d10800,0x27d00900,0x27cf0a00,0x27ce0b00,0x27cd0c00,0x27cc0d00,0x27cb0e00,0x27ca0f00,0x27c91000,0x27c81100,
		0x27c71200,0x27c61300,0x27c51400,0x27c41500,0x27c31600,0x27c21700,0x27c11800,0x27c01900,0x27bf1a00,0x27be1b00,
		0x27bd1c00,0x27bc1d00,0x27bb1e00,0x27ba1f00,0x27b92000,0x27b82100,0x27b72200,0x27b62300,0x27b52400,0x27b42500,
		0x27b32600,0x27b22700,0x27b12800,0x27b02900,0x27af2a00,0x27ae2b00,0x27ad2c00,0x27ac2d00,0x27ab2e00,0x27aa2f00,
		0x27a93000,0x27a83100,0x27a73200,0x27a63300,0x27a53400,0x27a43500,0x27a33600,0x27a23700,0x27a13800,0x27a03900,
		0x279f3a00,0x279e3b00,0x279d3c00,0x279c3d00,0x279b3e00,0x279a3f00,0x27994000,0x27984100,0x27974200,0x27964300,
		0x27954400,0x27944500,0x27934600,0x27924700,0x27914800,0x27904900,0x278f4a00,0x278e4b00,0x278d4c00,0x278c4d00,
		0x278b4e00,0x278a4f00,0x27895000,0x27885100,0x27875200,0x27865300,0x27855400,0x27845500,0x27835600,0x27825700,
		0x27815800,0x27805900,0x277f5a00,0x277e5b00,0x277d5c00,0x277c5d00,0x277b5e00,0x277a5f00,0x27796000,0x27786100,
		0x27776200,0x27766300,0x27756400,0x27746500,0x27736600,0x27726700,0x27716800,0x27706900,0x276f6a00,0x276e6b00,
		0x276d6c00,0x276c6d00,0x276b6e00,0x276a6f00,0x27697000,0x27687100,0x27677200,0x27667300,0x27657400,0x27647500,
		0x27637600,0x27627700,0x27617800,0x27607900,0x275f7a00,0x275e7b00,0x275d7c00,0x275c7d00,0x275b7e00,0x275a7f00,
		0x27598000,0x27588100,0x27578200,0x27568300,0x27558400,0x27548500,0x27538600,0x27528700,0x27518800,0x27508900,
		0x274f8a00,0x274e8b00,0x274d8c00,0x274c8d00,0x274b8e00,0x274a8f00,0x27499000,0x27489100,0x27479200,0x27469300,
		0x27459400,0x27449500,0x27439600,0x27429700,0x27419800,0x27409900,0x273f9a00,0x273e9b00,0x273d9c00,0x273c9d00,
		0x273b9e00,0x273a9f00,0x2739a000,0x2738a100,0x2737a200,0x2736a300,0x2735a400,0x2734a500,0x2733a600,0x2732a700,
		0x2731a800,0x2730a900,0x272faa00,0x272eab00,0x272dac00,0x272cad00,0x272bae00,0x272aaf00,0x2729b000,0x2728b100,
		0x2727b200,0x2726b300,0x2725b400,0x2724b500,0x2723b600,0x2722b700,0x2721b800,0x2720b900,0x271fba00,0x271ebb00,
		0x271dbc00,0x271cbd00,0x271bbe00,0x271abf00,0x2719c000,0x2718c100,0x2717c200,0x2716c300,0x2715c400,0x2714c500,
		0x2713c600,0x2712c700,0x2711c800,0x2710c900,0x270fca00,0x270ecb00,0x270dcc00,0x270ccd00,0x270bce00,0x270acf00,
		0x2709d000,0x2708d100,0x2707d200,0x2706d300,0x2705d400,0x2704d500,0x2703d600,0x2702d700,0x2701d800,0x2700d900,
		0x26ffda00,0x26fedb00,0x26fddc00,0x26fcdd00,0x26fbde00,0x26fadf00,0x26f9e000,0x26f8e100,0x26f7e200,0x26f6e300,
		0x26f5e400,0x26f4e500,0x26f3e600,0x26f2e700,0x26f1e800,0x26f0e900,0x26efea00,0x26eeeb00,0x26edec00,0x26eced00,
		0x26ebee00,0x26eaef00,0x26e9f000,0x26e8f100,0x26e7f200,0x26e6f300,0x26e5f400,0x26e4f500,0x26e3f600,0x26e2f700,
		0x26e1f800,0x26e0f900,0x26dffa00,0x26defb00,0x26ddfc00,0x26dcfd00,0x26dbfe00,0x26daff00,0x26ed0002,0x2600ed03,
		0x26eb0102,0x2600ed03,0x26e90202,0x2600ed03,0x26e70302,0x2600ed03,0x26e50402,0x2600ed03,0x26e30502,0x2600ed03,
		0x26e10602,0x2600ed03,0x26df0702,0x2600ed03,0x26dd0802,0x2600ed03,0x26db0902,0x2600ed03,0x26d90a02,0x2600ed03,
		0x26d70b02,0x2600ed03,0x26d50c02,0x2600ed03,0x26d30d02,0x2600ed03,0x26d10e02,0x2600ed03,0x26cf0f02,0x2600ed03,
		0x26cd1002,0x2600ed03,0x26cb1102,0x2600ed03,0x26c91202,0x2600ed03,0x26c71302,0x2600ed03,0x26c51402,0x2600ed03,
		0x26c31502,0x2600ed03,0x26c11602,0x2600ed03,0x26bf1702,0x2600ed03,0x26bd1802,0x2600ed03,0x26bb1902,0x2600ed03,
		0x26b91a02,0x2600ed03,0x26b71b02,0x2600ed03,0x26b51c02,0x2600ed03,0x26b31d02,0x2600ed03,0x26b11e02,0x2600ed03,
		0x26af1f02,0x2600ed03,0x26ad2002,0x2600ed03,0x26ab2102,0x2600ed03,0x26a92202,0x2600ed03,0x26a72302,0x2600ed03,
		0x26a52402,0x2600ed03,0x26a32502,0x2600ed03,0x26a12602,0x2600ed03,0x269f2702,0x2600ed03,0x269d2802,0x2600ed03,
		0x269b2902,0x2600ed03,0x26992a02,0x2600ed03,0x26972b02,0x2600ed03,0x26952c02,0x2600ed03,0x26932d02,0x2600ed03,
		0x26912e02,0x2600ed03,0x268f2f02,0x2600ed03,0x268d3002,0x2600ed03,0x268b3102,0x2600ed03,0x26893202,0x2600ed03,
		0x26873302,0x2600ed03,0x26853402,0x2600ed03,0x26833502,0x2600ed03,0x26813602,0x2600ed03,0x267f3702,0x2600ed03,
		0x267d3802,0x2600ed03,0x267b3902,0x2600ed03,0x26793a02,0x2600ed03,0x26773b02,0x2600ed03,0x26753c02,0x2600ed03,
		0x26733d02,0x2600ed03,0x26713e02,0x2600ed03,0x266f3f02,0x2600ed03,0x266dc002,0x2600ed03,0x266bc102,0x2600ed03,
		0x2669c202,0x2600ed03,0x2667c302,0x2600ed03,0x2665c402,0x2600ed03,0x2663c502,0x2600ed03,0x2661c602,0x2600ed03,
		0x265fc702,0x2600ed03,0x265dc802,0x2600ed03,0x265bc902,0x2600ed03,0x2659ca02,0x2600ed03,0x2657cb02,0x2600ed03,
		0x2655cc02,0x2600ed03,0x2653cd02,0x2600ed03,0x2651ce02,0x2600ed03,0x264fcf02,0x2600ed03,0x264dd002,0x2600ed03,
		0x264bd102,0x2600ed03,0x2649d202,0x2600ed03,0x2647d302,0x2600ed03,0x2645d402,0x2600ed03,0x2643d502,0x2600ed03,
		0x2641d602,0x2600ed03,0x263fd702,0x2600ed03,0x263dd802,0x2600ed03,0x263bd902,0x2600ed03,0x2639da02,0x2600ed03,
		0x2637db02,0x2600ed03,0x2635dc02,0x2600ed03,0x2633dd02,0x2600ed03,0x2631de02,0x2600ed03,0x262fdf02,0x2600ed03,
		0x262de002,0x2600ed03,0x262be102,0x2600ed03,0x2629e202,0x2600ed03,0x2627e302,0x2600ed03,0x2625e402,0x2600ed03,
		0x2623e502,0x2600ed03,0x2621e602,0x2600ed03,0x261fe702,0x2600ed03,0x261de802,0x2600ed03,0x261be902,0x2600ed03,
		0x2619ea02,0x2600ed03,0x2617eb02,0x2600ed03,0x2615ec02,0x2600ed03,0x2613ed02,0x2600ed03,0x2611ee02,0x2600ed03,
		0x260fef02,0x2600ed03,0x260df002,0x2600ed03,0x260bf102,0x2600ed03,0x2609f202,0x2600ed03,0x2607f302,0x2600ed03,
		0x2605f402,0x2600ed03,0x2603f502,0x2600ed03,0x2601f602,0x2600ed03,0x25fff702,0x2600ed03,0x25fdf802,0x2600ed03,
		0x25fbf902,0x2600ed03,0x25f9fa02,0x2600ed03,0x25f7fb02,0x2600ed03,0x25f5fc02,0x2600ed03,0x25f3fd02,0x2600ed03,
		0x25f1fe02,0x2600ed03,0x25efff02,0x2600ed03,0x25db0000,0x25da0100,0x25d90200,0x25d80300,0x25d70400,0x25d60500,
		0x25d50600,0x25d40700,0x25d30800,0x25d20900,0x25d10a00,0x25d00b00,0x25cf0c00,0x25ce0d00,0x25cd0e00,0x25cc0f00,
		0x25cb1000,0x25ca1100,0x25c91200,0x25c81300,0x25c71400,0x25c61500,0x25c51600,0x25c41700,0x25c31800,0x25c21900,
		0x25c11a00,0x25c01b00,0x25bf1c00,0x25be1d00,0x25bd1e00,0x25bc1f00,0x25bb2000,0x25ba2100,0x25b92200,0x25b82300,
		0x25b72400,0x25b62500,0x25b52600,0x25b42700,0x25b32800,0x25b22900,0x25b12a00,0x25b02b00,0x25af2c00,0x25ae2d00,
		0x25ad2e00,0x25ac2f00,0x25ab3000,0x25aa3100,0x25a93200,0x25a83300,0x25a73400,0x25a63500,0x25a53600,0x25a43700,
		0x25a33800,0x25a23900,0x25a13a00,0x25a03b00,0x259f3c00,0x259e3d00,0x259d3e00,0x259c3f00,0x259b4000,0x259a4100,
		0x25994200,0x25984300,0x25974400,0x25964500,0x25954600,0x25944700,0x25934800,0x25924900,0x25914a00,0x25904b00,
		0x258f4c00,0x258e4d00,0x258d4e00,0x258c4f00,0x258b5000,0x258a5100,0x25895200,0x25885300,0x25875400,0x25865500,
		0x25855600,0x25845700,0x25835800,0x25825900,0x25815a00,0x25805b00,0x257f5c00,0x257e5d00,0x257d5e00,0x257c5f00,
		0x257b6000,0x257a6100,0x25796200,0x25786300,0x25776400,0x25766500,0x25756600,0x25746700,0x25736800,0x25726900,
		0x25716a00,0x25706b00,0x256f6c00,0x256e6d00,0x256d6e00,0x256c6f00,0x256b7000,0x256a7100,0x25697200,0x25687300,
		0x25677400,0x25667500,0x25657600,0x25647700,0x25637800,0x25627900,0x25617a00,0x25607b00,0x255f7c00,0x255e7d00,
		0x255d7e00,0x255c7f00,0x255b8000,0x255a8100,0x25598200,0x25588300,0x25578400,0x25568500,0x25558600,0x25548700,
		0x25538800,0x25528900,0x25518a00,0x25508b00,0x254f8c00,0x254e8d00,0x254d8e00,0x254c8f00,0x254b9000,0x254a9100,
		0x25499200,0x25489300,0x25479400,0x25469500,0x25459600,0x25449700,0x25439800,0x25429900,0x25419a00,0x25409b00,
		0x253f9c00,0x253e9d00,0x253d9e00,0x253c9f00,0x253ba000,0x253aa100,0x2539a200,0x2538a300,0x2537a400,0x2536a500,
		0x2535a600,0x2534a700,0x2533a800,0x2532a900,0x2531aa00,0x2530ab00,0x252fac00,0x252ead00,0x252dae00,0x252caf00,
		0x252bb000,0x252ab100,0x2529b200,0x2528b300,0x2527b400,0x2526b500,0x2525b600,0x2524b700,0x2523b800,0x2522b900,
		0x2521ba00,0x2520bb00,0x251fbc00,0x251ebd00,0x251dbe00,0x251cbf00,0x251bc000,0x251ac100,0x2519c200,0x2518c300,
		0x2517c400,0x2516c500,0x2515c600,0x2514c700,0x2513c800,0x2512c900,0x2511ca00,0x2510cb00,0x250fcc00,0x250ecd00,
		0x250dce00,0x250ccf00,0x250bd000,0x250ad100,0x2509d200,0x2508d300,0x2507d400,0x2506d500,0x2505d600,0x2504d700,
		0x2503d800,0x2502d900,0x2501da00,0x2500db00,0x24ffdc00,0x24fedd00,0x24fdde00,0x24fcdf00,0x24fbe000,0x24fae100,
		0x24f9e200,0x24f8e300,0x24f7e400,0x24f6e500,0x24f5e600,0x24f4e700,0x24f3e800,0x24f2e900,0x24f1ea00,0x24f0eb00,
		0x24efec00,0x24eeed00,0x24edee00,0x24ecef00,0x24ebf000,0x24eaf100,0x24e9f200,0x24e8f300,0x24e7f400,0x24e6f500,
		0x24e5f600,0x24e4f700,0x24e3f800,0x24e2f900,0x24e1fa00,0x24e0fb00,0x24dffc00,0x24defd00,0x24ddfe00,0x24dcff00,
		0x24f70004,0x2400ee05,0x23fff705,0x2400ee05,0x24f30104,0x2400ee05,0x23fdf705,0x2400ee05,0x24ef0204,0x2400ee05,
		0x23fbf705,0x2400ee05,0x24eb0304,0x2400ee05,0x23f9f705,0x2400ee05,0x24e70404,0x2400ee05,0x23f7f705,0x2400ee05,
		0x24e30504,0x2400ee05,0x23f5f705,0x2400ee05,0x24df0604,0x2400ee05,0x23f3f705,0x2400ee05,0x24db0704,0x2400ee05,
		0x23f1f705,0x2400ee05,0x24d70804,0x2400ee05,0x23eff705,0x2400ee05,0x24d30904,0x2400ee05,0x23edf705,0x2400ee05,
		0x24cf0a04,0x2400ee05,0x23ebf705,0x2400ee05,0x24cb0b04,0x2400ee05,0x23e9f705,0x2400ee05,0x24c70c04,0x2400ee05,
		0x23e7f705,0x2400ee05,0x24c30d04,0x2400ee05,0x23e5f705,0x2400ee05,0x24bf0e04,0x2400ee05,0x23e3f705,0x2400ee05,
		0x24bb0f04,0x2400ee05,0x23e1f705,0x2400ee05,0x24b71004,0x2400ee05,0x23dff705,0x2400ee05,0x24b31104,0x2400ee05,
		0x23ddf705,0x2400ee05,0x24af1204,0x2400ee05,0x23dbf705,0x2400ee05,0x24ab1304,0x2400ee05,0x23d9f705,0x2400ee05,
		0x24a71404,0x2400ee05,0x23d7f705,0x2400ee05,0x24a31504,0x2400ee05,0x23d5f705,0x2400ee05,0x249f1604,0x2400ee05,
		0x23d3f705,0x2400ee05,0x249b1704,0x2400ee05,0x23d1f705,0x2400ee05,0x24971804,0x2400ee05,0x23cff705,0x2400ee05,
		0x24931904,0x2400ee05,0x23cdf705,0x2400ee05,0x248f1a04,0x2400ee05,0x23cbf705,0x2400ee05,0x248b1b04,0x2400ee05,
		0x23c9f705,0x2400ee05,0x24871c04,0x2400ee05,0x23c7f705,0x2400ee05,0x24831d04,0x2400ee05,0x23c5f705,0x2400ee05,
		0x247f1e04,0x2400ee05,0x23c3f705,0x2400ee05,0x247b1f04,0x2400ee05,0x23c1f705,0x2400ee05,0x2477e004,0x2400ee05,
		0x243ff705,0x2400ee05,0x2473e104,0x2400ee05,0x243df705,0x2400ee05,0x246fe204,0x2400ee05,0x243bf705,0x2400ee05,
		0x246be304,0x2400ee05,0x2439f705,0x2400ee05,0x2467e404,0x2400ee05,0x2437f705,0x2400ee05,0x2463e504,0x2400ee05,
		0x2435f705,0x2400ee05,0x245fe604,0x2400ee05,0x2433f705,0x2400ee05,0x245be704,0x2400ee05,0x2431f705,0x2400ee05,
		0x2457e804,0x2400ee05,0x242ff705,0x2400ee05,0x2453e904,0x2400ee05,0x242df705,0x2400ee05,0x244fea04,0x2400ee05,
		0x242bf705,0x2400ee05,0x244beb04,0x2400ee05,0x2429f705,0x2400ee05,0x2447ec04,0x2400ee05,0x2427f705,0x2400ee05,
		0x2443ed04,0x2400ee05,0x2425f705,0x2400ee05,0x243fee04,0x2400ee05,0x2423f705,0x2400ee05,0x243bef04,0x2400ee05,
		0x2421f705,0x2400ee05,0x2437f004,0x2400ee05,0x241ff705,0x2400ee05,0x2433f104,0x2400ee05,0x241df705,0x2400ee05,
		0x242ff204,0x2400ee05,0x241bf705,0x2400ee05,0x242bf304,0x2400ee05,0x2419f705,0x2400ee05,0x2427f404,0x2400ee05,
		0x2417f705,0x2400ee05,0x2423f504,0x2400ee05,0x2415f705,0x2400ee05,0x241ff604,0x2400ee05,0x2413f705,0x2400ee05,
		0x241bf704,0x2400ee05,0x2411f705,0x2400ee05,0x2417f804,0x2400ee05,0x240ff705,0x2400ee05,0x2413f904,0x2400ee05,
		0x240df705,0x2400ee05,0x240ffa04,0x2400ee05,0x240bf705,0x2400ee05,0x240bfb04,0x2400ee05,0x2409f705,0x2400ee05,
		0x2407fc04,0x2400ee05,0x2407f705,0x2400ee05,0x2403fd04,0x2400ee05,0x2405f705,0x2400ee05,0x23fffe04,0x2400ee05,
		0x2403f705,0x2400ee05,0x23fbff04,0x2400ee05,0x2401f705,0x2400ee05,0x23dd0000,0x23dc0100,0x23db0200,0x23da0300,
		0x23d90400,0x23d80500,0x23d70600,0x23d60700,0x23d50800,0x23d40900,0x23d30a00,0x23d20b00,0x23d10c00,0x23d00d00,
		0x23cf0e00,0x23ce0f00,0x23cd1000,0x23cc1100,0x23cb1200,0x23ca1300,0x23c91400,0x23c81500,0x23c71600,0x23c61700,
		0x23c51800,0x23c41900,0x23c31a00,0x23c21b00,0x23c11c00,0x23c01d00,0x23bf1e00,0x23be1f00,0x23bd2000,0x23bc2100,
		0x23bb2200,0x23ba2300,0x23b92400,0x23b82500,0x23b72600,0x23b62700,0x23b52800,0x23b42900,0x23b32a00,0x23b22b00,
		0x23b12c00,0x23b02d00,0x23af2e00,0x23ae2f00,0x23ad3000,0x23ac3100,0x23ab3200,0x23aa3300,0x23a93400,0x23a83500,
		0x23a73600,0x23a63700,0x23a53800,0x23a43900,0x23a33a00,0x23a23b00,0x23a13c00,0x23a03d00,0x239f3e00,0x239e3f00,
		0x239d4000,0x239c4100,0x239b4200,0x239a4300,0x23994400,0x23984500,0x23974600,0x23964700,0x23954800,0x23944900,
		0x23934a00,0x23924b00,0x23914c00,0x23904d00,0x238f4e00,0x238e4f00,0x238d5000,0x238c5100,0x238b5200,0x238a5300,
		0x23895400,0x23885500,0x23875600,0x23865700,0x23855800,0x23845900,0x23835a00,0x23825b00,0x23815c00,0x23805d00,
		0x237f5e00,0x237e5f00,0x237d6000,0x237c6100,0x237b6200,0x237a6300,0x23796400,0x23786500,0x23776600,0x23766700,
		0x23756800,0x23746900,0x23736a00,0x23726b00,0x23716c00,0x23706d00,0x236f6e00,0x236e6f00,0x236d7000,0x236c7100,
		0x236b7200,0x236a7300,0x23697400,0x23687500,0x23677600,0x23667700,0x23657800,0x23647900,0x23637a00,0x23627b00,
		0x23617c00,0x23607d00,0x235f7e00,0x235e7f00,0x235d8000,0x235c8100,0x235b8200,0x235a8300,0x23598400,0x23588500,
		0x23578600,0x23568700,0x23558800,0x23548900,0x23538a00,0x23528b00,0x23518c00,0x23508d00,0x234f8e00,0x234e8f00,
		0x234d9000,0x234c9100,0x234b9200,0x234a9300,0x23499400,0x23489500,0x23479600,0x23469700,0x23459800,0x23449900,
		0x23439a00,0x23429b00,0x23419c00,0x23409d00,0x233f9e00,0x233e9f00,0x233da000,0x233ca100,0x233ba200,0x233aa300,
		0x2339a400,0x2338a500,0x2337a600,0x2336a700,0x2335a800,0x2334a900,0x2333aa00,0x2332ab00,0x2331ac00,0x2330ad00,
		0x232fae00,0x232eaf00,0x232db000,0x232cb100,0x232bb200,0x232ab300,0x2329b400,0x2328b500,0x2327b600,0x2326b700,
		0x2325b800,0x2324b900,0x2323ba00,0x2322bb00,0x2321bc00,0x2320bd00,0x231fbe00,0x231ebf00,0x231dc000,0x231cc100,
		0x231bc200,0x231ac300,0x2319c400,0x2318c500,0x2317c600,0x2316c700,0x2315c800,0x2314c900,0x2313ca00,0x2312cb00,
		0x2311cc00,0x2310cd00,0x230fce00,0x230ecf00,0x230dd000,0x230cd100,0x230bd200,0x230ad300,0x2309d400,0x2308d500,
		0x2307d600,0x2306d700,0x2305d800,0x2304d900,0x2303da00,0x2302db00,0x2301dc00,0x2300dd00,0x22ffde00,0x22fedf00,
		0x22fde000,0x22fce100,0x22fbe200,0x22fae300,0x22f9e400,0x22f8e500,0x22f7e600,0x22f6e700,0x22f5e800,0x22f4e900,
		0x22f3ea00,0x22f2eb00,0x22f1ec00,0x22f0ed00,0x22efee00,0x22eeef00,0x22edf000,0x22ecf100,0x22ebf200,0x22eaf300,
		0x22e9f400,0x22e8f500,0x22e7f600,0x22e6f700,0x22e5f800,0x22e4f900,0x22e3fa00,0x22e2fb00,0x22e1fc00,0x22e0fd00,
		0x22dffe00,0x22deff00,0x22ef0002,0x2200ef03,0x22ed0102,0x2200ef03,0x22eb0202,0x2200ef03,0x22e90302,0x2200ef03,
		0x22e70402,0x2200ef03,0x22e50502,0x2200ef03,0x22e30602,0x2200ef03,0x22e10702,0x2200ef03,0x22df0802,0x2200ef03,
		0x22dd0902,0x2200ef03,0x22db0a02,0x2200ef03,0x22d90b02,0x2200ef03,0x22d70c02,0x2200ef03,0x22d50d02,0x2200ef03,
		0x22d30e02,0x2200ef03,0x22d10f02,0x2200ef03,0x22cf1002,0x2200ef03,0x22cd1102,0x2200ef03,0x22cb1202,0x2200ef03,
		0x22c91302,0x2200ef03,0x22c71402,0x2200ef03,0x22c51502,0x2200ef03,0x22c31602,0x2200ef03,0x22c11702,0x2200ef03,
		0x22bf1802,0x2200ef03,0x22bd1902,0x2200ef03,0x22bb1a02,0x2200ef03,0x22b91b02,0x2200ef03,0x22b71c02,0x2200ef03,
		0x22b51d02,0x2200ef03,0x22b31e02,0x2200ef03,0x22b11f02,0x2200ef03,0x22af2002,0x2200ef03,0x22ad2102,0x2200ef03,
		0x22ab2202,0x2200ef03,0x22a92302,0x2200ef03,0x22a72402,0x2200ef03,0x22a52502,0x2200ef03,0x22a32602,0x2200ef03,
		0x22a12702,0x2200ef03,0x229f2802,0x2200ef03,0x229d2902,0x2200ef03,0x229b2a02,0x2200ef03,0x22992b02,0x2200ef03,
		0x22972c02,0x2200ef03,0x22952d02,0x2200ef03,0x22932e02,0x2200ef03,0x22912f02,0x2200ef03,0x228f3002,0x2200ef03,
		0x228d3102,0x2200ef03,0x228b3202,0x2200ef03,0x22893302,0x2200ef03,0x22873402,0x2200ef03,0x22853502,0x2200ef03,
		0x22833602,0x2200ef03,0x22813702,0x2200ef03,0x227f3802,0x2200ef03,0x227d3902,0x2200ef03,0x227b3a02,0x2200ef03,
		0x22793b02,0x2200ef03,0x22773c02,0x2200ef03,0x22753d02,0x2200ef03,0x22733e02,0x2200ef03,0x22713f02,0x2200ef03,
		0x226fc002,0x2200ef03,0x226dc102,0x2200ef03,0x226bc202,0x2200ef03,0x2269c302,0x2200ef03,0x2267c402,0x2200ef03,
		0x2265c502,0x2200ef03,0x2263c602,0x2200ef03,0x2261c702,0x2200ef03,0x225fc802,0x2200ef03,0x225dc902,0x2200ef03,
		0x225bca02,0x2200ef03,0x2259cb02,0x2200ef03,0x2257cc02,0x2200ef03,0x2255cd02,0x2200ef03,0x2253ce02,0x2200ef03,
		0x2251cf02,0x2200ef03,0x224fd002,0x2200ef03,0x224dd102,0x2200ef03,0x224bd202,0x2200ef03,0x2249d302,0x2200ef03,
		0x2247d402,0x2200ef03,0x2245d502,0x2200ef03,0x2243d602,0x2200ef03,0x2241d702,0x2200ef03,0x223fd802,0x2200ef03,
		0x223dd902,0x2200ef03,0x223bda02,0x2200ef03,0x2239db02,0x2200ef03,0x2237dc02,0x2200ef03,0x2235dd02,0x2200ef03,
		0x2233de02,0x2200ef03,0x2231df02,0x2200ef03,0x222fe002,0x2200ef03,0x222de102,0x2200ef03,0x222be202,0x2200ef03,
		0x2229e302,0x2200ef03,0x2227e402,0x2200ef03,0x2225e502,0x2200ef03,0x2223e602,0x2200ef03,0x2221e702,0x2200ef03,
		0x221fe802,0x2200ef03,0x221de902,0x2200ef03,0x221bea02,0x2200ef03,0x2219eb02,0x2200ef03,0x2217ec02,0x2200ef03,
		0x2215ed02,0x2200ef03,0x2213ee02,0x2200ef03,0x2211ef02,0x2200ef03,0x220ff002,0x2200ef03,0x220df102,0x2200ef03,
		0x220bf202,0x2200ef03,0x2209f302,0x2200ef03,0x2207f402,0x2200ef03,0x2205f502,0x2200ef03,0x2203f602,0x2200ef03,
		0x2201f702,0x2200ef03,0x21fff802,0x2200ef03,0x21fdf902,0x2200ef03,0x21fbfa02,0x2200ef03,0x21f9fb02,0x2200ef03,
		0x21f7fc02,0x2200ef03,0x21f5fd02,0x2200ef03,0x21f3fe02,0x2200ef03,0x21f1ff02,0x2200ef03,0x21df0000,0x21de0100,
		0x21dd0200,0x21dc0300,0x21db0400,0x21da0500,0x21d90600,0x21d80700,0x21d70800,0x21d60900,0x21d50a00,0x21d40b00,
		0x21d30c00,0x21d20d00,0x21d10e00,0x21d00f00,0x21cf1000,0x21ce1100,0x21cd1200,0x21cc1300,0x21cb1400,0x21ca1500,
		0x21c91600,0x21c81700,0x21c71800,0x21c61900,0x21c51a00,0x21c41b00,0x21c31c00,0x21c21d00,0x21c11e00,0x21c01f00,
		0x21bf2000,0x21be2100,0x21bd2200,0x21bc2300,0x21bb2400,0x21ba2500,0x21b92600,0x21b82700,0x21b72800,0x21b62900,
		0x21b52a00,0x21b42b00,0x21b32c00,0x21b22d00,0x21b12e00,0x21b02f00,0x21af3000,0x21ae3100,0x21ad3200,0x21ac3300,
		0x21ab3400,0x21aa3500,0x21a93600,0x21a83700,0x21a73800,0x21a63900,0x21a53a00,0x21a43b00,0x21a33c00,0x21a23d00,
		0x21a13e00,0x21a03f00,0x219f4000,0x219e4100,0x219d4200,0x219c4300,0x219b4400,0x219a4500,0x21994600,0x21984700,
		0x21974800,0x21964900,0x21954a00,0x21944b00,0x21934c00,0x21924d00,0x21914e00,0x21904f00,0x218f5000,0x218e5100,
		0x218d5200,0x218c5300,0x218b5400,0x218a5500,0x21895600,0x21885700,0x21875800,0x21865900,0x21855a00,0x21845b00,
		0x21835c00,0x21825d00,0x21815e00,0x21805f00,0x217f6000,0x217e6100,0x217d6200,0x217c6300,0x217b6400,0x217a6500,
		0x21796600,0x21786700,0x21776800,0x21766900,0x21756a00,0x21746b00,0x21736c00,0x21726d00,0x21716e00,0x21706f00,
		0x216f7000,0x216e7100,0x216d7200,0x216c7300,0x216b7400,0x216a7500,0x21697600,0x21687700,0x21677800,0x21667900,
		0x21657a00,0x21647b00,0x21637c00,0x21627d00,0x21617e00,0x21607f00,0x215f8000,0x215e8100,0x215d8200,0x215c8300,
		0x215b8400,0x215a8500,0x21598600,0x21588700,0x21578800,0x21568900,0x21558a00,0x21548b00,0x21538c00,0x21528d00,
		0x21518e00,0x21508f00,0x214f9000,0x214e9100,0x214d9200,0x214c9300,0x214b9400,0x214a9500,0x21499600,0x21489700,
		0x21479800,0x21469900,0x21459a00,0x21449b00,0x21439c00,0x21429d00,0x21419e00,0x21409f00,0x213fa000,0x213ea100,
		0x213da200,0x213ca300,0x213ba400,0x213aa500,0x2139a600,0x2138a700,0x2137a800,0x2136a900,0x2135aa00,0x2134ab00,
		0x2133ac00,0x2132ad00,0x2131ae00,0x2130af00,0x212fb000,0x212eb100,0x212db200,0x212cb300,0x212bb400,0x212ab500,
		0x2129b600,0x2128b700,0x2127b800,0x2126b900,0x2125ba00,0x2124bb00,0x2123bc00,0x2122bd00,0x2121be00,0x2120bf00,
		0x211fc000,0x211ec100,0x211dc200,0x211cc300,0x211bc400,0x211ac500,0x2119c600,0x2118c700,0x2117c800,0x2116c900,
		0x2115ca00,0x2114cb00,0x2113cc00,0x2112cd00,0x2111ce00,0x2110cf00,0x210fd000,0x210ed100,0x210dd200,0x210cd300,
		0x210bd400,0x210ad500,0x2109d600,0x2108d700,0x2107d800,0x2106d900,0x2105da00,0x2104db00,0x2103dc00,0x2102dd00,
		0x2101de00,0x2100df00,0x20ffe000,0x20fee100,0x20fde200,0x20fce300,0x20fbe400,0x20fae500,0x20f9e600,0x20f8e700,
		0x20f7e800,0x20f6e900,0x20f5ea00,0x20f4eb00,0x20f3ec00,0x20f2ed00,0x20f1ee00,0x20f0ef00,0x20eff000,0x20eef100,
		0x20edf200,0x20ecf300,0x20ebf400,0x20eaf500,0x20e9f600,0x20e8f700,0x20e7f800,0x20e6f900,0x20e5fa00,0x20e4fb00,
		0x20e3fc00,0x20e2fd00,0x20e1fe00,0x20e0ff00,0x20ff000a,0x2000f00b,0x1ffff80b,0x2000f00b,0x1ffdfc0b,0x2000f00b,
		0x1ffdf80b,0x2000f00b,0x1ff9fe0b,0x2000f00b,0x1ffbf80b,0x2000f00b,0x1ff7fc0b,0x2000f00b,0x1ff9f80b,0x2000f00b,
		0x1ff1ff0b,0x2000f00b,0x1ff7f80b,0x2000f00b,0x1ff1fc0b,0x2000f00b,0x1ff5f80b,0x2000f00b,0x1febfe0b,0x2000f00b,
		0x1ff3f80b,0x2000f00b,0x1febfc0b,0x2000f00b,0x1ff1f80b,0x2000f00b,0x20df010a,0x2000f00b,0x1feff80b,0x2000f00b,
		0x1fe5fc0b,0x2000f00b,0x1fedf80b,0x2000f00b,0x1fddfe0b,0x2000f00b,0x1febf80b,0x2000f00b,0x1fdffc0b,0x2000f00b,
		0x1fe9f80b,0x2000f00b,0x1fd3ff0b,0x2000f00b,0x1fe7f80b,0x2000f00b,0x1fd9fc0b,0x2000f00b,0x1fe5f80b,0x2000f00b,
		0x1fcffe0b,0x2000f00b,0x1fe3f80b,0x2000f00b,0x1fd3fc0b,0x2000f00b,0x1fe1f80b,0x2000f00b,0x20bf020a,0x2000f00b,
		0x1fdff80b,0x2000f00b,0x1fcdfc0b,0x2000f00b,0x1fddf80b,0x2000f00b,0x1fc1fe0b,0x2000f00b,0x1fdbf80b,0x2000f00b,
		0x1fc7fc0b,0x2000f00b,0x1fd9f80b,0x2000f00b,0x1fb5ff0b,0x2000f00b,0x1fd7f80b,0x2000f00b,0x1fc1fc0b,0x2000f00b,
		0x1fd5f80b,0x2000f00b,0x1fb3fe0b,0x2000f00b,0x1fd3f80b,0x2000f00b,0x1fbbfc0b,0x2000f00b,0x1fd1f80b,0x2000f00b,
		0x209f030a,0x2000f00b,0x1fcff80b,0x2000f00b,0x1fb5fc0b,0x2000f00b,0x1fcdf80b,0x2000f00b,0x1fa5fe0b,0x2000f00b,
		0x1fcbf80b,0x2000f00b,0x1faffc0b,0x2000f00b,0x1fc9f80b,0x2000f00b,0x1f97ff0b,0x2000f00b,0x1fc7f80b,0x2000f00b,
		0x1fa9fc0b,0x2000f00b,0x1fc5f80b,0x2000f00b,0x1f97fe0b,0x2000f00b,0x1fc3f80b,0x2000f00b,0x1fa3fc0b,0x2000f00b,
		0x1fc1f80b,0x2000f00b,0x207ffc0a,0x2000f00b,0x203ff80b,0x2000f00b,0x205dfc0b,0x2000f00b,0x203df80b,0x2000f00b,
		0x2069fe0b,0x2000f00b,0x203bf80b,0x2000f00b,0x2057fc0b,0x2000f00b,0x2039f80b,0x2000f00b,0x2069ff0b,0x2000f00b,
		0x2037f80b,0x2000f00b,0x2051fc0b,0x2000f00b,0x2035f80b,0x2000f00b,0x205bfe0b,0x2000f00b,0x2033f80b,0x2000f00b,
		0x204bfc0b,0x2000f00b,0x2031f80b,0x2000f00b,0x205ffd0a,0x2000f00b,0x202ff80b,0x2000f00b,0x2045fc0b,0x2000f00b,
		0x202df80b,0x2000f00b,0x204dfe0b,0x2000f00b,0x202bf80b,0x2000f00b,0x203ffc0b,0x2000f00b,0x2029f80b,0x2000f00b,
		0x204bff0b,0x2000f00b,0x2027f80b,0x2000f00b,0x2039fc0b,0x2000f00b,0x2025f80b,0x2000f00b,0x203ffe0b,0x2000f00b,
		0x2023f80b,0x2000f00b,0x2033fc0b,0x2000f00b,0x2021f80b,0x2000f00b,0x203ffe0a,0x2000f00b,0x201ff80b,0x2000f00b,
		0x202dfc0b,0x2000f00b,0x201df80b,0x2000f00b,0x2031fe0b,0x2000f00b,0x201bf80b,0x2000f00b,0x2027fc0b,0x2000f00b,
		0x2019f80b,0x2000f00b,0x202dff0b,0x2000f00b,0x2017f80b,0x2000f00b,0x2021fc0b,0x2000f00b,0x2015f80b,0x2000f00b,
		0x2023fe0b,0x2000f00b,0x2013f80b,0x2000f00b,0x201bfc0b,0x2000f00b,0x2011f80b,0x2000f00b,0x201fff0a,0x2000f00b,
		0x200ff80b,0x2000f00b,0x2015fc0b,0x2000f00b,0x200df80b,0x2000f00b,0x2015fe0b,0x2000f00b,0x200bf80b,0x2000f00b,
		0x200ffc0b,0x2000f00b,0x2009f80b,0x2000f00b,0x200fff0b,0x2000f00b,0x2007f80b,0x2000f00b,0x2009fc0b,0x2000f00b,
		0x2005f80b,0x2000f00b,0x2007fe0b,0x2000f00b,0x2003f80b,0x2000f00b,0x2003fc0b,0x2000f00b,0x2001f80b,0x2000f00b,
		0x1fe10000,0x1fe00100,0x1fdf0200,0x1fde0300,0x1fdd0400,0x1fdc0500,0x1fdb0600,0x1fda0700,0x1fd90800,0x1fd80900,
		0x1fd70a00,0x1fd60b00,0x1fd50c00,0x1fd40d00,0x1fd30e00,0x1fd20f00,0x1fd11000,0x1fd01100,0x1fcf1200,0x1fce1300,
		0x1fcd1400,0x1fcc1500,0x1fcb1600,0x1fca1700,0x1fc91800,0x1fc81900,0x1fc71a00,0x1fc61b00,0x1fc51c00,0x1fc41d00,
		0x1fc31e00,0x1fc21f00,0x1fc12000,0x1fc02100,0x1fbf2200,0x1fbe2300,0x1fbd2400,0x1fbc2500,0x1fbb2600,0x1fba2700,
		0x1fb92800,0x1fb82900,0x1fb72a00,0x1fb62b00,0x1fb52c00,0x1fb42d00,0x1fb32e00,0x1fb22f00,0x1fb13000,0x1fb03100,
		0x1faf3200,0x1fae3300,0x1fad3400,0x1fac3500,0x1fab3600,0x1faa3700,0x1fa93800,0x1fa83900,0x1fa73a00,0x1fa63b00,
		0x1fa53c00,0x1fa43d00,0x1fa33e00,0x1fa23f00,0x1fa14000,0x1fa04100,0x1f9f4200,0x1f9e4300,0x1f9d4400,0x1f9c4500,
		0x1f9b4600,0x1f9a4700,0x1f994800,0x1f984900,0x1f974a00,0x1f964b00,0x1f954c00,0x1f944d00,0x1f934e00,0x1f924f00,
		0x1f915000,0x1f905100,0x1f8f5200,0x1f8e5300,0x1f8d5400,0x1f8c5500,0x1f8b5600,0x1f8a5700,0x1f895800,0x1f885900,
		0x1f875a00,0x1f865b00,0x1f855c00,0x1f845d00,0x1f835e00,0x1f825f00,0x1f816000,0x1f806100,0x1f7f6200,0x1f7e6300,
		0x1f7d6400,0x1f7c6500,0x1f7b6600,0x1f7a6700,0x1f796800,0x1f786900,0x1f776a00,0x1f766b00,0x1f756c00,0x1f746d00,
		0x1f736e00,0x1f726f00,0x1f717000,0x1f707100,0x1f6f7200,0x1f6e7300,0x1f6d7400,0x1f6c7500,0x1f6b7600,0x1f6a7700,
		0x1f697800,0x1f687900,0x1f677a00,0x1f667b00,0x1f657c00,0x1f647d00,0x1f637e00,0x1f627f00,0x1f618000,0x1f608100,
		0x1f5f8200,0x1f5e8300,0x1f5d8400,0x1f5c8500,0x1f5b8600,0x1f5a8700,0x1f598800,0x1f588900,0x1f578a00,0x1f568b00,
		0x1f558c00,0x1f548d00,0x1f538e00,0x1f528f00,0x1f519000,0x1f509100,0x1f4f9200,0x1f4e9300,0x1f4d9400,0x1f4c9500,
		0x1f4b9600,0x1f4a9700,0x1f499800,0x1f489900,0x1f479a00,0x1f469b00,0x1f459c00,0x1f449d00,0x1f439e00,0x1f429f00,
		0x1f41a000,0x1f40a100,0x1f3fa200,0x1f3ea300,0x1f3da400,0x1f3ca500,0x1f3ba600,0x1f3aa700,0x1f39a800,0x1f38a900,
		0x1f37aa00,0x1f36ab00,0x1f35ac00,0x1f34ad00,0x1f33ae00,0x1f32af00,0x1f31b000,0x1f30b100,0x1f2fb200,0x1f2eb300,
		0x1f2db400,0x1f2cb500,0x1f2bb600,0x1f2ab700,0x1f29b800,0x1f28b900,0x1f27ba00,0x1f26bb00,0x1f25bc00,0x1f24bd00,
		0x1f23be00,0x1f22bf00,0x1f21c000,0x1f20c100,0x1f1fc200,0x1f1ec300,0x1f1dc400,0x1f1cc500,0x1f1bc600,0x1f1ac700,
		0x1f19c800,0x1f18c900,0x1f17ca00,0x1f16cb00,0x1f15cc00,0x1f14cd00,0x1f13ce00,0x1f12cf00,0x1f11d000,0x1f10d100,
		0x1f0fd200,0x1f0ed300,0x1f0dd400,0x1f0cd500,0x1f0bd600,0x1f0ad700,0x1f09d800,0x1f08d900,0x1f07da00,0x1f06db00,
		0x1f05dc00,0x1f04dd00,0x1f03de00,0x1f02df00,0x1f01e000,0x1f00e100,0x1effe200,0x1efee300,0x1efde400,0x1efce500,
		0x1efbe600,0x1efae700,0x1ef9e800,0x1ef8e900,0x1ef7ea00,0x1ef6eb00,0x1ef5ec00,0x1ef4ed00,0x1ef3ee00,0x1ef2ef00,
		0x1ef1f000,0x1ef0f100,0x1eeff200,0x1eeef300,0x1eedf400,0x1eecf500,0x1eebf600,0x1eeaf700,0x1ee9f800,0x1ee8f900,
		0x1ee7fa00,0x1ee6fb00,0x1ee5fc00,0x1ee4fd00,0x1ee3fe00,0x1ee2ff00,0x1ef10002,0x1e00f103,0x1eef0102,0x1e00f103,
		0x1eed0202,0x1e00f103,0x1eeb0302,0x1e00f103,0x1ee90402,0x1e00f103,0x1ee70502,0x1e00f103,0x1ee50602,0x1e00f103,
		0x1ee30702,0x1e00f103,0x1ee10802,0x1e00f103,0x1edf0902,0x1e00f103,0x1edd0a02,0x1e00f103,0x1edb0b02,0x1e00f103,
		0x1ed90c02,0x1e00f103,0x1ed70d02,0x1e00f103,0x1ed50e02,0x1e00f103,0x1ed30f02,0x1e00f103,0x1ed11002,0x1e00f103,
		0x1ecf1102,0x1e00f103,0x1ecd1202,0x1e00f103,0x1ecb1302,0x1e00f103,0x1ec91402,0x1e00f103,0x1ec71502,0x1e00f103,
		0x1ec51602,0x1e00f103,0x1ec31702,0x1e00f103,0x1ec11802,0x1e00f103,0x1ebf1902,0x1e00f103,0x1ebd1a02,0x1e00f103,
		0x1ebb1b02,0x1e00f103,0x1eb91c02,0x1e00f103,0x1eb71d02,0x1e00f103,0x1eb51e02,0x1e00f103,0x1eb31f02,0x1e00f103,
		0x1eb12002,0x1e00f103,0x1eaf2102,0x1e00f103,0x1ead2202,0x1e00f103,0x1eab2302,0x1e00f103,0x1ea92402,0x1e00f103,
		0x1ea72502,0x1e00f103,0x1ea52602,0x1e00f103,0x1ea32702,0x1e00f103,0x1ea12802,0x1e00f103,0x1e9f2902,0x1e00f103,
		0x1e9d2a02,0x1e00f103,0x1e9b2b02,0x1e00f103,0x1e992c02,0x1e00f103,0x1e972d02,0x1e00f103,0x1e952e02,0x1e00f103,
		0x1e932f02,0x1e00f103,0x1e913002,0x1e00f103,0x1e8f3102,0x1e00f103,0x1e8d3202,0x1e00f103,0x1e8b3302,0x1e00f103,
		0x1e893402,0x1e00f103,0x1e873502,0x1e00f103,0x1e853602,0x1e00f103,0x1e833702,0x1e00f103,0x1e813802,0x1e00f103,
		0x1e7f3902,0x1e00f103,0x1e7d3a02,0x1e00f103,0x1e7b3b02,0x1e00f103,0x1e793c02,0x1e00f103,0x1e773d02,0x1e00f103,
		0x1e753e02,0x1e00f103,0x1e733f02,0x1e00f103,0x1e71c002,0x1e00f103,0x1e6fc102,0x1e00f103,0x1e6dc202,0x1e00f103,
		0x1e6bc302,0x1e00f103,0x1e69c402,0x1e00f103,0x1e67c502,0x1e00f103,0x1e65c602,0x1e00f103,0x1e63c702,0x1e00f103,
		0x1e61c802,0x1e00f103,0x1e5fc902,0x1e00f103,0x1e5dca02,0x1e00f103,0x1e5bcb02,0x1e00f103,0x1e59cc02,0x1e00f103,
		0x1e57cd02,0x1e00f103,0x1e55ce02,0x1e00f103,0x1e53cf02,0x1e00f103,0x1e51d002,0x1e00f103,0x1e4fd102,0x1e00f103,
		0x1e4dd202,0x1e00f103,0x1e4bd302,0x1e00f103,0x1e49d402,0x1e00f103,0x1e47d502,0x1e00f103,0x1e45d602,0x1e00f103,
		0x1e43d702,0x1e00f103,0x1e41d802,0x1e00f103,0x1e3fd902,0x1e00f103,0x1e3dda02,0x1e00f103,0x1e3bdb02,0x1e00f103,
		0x1e39dc02,0x1e00f103,0x1e37dd02,0x1e00f103,0x1e35de02,0x1e00f103,0x1e33df02,0x1e00f103,0x1e31e002,0x1e00f103,
		0x1e2fe102,0x1e00f103,0x1e2de202,0x1e00f103,0x1e2be302,0x1e00f103,0x1e29e402,0x1e00f103,0x1e27e502,0x1e00f103,
		0x1e25e602,0x1e00f103,0x1e23e702,0x1e00f103,0x1e21e802,0x1e00f103,0x1e1fe902,0x1e00f103,0x1e1dea02,0x1e00f103,
		0x1e1beb02,0x1e00f103,0x1e19ec02,0x1e00f103,0x1e17ed02,0x1e00f103,0x1e15ee02,0x1e00f103,0x1e13ef02,0x1e00f103,
		0x1e11f002,0x1e00f103,0x1e0ff102,0x1e00f103,0x1e0df202,0x1e00f103,0x1e0bf302,0x1e00f103,0x1e09f402,0x1e00f103,
		0x1e07f502,0x1e00f103,0x1e05f602,0x1e00f103,0x1e03f702,0x1e00f103,0x1e01f802,0x1e00f103,0x1dfff902,0x1e00f103,
		0x1dfdfa02,0x1e00f103,0x1dfbfb02,0x1e00f103,0x1df9fc02,0x1e00f103,0x1df7fd02,0x1e00f103,0x1df5fe02,0x1e00f103,
		0x1df3ff02,0x1e00f103,0x1de30000,0x1de20100,0x1de10200,0x1de00300,0x1ddf0400,0x1dde0500,0x1ddd0600,0x1ddc0700,
		0x1ddb0800,0x1dda0900,0x1dd90a00,0x1dd80b00,0x1dd70c00,0x1dd60d00,0x1dd50e00,0x1dd40f00,0x1dd31000,0x1dd21100,
		0x1dd11200,0x1dd01300,0x1dcf1400,0x1dce1500,0x1dcd1600,0x1dcc1700,0x1dcb1800,0x1dca1900,0x1dc91a00,0x1dc81b00,
		0x1dc71c00,0x1dc61d00,0x1dc51e00,0x1dc41f00,0x1dc32000,0x1dc22100,0x1dc12200,0x1dc02300,0x1dbf2400,0x1dbe2500,
		0x1dbd2600,0x1dbc2700,0x1dbb2800,0x1dba2900,0x1db92a00,0x1db82b00,0x1db72c00,0x1db62d00,0x1db52e00,0x1db42f00,
		0x1db33000,0x1db23100,0x1db13200,0x1db03300,0x1daf3400,0x1dae3500,0x1dad3600,0x1dac3700,0x1dab3800,0x1daa3900,
		0x1da93a00,0x1da83b00,0x1da73c00,0x1da63d00,0x1da53e00,0x1da43f00,0x1da34000,0x1da24100,0x1da14200,0x1da04300,
		0x1d9f4400,0x1d9e4500,0x1d9d4600,0x1d9c4700,0x1d9b4800,0x1d9a4900,0x1d994a00,0x1d984b00,0x1d974c00,0x1d964d00,
		0x1d954e00,0x1d944f00,0x1d935000,0x1d925100,0x1d915200,0x1d905300,0x1d8f5400,0x1d8e5500,0x1d8d5600,0x1d8c5700,
		0x1d8b5800,0x1d8a5900,0x1d895a00,0x1d885b00,0x1d875c00,0x1d865d00,0x1d855e00,0x1d845f00,0x1d836000,0x1d826100,
		0x1d816200,0x1d806300,0x1d7f6400,0x1d7e6500,0x1d7d6600,0x1d7c6700,0x1d7b6800,0x1d7a6900,0x1d796a00,0x1d786b00,
		0x1d776c00,0x1d766d00,0x1d756e00,0x1d746f00,0x1d737000,0x1d727100,0x1d717200,0x1d707300,0x1d6f7400,0x1d6e7500,
		0x1d6d7600,0x1d6c7700,0x1d6b7800,0x1d6a7900,0x1d697a00,0x1d687b00,0x1d677c00,0x1d667d00,0x1d657e00,0x1d647f00,
		0x1d638000,0x1d628100,0x1d618200,0x1d608300,0x1d5f8400,0x1d5e8500,0x1d5d8600,0x1d5c8700,0x1d5b8800,0x1d5a8900,
		0x1d598a00,0x1d588b00,0x1d578c00,0x1d568d00,0x1d558e00,0x1d548f00,0x1d539000,0x1d529100,0x1d519200,0x1d509300,
		0x1d4f9400,0x1d4e9500,0x1d4d9600,0x1d4c9700,0x1d4b9800,0x1d4a9900,0x1d499a00,0x1d489b00,0x1d479c00,0x1d469d00,
		0x1d459e00,0x1d449f00,0x1d43a000,0x1d42a100,0x1d41a200,0x1d40a300,0x1d3fa400,0x1d3ea500,0x1d3da600,0x1d3ca700,
		0x1d3ba800,0x1d3aa900,0x1d39aa00,0x1d38ab00,0x1d37ac00,0x1d36ad00,0x1d35ae00,0x1d34af00,0x1d33b000,0x1d32b100,
		0x1d31b200,0x1d30b300,0x1d2fb400,0x1d2eb500,0x1d2db600,0x1d2cb700,0x1d2bb800,0x1d2ab900,0x1d29ba00,0x1d28bb00,
		0x1d27bc00,0x1d26bd00,0x1d25be00,0x1d24bf00,0x1d23c000,0x1d22c100,0x1d21c200,0x1d20c300,0x1d1fc400,0x1d1ec500,
		0x1d1dc600,0x1d1cc700,0x1d1bc800,0x1d1ac900,0x1d19ca00,0x1d18cb00,0x1d17cc00,0x1d16cd00,0x1d15ce00,0x1d14cf00,
		0x1d13d000,0x1d12d100,0x1d11d200,0x1d10d300,0x1d0fd400,0x1d0ed500,0x1d0dd600,0x1d0cd700,0x1d0bd800,0x1d0ad900,
		0x1d09da00,0x1d08db00,0x1d07dc00,0x1d06dd00,0x1d05de00,0x1d04df00,0x1d03e000,0x1d02e100,0x1d01e200,0x1d00e300,
		0x1cffe400,0x1cfee500,0x1cfde600,0x1cfce700,0x1cfbe800,0x1cfae900,0x1cf9ea00,0x1cf8eb00,0x1cf7ec00,0x1cf6ed00,
		0x1cf5ee00,0x1cf4ef00,0x1cf3f000,0x1cf2f100,0x1cf1f200,0x1cf0f300,0x1ceff400,0x1ceef500,0x1cedf600,0x1cecf700,
		0x1cebf800,0x1ceaf900,0x1ce9fa00,0x1ce8fb00,0x1ce7fc00,0x1ce6fd00,0x1ce5fe00,0x1ce4ff00,0x1cf90004,0x1c00f205,
		0x1bfff905,0x1c00f205,0x1cf50104,0x1c00f205,0x1bfdf905,0x1c00f205,0x1cf10204,0x1c00f205,0x1bfbf905,0x1c00f205,
		0x1ced0304,0x1c00f205,0x1bf9f905,0x1c00f205,0x1ce90404,0x1c00f205,0x1bf7f905,0x1c00f205,0x1ce50504,0x1c00f205,
		0x1bf5f905,0x1c00f205,0x1ce10604,0x1c00f205,0x1bf3f905,0x1c00f205,0x1cdd0704,0x1c00f205,0x1bf1f905,0x1c00f205,
		0x1cd90804,0x1c00f205,0x1beff905,0x1c00f205,0x1cd50904,0x1c00f205,0x1bedf905,0x1c00f205,0x1cd10a04,0x1c00f205,
		0x1bebf905,0x1c00f205,0x1ccd0b04,0x1c00f205,0x1be9f905,0x1c00f205,0x1cc90c04,0x1c00f205,0x1be7f905,0x1c00f205,
		0x1cc50d04,0x1c00f205,0x1be5f905,0x1c00f205,0x1cc10e04,0x1c00f205,0x1be3f905,0x1c00f205,0x1cbd0f04,0x1c00f205,
		0x1be1f905,0x1c00f205,0x1cb91004,0x1c00f205,0x1bdff905,0x1c00f205,0x1cb51104,0x1c00f205,0x1bddf905,0x1c00f205,
		0x1cb11204,0x1c00f205,0x1bdbf905,0x1c00f205,0x1cad1304,0x1c00f205,0x1bd9f905,0x1c00f205,0x1ca91404,0x1c00f205,
		0x1bd7f905,0x1c00f205,0x1ca51504,0x1c00f205,0x1bd5f905,0x1c00f205,0x1ca11604,0x1c00f205,0x1bd3f905,0x1c00f205,
		0x1c9d1704,0x1c00f205,0x1bd1f905,0x1c00f205,0x1c991804,0x1c00f205,0x1bcff905,0x1c00f205,0x1c951904,0x1c00f205,
		0x1bcdf905,0x1c00f205,0x1c911a04,0x1c00f205,0x1bcbf905,0x1c00f205,0x1c8d1b04,0x1c00f205,0x1bc9f905,0x1c00f205,
		0x1c891c04,0x1c00f205,0x1bc7f905,0x1c00f205,0x1c851d04,0x1c00f205,0x1bc5f905,0x1c00f205,0x1c811e04,0x1c00f205,
		0x1bc3f905,0x1c00f205,0x1c7d1f04,0x1c00f205,0x1bc1f905,0x1c00f205,0x1c79e004,0x1c00f205,0x1c3ff905,0x1c00f205,
		0x1c75e104,0x1c00f205,0x1c3df905,0x1c00f205,0x1c71e204,0x1c00f205,0x1c3bf905,0x1c00f205,0x1c6de304,0x1c00f205,
		0x1c39f905,0x1c00f205,0x1c69e404,0x1c00f205,0x1c37f905,0x1c00f205,0x1c65e504,0x1c00f205,0x1c35f905,0x1c00f205,
		0x1c61e604,0x1c00f205,0x1c33f905,0x1c00f205,0x1c5de704,0x1c00f205,0x1c31f905,0x1c00f205,0x1c59e804,0x1c00f205,
		0x1c2ff905,0x1c00f205,0x1c55e904,0x1c00f205,0x1c2df905,0x1c00f205,0x1c51ea04,0x1c00f205,0x1c2bf905,0x1c00f205,
		0x1c4deb04,0x1c00f205,0x1c29f905,0x1c00f205,0x1c49ec04,0x1c00f205,0x1c27f905,0x1c00f205,0x1c45ed04,0x1c00f205,
		0x1c25f905,0x1c00f205,0x1c41ee04,0x1c00f205,0x1c23f905,0x1c00f205,0x1c3def04,0x1c00f205,0x1c21f905,0x1c00f205,
		0x1c39f004,0x1c00f205,0x1c1ff905,0x1c00f205,0x1c35f104,0x1c00f205,0x1c1df905,0x1c00f205,0x1c31f204,0x1c00f205,
		0x1c1bf905,0x1c00f205,0x1c2df304,0x1c00f205,0x1c19f905,0x1c00f205,0x1c29f404,0x1c00f205,0x1c17f905,0x1c00f205,
		0x1c25f504,0x1c00f205,0x1c15f905,0x1c00f205,0x1c21f604,0x1c00f205,0x1c13f905,0x1c00f205,0x1c1df704,0x1c00f205,
		0x1c11f905,0x1c00f205,0x1c19f804,0x1c00f205,0x1c0ff905,0x1c00f205,0x1c15f904,0x1c00f205,0x1c0df905,0x1c00f205,
		0x1c11fa04,0x1c00f205,0x1c0bf905,0x1c00f205,0x1c0dfb04,0x1c00f205,0x1c09f905,0x1c00f205,0x1c09fc04,0x1c00f205,
		0x1c07f905,0x1c00f205,0x1c05fd04,0x1c00f205,0x1c05f905,0x1c00f205,0x1c01fe04,0x1c00f205,0x1c03f905,0x1c00f205,
		0x1bfdff04,0x1c00f205,0x1c01f905,0x1c00f205,0x1be50000,0x1be40100,0x1be30200,0x1be20300,0x1be10400,0x1be00500,
		0x1bdf0600,0x1bde0700,0x1bdd0800,0x1bdc0900,0x1bdb0a00,0x1bda0b00,0x1bd90c00,0x1bd80d00,0x1bd70e00,0x1bd60f00,
		0x1bd51000,0x1bd41100,0x1bd31200,0x1bd21300,0x1bd11400,0x1bd01500,0x1bcf1600,0x1bce1700,0x1bcd1800,0x1bcc1900,
		0x1bcb1a00,0x1bca1b00,0x1bc91c00,0x1bc81d00,0x1bc71e00,0x1bc61f00,0x1bc52000,0x1bc42100,0x1bc32200,0x1bc22300,
		0x1bc12400,0x1bc02500,0x1bbf2600,0x1bbe2700,0x1bbd2800,0x1bbc2900,0x1bbb2a00,0x1bba2b00,0x1bb92c00,0x1bb82d00,
		0x1bb72e00,0x1bb62f00,0x1bb53000,0x1bb43100,0x1bb33200,0x1bb23300,0x1bb13400,0x1bb03500,0x1baf3600,0x1bae3700,
		0x1bad3800,0x1bac3900,0x1bab3a00,0x1baa3b00,0x1ba93c00,0x1ba83d00,0x1ba73e00,0x1ba63f00,0x1ba54000,0x1ba44100,
		0x1ba34200,0x1ba24300,0x1ba14400,0x1ba04500,0x1b9f4600,0x1b9e4700,0x1b9d4800,0x1b9c4900,0x1b9b4a00,0x1b9a4b00,
		0x1b994c00,0x1b984d00,0x1b974e00,0x1b964f00,0x1b955000,0x1b945100,0x1b935200,0x1b925300,0x1b915400,0x1b905500,
		0x1b8f5600,0x1b8e5700,0x1b8d5800,0x1b8c5900,0x1b8b5a00,0x1b8a5b00,0x1b895c00,0x1b885d00,0x1b875e00,0x1b865f00,
		0x1b856000,0x1b846100,0x1b836200,0x1b826300,0x1b816400,0x1b806500,0x1b7f6600,0x1b7e6700,0x1b7d6800,0x1b7c6900,
		0x1b7b6a00,0x1b7a6b00,0x1b796c00,0x1b786d00,0x1b776e00,0x1b766f00,0x1b757000,0x1b747100,0x1b737200,0x1b727300,
		0x1b717400,0x1b707500,0x1b6f7600,0x1b6e7700,0x1b6d7800,0x1b6c7900,0x1b6b7a00,0x1b6a7b00,0x1b697c00,0x1b687d00,
		0x1b677e00,0x1b667f00,0x1b658000,0x1b648100,0x1b638200,0x1b628300,0x1b618400,0x1b608500,0x1b5f8600,0x1b5e8700,
		0x1b5d8800,0x1b5c8900,0x1b5b8a00,0x1b5a8b00,0x1b598c00,0x1b588d00,0x1b578e00,0x1b568f00,0x1b559000,0x1b549100,
		0x1b539200,0x1b529300,0x1b519400,0x1b509500,0x1b4f9600,0x1b4e9700,0x1b4d9800,0x1b4c9900,0x1b4b9a00,0x1b4a9b00,
		0x1b499c00,0x1b489d00,0x1b479e00,0x1b469f00,0x1b45a000,0x1b44a100,0x1b43a200,0x1b42a300,0x1b41a400,0x1b40a500,
		0x1b3fa600,0x1b3ea700,0x1b3da800,0x1b3ca900,0x1b3baa00,0x1b3aab00,0x1b39ac00,0x1b38ad00,0x1b37ae00,0x1b36af00,
		0x1b35b000,0x1b34b100,0x1b33b200,0x1b32b300,0x1b31b400,0x1b30b500,0x1b2fb600,0x1b2eb700,0x1b2db800,0x1b2cb900,
		0x1b2bba00,0x1b2abb00,0x1b29bc00,0x1b28bd00,0x1b27be00,0x1b26bf00,0x1b25c000,0x1b24c100,0x1b23c200,0x1b22c300,
		0x1b21c400,0x1b20c500,0x1b1fc600,0x1b1ec700,0x1b1dc800,0x1b1cc900,0x1b1bca00,0x1b1acb00,0x1b19cc00,0x1b18cd00,
		0x1b17ce00,0x1b16cf00,0x1b15d000,0x1b14d100,0x1b13d200,0x1b12d300,0x1b11d400,0x1b10d500,0x1b0fd600,0x1b0ed700,
		0x1b0dd800,0x1b0cd900,0x1b0bda00,0x1b0adb00,0x1b09dc00,0x1b08dd00,0x1b07de00,0x1b06df00,0x1b05e000,0x1b04e100,
		0x1b03e200,0x1b02e300,0x1b01e400,0x1b00e500,0x1affe600,0x1afee700,0x1afde800,0x1afce900,0x1afbea00,0x1afaeb00,
		0x1af9ec00,0x1af8ed00,0x1af7ee00,0x1af6ef00,0x1af5f000,0x1af4f100,0x1af3f200,0x1af2f300,0x1af1f400,0x1af0f500,
		0x1aeff600,0x1aeef700,0x1aedf800,0x1aecf900,0x1aebfa00,0x1aeafb00,0x1ae9fc00,0x1ae8fd00,0x1ae7fe00,0x1ae6ff00,
		0x1af30002,0x1a00f303,0x1af10102,0x1a00f303,0x1aef0202,0x1a00f303,0x1aed0302,0x1a00f303,0x1aeb0402,0x1a00f303,
		0x1ae90502,0x1a00f303,0x1ae70602,0x1a00f303,0x1ae50702,0x1a00f303,0x1ae30802,0x1a00f303,0x1ae10902,0x1a00f303,
		0x1adf0a02,0x1a00f303,0x1add0b02,0x1a00f303,0x1adb0c02,0x1a00f303,0x1ad90d02,0x1a00f303,0x1ad70e02,0x1a00f303,
		0x1ad50f02,0x1a00f303,0x1ad31002,0x1a00f303,0x1ad11102,0x1a00f303,0x1acf1202,0x1a00f303,0x1acd1302,0x1a00f303,
		0x1acb1402,0x1a00f303,0x1ac91502,0x1a00f303,0x1ac71602,0x1a00f303,0x1ac51702,0x1a00f303,0x1ac31802,0x1a00f303,
		0x1ac11902,0x1a00f303,0x1abf1a02,0x1a00f303,0x1abd1b02,0x1a00f303,0x1abb1c02,0x1a00f303,0x1ab91d02,0x1a00f303,
		0x1ab71e02,0x1a00f303,0x1ab51f02,0x1a00f303,0x1ab32002,0x1a00f303,0x1ab12102,0x1a00f303,0x1aaf2202,0x1a00f303,
		0x1aad2302,0x1a00f303,0x1aab2402,0x1a00f303,0x1aa92502,0x1a00f303,0x1aa72602,0x1a00f303,0x1aa52702,0x1a00f303,
		0x1aa32802,0x1a00f303,0x1aa12902,0x1a00f303,0x1a9f2a02,0x1a00f303,0x1a9d2b02,0x1a00f303,0x1a9b2c02,0x1a00f303,
		0x1a992d02,0x1a00f303,0x1a972e02,0x1a00f303,0x1a952f02,0x1a00f303,0x1a933002,0x1a00f303,0x1a913102,0x1a00f303,
		0x1a8f3202,0x1a00f303,0x1a8d3302,0x1a00f303,0x1a8b3402,0x1a00f303,0x1a893502,0x1a00f303,0x1a873602,0x1a00f303,
		0x1a853702,0x1a00f303,0x1a833802,0x1a00f303,0x1a813902,0x1a00f303,0x1a7f3a02,0x1a00f303,0x1a7d3b02,0x1a00f303,
		0x1a7b3c02,0x1a00f303,0x1a793d02,0x1a00f303,0x1a773e02,0x1a00f303,0x1a753f02,0x1a00f303,0x1a73c002,0x1a00f303,
		0x1a71c102,0x1a00f303,0x1a6fc202,0x1a00f303,0x1a6dc302,0x1a00f303,0x1a6bc402,0x1a00f303,0x1a69c502,0x1a00f303,
		0x1a67c602,0x1a00f303,0x1a65c702,0x1a00f303,0x1a63c802,0x1a00f303,0x1a61c902,0x1a00f303,0x1a5fca02,0x1a00f303,
		0x1a5dcb02,0x1a00f303,0x1a5bcc02,0x1a00f303,0x1a59cd02,0x1a00f303,0x1a57ce02,0x1a00f303,0x1a55cf02,0x1a00f303,
		0x1a53d002,0x1a00f303,0x1a51d102,0x1a00f303,0x1a4fd202,0x1a00f303,0x1a4dd302,0x1a00f303,0x1a4bd402,0x1a00f303,
		0x1a49d502,0x1a00f303,0x1a47d602,0x1a00f303,0x1a45d702,0x1a00f303,0x1a43d802,0x1a00f303,0x1a41d902,0x1a00f303,
		0x1a3fda02,0x1a00f303,0x1a3ddb02,0x1a00f303,0x1a3bdc02,0x1a00f303,0x1a39dd02,0x1a00f303,0x1a37de02,0x1a00f303,
		0x1a35df02,0x1a00f303,0x1a33e002,0x1a00f303,0x1a31e102,0x1a00f303,0x1a2fe202,0x1a00f303,0x1a2de302,0x1a00f303,
		0x1a2be402,0x1a00f303,0x1a29e502,0x1a00f303,0x1a27e602,0x1a00f303,0x1a25e702,0x1a00f303,0x1a23e802,0x1a00f303,
		0x1a21e902,0x1a00f303,0x1a1fea02,0x1a00f303,0x1a1deb02,0x1a00f303,0x1a1bec02,0x1a00f303,0x1a19ed02,0x1a00f303,
		0x1a17ee02,0x1a00f303,0x1a15ef02,0x1a00f303,0x1a13f002,0x1a00f303,0x1a11f102,0x1a00f303,0x1a0ff202,0x1a00f303,
		0x1a0df302,0x1a00f303,0x1a0bf402,0x1a00f303,0x1a09f502,0x1a00f303,0x1a07f602,0x1a00f303,0x1a05f702,0x1a00f303,
		0x1a03f802,0x1a00f303,0x1a01f902,0x1a00f303,0x19fffa02,0x1a00f303,0x19fdfb02,0x1a00f303,0x19fbfc02,0x1a00f303,
		0x19f9fd02,0x1a00f303,0x19f7fe02,0x1a00f303,0x19f5ff02,0x1a00f303,0x19e70000,0x19e60100,0x19e50200,0x19e40300,
		0x19e30400,0x19e20500,0x19e10600,0x19e00700,0x19df0800,0x19de0900,0x19dd0a00,0x19dc0b00,0x19db0c00,0x19da0d00,
		0x19d90e00,0x19d80f00,0x19d71000,0x19d61100,0x19d51200,0x19d41300,0x19d31400,0x19d21500,0x19d11600,0x19d01700,
		0x19cf1800,0x19ce1900,0x19cd1a00,0x19cc1b00,0x19cb1c00,0x19ca1d00,0x19c91e00,0x19c81f00,0x19c72000,0x19c62100,
		0x19c52200,0x19c42300,0x19c32400,0x19c22500,0x19c12600,0x19c02700,0x19bf2800,0x19be2900,0x19bd2a00,0x19bc2b00,
		0x19bb2c00,0x19ba2d00,0x19b92e00,0x19b82f00,0x19b73000,0x19b63100,0x19b53200,0x19b43300,0x19b33400,0x19b23500,
		0x19b13600,0x19b03700,0x19af3800,0x19ae3900,0x19ad3a00,0x19ac3b00,0x19ab3c00,0x19aa3d00,0x19a93e00,0x19a83f00,
		0x19a74000,0x19a64100,0x19a54200,0x19a44300,0x19a34400,0x19a24500,0x19a14600,0x19a04700,0x199f4800,0x199e4900,
		0x199d4a00,0x199c4b00,0x199b4c00,0x199a4d00,0x19994e00,0x19984f00,0x19975000,0x19965100,0x19955200,0x19945300,
		0x19935400,0x19925500,0x19915600,0x19905700,0x198f5800,0x198e5900,0x198d5a00,0x198c5b00,0x198b5c00,0x198a5d00,
		0x19895e00,0x19885f00,0x19876000,0x19866100,0x19856200,0x19846300,0x19836400,0x19826500,0x19816600,0x19806700,
		0x197f6800,0x197e6900,0x197d6a00,0x197c6b00,0x197b6c00,0x197a6d00,0x19796e00,0x19786f00,0x19777000,0x19767100,
		0x19757200,0x19747300,0x19737400,0x19727500,0x19717600,0x19707700,0x196f7800,0x196e7900,0x196d7a00,0x196c7b00,
		0x196b7c00,0x196a7d00,0x19697e00,0x19687f00,0x19678000,0x19668100,0x19658200,0x19648300,0x19638400,0x19628500,
		0x19618600,0x19608700,0x195f8800,0x195e8900,0x195d8a00,0x195c8b00,0x195b8c00,0x195a8d00,0x19598e00,0x19588f00,
		0x19579000,0x19569100,0x19559200,0x19549300,0x19539400,0x19529500,0x19519600,0x19509700,0x194f9800,0x194e9900,
		0x194d9a00,0x194c9b00,0x194b9c00,0x194a9d00,0x19499e00,0x19489f00,0x1947a000,0x1946a100,0x1945a200,0x1944a300,
		0x1943a400,0x1942a500,0x1941a600,0x1940a700,0x193fa800,0x193ea900,0x193daa00,0x193cab00,0x193bac00,0x193aad00,
		0x1939ae00,0x1938af00,0x1937b000,0x1936b100,0x1935b200,0x1934b300,0x1933b400,0x1932b500,0x1931b600,0x1930b700,
		0x192fb800,0x192eb900,0x192dba00,0x192cbb00,0x192bbc00,0x192abd00,0x1929be00,0x1928bf00,0x1927c000,0x1926c100,
		0x1925c200,0x1924c300,0x1923c400,0x1922c500,0x1921c600,0x1920c700,0x191fc800,0x191ec900,0x191dca00,0x191ccb00,
		0x191bcc00,0x191acd00,0x1919ce00,0x1918cf00,0x1917d000,0x1916d100,0x1915d200,0x1914d300,0x1913d400,0x1912d500,
		0x1911d600,0x1910d700,0x190fd800,0x190ed900,0x190dda00,0x190cdb00,0x190bdc00,0x190add00,0x1909de00,0x1908df00,
		0x1907e000,0x1906e100,0x1905e200,0x1904e300,0x1903e400,0x1902e500,0x1901e600,0x1900e700,0x18ffe800,0x18fee900,
		0x18fdea00,0x18fceb00,0x18fbec00,0x18faed00,0x18f9ee00,0x18f8ef00,0x18f7f000,0x18f6f100,0x18f5f200,0x18f4f300,
		0x18f3f400,0x18f2f500,0x18f1f600,0x18f0f700,0x18eff800,0x18eef900,0x18edfa00,0x18ecfb00,0x18ebfc00,0x18eafd00,
		0x18e9fe00,0x18e8ff00,0x18fd0006,0x1800f407,0x17fffa07,0x1800f407,0x17fdfd07,0x1800f407,0x17fdfa07,0x1800f407,
		0x18f50106,0x1800f407,0x17fbfa07,0x1800f407,0x17f7fd07,0x1800f407,0x17f9fa07,0x1800f407,0x18ed0206,0x1800f407,
		0x17f7fa07,0x1800f407,0x17f1fd07,0x1800f407,0x17f5fa07,0x1800f407,0x18e50306,0x1800f407,0x17f3fa07,0x1800f407,
		0x17ebfd07,0x1800f407,0x17f1fa07,0x1800f407,0x18dd0406,0x1800f407,0x17effa07,0x1800f407,0x17e5fd07,0x1800f407,
		0x17edfa07,0x1800f407,0x18d50506,0x1800f407,0x17ebfa07,0x1800f407,0x17dffd07,0x1800f407,0x17e9fa07,0x1800f407,
		0x18cd0606,0x1800f407,0x17e7fa07,0x1800f407,0x17d9fd07,0x1800f407,0x17e5fa07,0x1800f407,0x18c50706,0x1800f407,
		0x17e3fa07,0x1800f407,0x17d3fd07,0x1800f407,0x17e1fa07,0x1800f407,0x18bd0806,0x1800f407,0x17dffa07,0x1800f407,
		0x17cdfd07,0x1800f407,0x17ddfa07,0x1800f407,0x18b50906,0x1800f407,0x17dbfa07,0x1800f407,0x17c7fd07,0x1800f407,
		0x17d9fa07,0x1800f407,0x18ad0a06,0x1800f407,0x17d7fa07,0x1800f407,0x17c1fd07,0x1800f407,0x17d5fa07,0x1800f407,
		0x18a50b06,0x1800f407,0x17d3fa07,0x1800f407,0x17bbfd07,0x1800f407,0x17d1fa07,0x1800f407,0x189d0c06,0x1800f407,
		0x17cffa07,0x1800f407,0x17b5fd07,0x1800f407,0x17cdfa07,0x1800f407,0x18950d06,0x1800f407,0x17cbfa07,0x1800f407,
		0x17affd07,0x1800f407,0x17c9fa07,0x1800f407,0x188d0e06,0x1800f407,0x17c7fa07,0x1800f407,0x17a9fd07,0x1800f407,
		0x17c5fa07,0x1800f407,0x18850f06,0x1800f407,0x17c3fa07,0x1800f407,0x17a3fd07,0x1800f407,0x17c1fa07,0x1800f407,
		0x187df006,0x1800f407,0x183ffa07,0x1800f407,0x185dfd07,0x1800f407,0x183dfa07,0x1800f407,0x1875f106,0x1800f407,
		0x183bfa07,0x1800f407,0x1857fd07,0x1800f407,0x1839fa07,0x1800f407,0x186df206,0x1800f407,0x1837fa07,0x1800f407,
		0x1851fd07,0x1800f407,0x1835fa07,0x1800f407,0x1865f306,0x1800f407,0x1833fa07,0x1800f407,0x184bfd07,0x1800f407,
		0x1831fa07,0x1800f407,0x185df406,0x1800f407,0x182ffa07,0x1800f407,0x1845fd07,0x1800f407,0x182dfa07,0x1800f407,
		0x1855f506,0x1800f407,0x182bfa07,0x1800f407,0x183ffd07,0x1800f407,0x1829fa07,0x1800f407,0x184df606,0x1800f407,
		0x1827fa07,0x1800f407,0x1839fd07,0x1800f407,0x1825fa07,0x1800f407,0x1845f706,0x1800f407,0x1823fa07,0x1800f407,
		0x1833fd07,0x1800f407,0x1821fa07,0x1800f407,0x183df806,0x1800f407,0x181ffa07,0x1800f407,0x182dfd07,0x1800f407,
		0x181dfa07,0x1800f407,0x1835f906,0x1800f407,0x181bfa07,0x1800f407,0x1827fd07,0x1800f407,0x1819fa07,0x1800f407,
		0x182dfa06,0x1800f407,0x1817fa07,0x1800f407,0x1821fd07,0x1800f407,0x1815fa07,0x1800f407,0x1825fb06,0x1800f407,
		0x1813fa07,0x1800f407,0x181bfd07,0x1800f407,0x1811fa07,0x1800f407,0x181dfc06,0x1800f407,0x180ffa07,0x1800f407,
		0x1815fd07,0x1800f407,0x180dfa07,0x1800f407,0x1815fd06,0x1800f407,0x180bfa07,0x1800f407,0x180ffd07,0x1800f407,
		0x1809fa07,0x1800f407,0x180dfe06,0x1800f407,0x1807fa07,0x1800f407,0x1809fd07,0x1800f407,0x1805fa07,0x1800f407,
		0x1805ff06,0x1800f407,0x1803fa07,0x1800f407,0x1803fd07,0x1800f407,0x1801fa07,0x1800f407,0x17e90000,0x17e80100,
		0x17e70200,0x17e60300,0x17e50400,0x17e40500,0x17e30600,0x17e20700,0x17e10800,0x17e00900,0x17df0a00,0x17de0b00,
		0x17dd0c00,0x17dc0d00,0x17db0e00,0x17da0f00,0x17d91000,0x17d81100,0x17d71200,0x17d61300,0x17d51400,0x17d41500,
		0x17d31600,0x17d21700,0x17d11800,0x17d01900,0x17cf1a00,0x17ce1b00,0x17cd1c00,0x17cc1d00,0x17cb1e00,0x17ca1f00,
		0x17c92000,0x17c82100,0x17c72200,0x17c62300,0x17c52400,0x17c42500,0x17c32600,0x17c22700,0x17c12800,0x17c02900,
		0x17bf2a00,0x17be2b00,0x17bd2c00,0x17bc2d00,0x17bb2e00,0x17ba2f00,0x17b93000,0x17b83100,0x17b73200,0x17b63300,
		0x17b53400,0x17b43500,0x17b33600,0x17b23700,0x17b13800,0x17b03900,0x17af3a00,0x17ae3b00,0x17ad3c00,0x17ac3d00,
		0x17ab3e00,0x17aa3f00,0x17a94000,0x17a84100,0x17a74200,0x17a64300,0x17a54400,0x17a44500,0x17a34600,0x17a24700,
		0x17a14800,0x17a04900,0x179f4a00,0x179e4b00,0x179d4c00,0x179c4d00,0x179b4e00,0x179a4f00,0x17995000,0x17985100,
		0x17975200,0x17965300,0x17955400,0x17945500,0x17935600,0x17925700,0x17915800,0x17905900,0x178f5a00,0x178e5b00,
		0x178d5c00,0x178c5d00,0x178b5e00,0x178a5f00,0x17896000,0x17886100,0x17876200,0x17866300,0x17856400,0x17846500,
		0x17836600,0x17826700,0x17816800,0x17806900,0x177f6a00,0x177e6b00,0x177d6c00,0x177c6d00,0x177b6e00,0x177a6f00,
		0x17797000,0x17787100,0x17777200,0x17767300,0x17757400,0x17747500,0x17737600,0x17727700,0x17717800,0x17707900,
		0x176f7a00,0x176e7b00,0x176d7c00,0x176c7d00,0x176b7e00,0x176a7f00,0x17698000,0x17688100,0x17678200,0x17668300,
		0x17658400,0x17648500,0x17638600,0x17628700,0x17618800,0x17608900,0x175f8a00,0x175e8b00,0x175d8c00,0x175c8d00,
		0x175b8e00,0x175a8f00,0x17599000,0x17589100,0x17579200,0x17569300,0x17559400,0x17549500,0x17539600,0x17529700,
		0x17519800,0x17509900,0x174f9a00,0x174e9b00,0x174d9c00,0x174c9d00,0x174b9e00,0x174a9f00,0x1749a000,0x1748a100,
		0x1747a200,0x1746a300,0x1745a400,0x1744a500,0x1743a600,0x1742a700,0x1741a800,0x1740a900,0x173faa00,0x173eab00,
		0x173dac00,0x173cad00,0x173bae00,0x173aaf00,0x1739b000,0x1738b100,0x1737b200,0x1736b300,0x1735b400,0x1734b500,
		0x1733b600,0x1732b700,0x1731b800,0x1730b900,0x172fba00,0x172ebb00,0x172dbc00,0x172cbd00,0x172bbe00,0x172abf00,
		0x1729c000,0x1728c100,0x1727c200,0x1726c300,0x1725c400,0x1724c500,0x1723c600,0x1722c700,0x1721c800,0x1720c900,
		0x171fca00,0x171ecb00,0x171dcc00,0x171ccd00,0x171bce00,0x171acf00,0x1719d000,0x1718d100,0x1717d200,0x1716d300,
		0x1715d400,0x1714d500,0x1713d600,0x1712d700,0x1711d800,0x1710d900,0x170fda00,0x170edb00,0x170ddc00,0x170cdd00,
		0x170bde00,0x170adf00,0x1709e000,0x1708e100,0x1707e200,0x1706e300,0x1705e400,0x1704e500,0x1703e600,0x1702e700,
		0x1701e800,0x1700e900,0x16ffea00,0x16feeb00,0x16fdec00,0x16fced00,0x16fbee00,0x16faef00,0x16f9f000,0x16f8f100,
		0x16f7f200,0x16f6f300,0x16f5f400,0x16f4f500,0x16f3f600,0x16f2f700,0x16f1f800,0x16f0f900,0x16effa00,0x16eefb00,
		0x16edfc00,0x16ecfd00,0x16ebfe00,0x16eaff00,0x16f50002,0x1600f503,0x16f30102,0x1600f503,0x16f10202,0x1600f503,
		0x16ef0302,0x1600f503,0x16ed0402,0x1600f503,0x16eb0502,0x1600f503,0x16e90602,0x1600f503,0x16e70702,0x1600f503,
		0x16e50802,0x1600f503,0x16e30902,0x1600f503,0x16e10a02,0x1600f503,0x16df0b02,0x1600f503,0x16dd0c02,0x1600f503,
		0x16db0d02,0x1600f503,0x16d90e02,0x1600f503,0x16d70f02,0x1600f503,0x16d51002,0x1600f503,0x16d31102,0x1600f503,
		0x16d11202,0x1600f503,0x16cf1302,0x1600f503,0x16cd1402,0x1600f503,0x16cb1502,0x1600f503,0x16c91602,0x1600f503,
		0x16c71702,0x1600f503,0x16c51802,0x1600f503,0x16c31902,0x1600f503,0x16c11a02,0x1600f503,0x16bf1b02,0x1600f503,
		0x16bd1c02,0x1600f503,0x16bb1d02,0x1600f503,0x16b91e02,0x1600f503,0x16b71f02,0x1600f503,0x16b52002,0x1600f503,
		0x16b32102,0x1600f503,0x16b12202,0x1600f503,0x16af2302,0x1600f503,0x16ad2402,0x1600f503,0x16ab2502,0x1600f503,
		0x16a92602,0x1600f503,0x16a72702,0x1600f503,0x16a52802,0x1600f503,0x16a32902,0x1600f503,0x16a12a02,0x1600f503,
		0x169f2b02,0x1600f503,0x169d2c02,0x1600f503,0x169b2d02,0x1600f503,0x16992e02,0x1600f503,0x16972f02,0x1600f503,
		0x16953002,0x1600f503,0x16933102,0x1600f503,0x16913202,0x1600f503,0x168f3302,0x1600f503,0x168d3402,0x1600f503,
		0x168b3502,0x1600f503,0x16893602,0x1600f503,0x16873702,0x1600f503,0x16853802,0x1600f503,0x16833902,0x1600f503,
		0x16813a02,0x1600f503,0x167f3b02,0x1600f503,0x167d3c02,0x1600f503,0x167b3d02,0x1600f503,0x16793e02,0x1600f503,
		0x16773f02,0x1600f503,0x1675c002,0x1600f503,0x1673c102,0x1600f503,0x1671c202,0x1600f503,0x166fc302,0x1600f503,
		0x166dc402,0x1600f503,0x166bc502,0x1600f503,0x1669c602,0x1600f503,0x1667c702,0x1600f503,0x1665c802,0x1600f503,
		0x1663c902,0x1600f503,0x1661ca02,0x1600f503,0x165fcb02,0x1600f503,0x165dcc02,0x1600f503,0x165bcd02,0x1600f503,
		0x1659ce02,0x1600f503,0x1657cf02,0x1600f503,0x1655d002,0x1600f503,0x1653d102,0x1600f503,0x1651d202,0x1600f503,
		0x164fd302,0x1600f503,0x164dd402,0x1600f503,0x164bd502,0x1600f503,0x1649d602,0x1600f503,0x1647d702,0x1600f503,
		0x1645d802,0x1600f503,0x1643d902,0x1600f503,0x1641da02,0x1600f503,0x163fdb02,0x1600f503,0x163ddc02,0x1600f503,
		0x163bdd02,0x1600f503,0x1639de02,0x1600f503,0x1637df02,0x1600f503,0x1635e002,0x1600f503,0x1633e102,0x1600f503,
		0x1631e202,0x1600f503,0x162fe302,0x1600f503,0x162de402,0x1600f503,0x162be502,0x1600f503,0x1629e602,0x1600f503,
		0x1627e702,0x1600f503,0x1625e802,0x1600f503,0x1623e902,0x1600f503,0x1621ea02,0x1600f503,0x161feb02,0x1600f503,
		0x161dec02,0x1600f503,0x161bed02,0x1600f503,0x1619ee02,0x1600f503,0x1617ef02,0x1600f503,0x1615f002,0x1600f503,
		0x1613f102,0x1600f503,0x1611f202,0x1600f503,0x160ff302,0x1600f503,0x160df402,0x1600f503,0x160bf502,0x1600f503,
		0x1609f602,0x1600f503,0x1607f702,0x1600f503,0x1605f802,0x1600f503,0x1603f902,0x1600f503,0x1601fa02,0x1600f503,
		0x15fffb02,0x1600f503,0x15fdfc02,0x1600f503,0x15fbfd02,0x1600f503,0x15f9fe02,0x1600f503,0x15f7ff02,0x1600f503,
		0x15eb0000,0x15ea0100,0x15e90200,0x15e80300,0x15e70400,0x15e60500,0x15e50600,0x15e40700,0x15e30800,0x15e20900,
		0x15e10a00,0x15e00b00,0x15df0c00,0x15de0d00,0x15dd0e00,0x15dc0f00,0x15db1000,0x15da1100,0x15d91200,0x15d81300,
		0x15d71400,0x15d61500,0x15d51600,0x15d41700,0x15d31800,0x15d21900,0x15d11a00,0x15d01b00,0x15cf1c00,0x15ce1d00,
		0x15cd1e00,0x15cc1f00,0x15cb2000,0x15ca2100,0x15c92200,0x15c82300,0x15c72400,0x15c62500,0x15c52600,0x15c42700,
		0x15c32800,0x15c22900,0x15c12a00,0x15c02b00,0x15bf2c00,0x15be2d00,0x15bd2e00,0x15bc2f00,0x15bb3000,0x15ba3100,
		0x15b93200,0x15b83300,0x15b73400,0x15b63500,0x15b53600,0x15b43700,0x15b33800,0x15b23900,0x15b13a00,0x15b03b00,
		0x15af3c00,0x15ae3d00,0x15ad3e00,0x15ac3f00,0x15ab4000,0x15aa4100,0x15a94200,0x15a84300,0x15a74400,0x15a64500,
		0x15a54600,0x15a44700,0x15a34800,0x15a24900,0x15a14a00,0x15a04b00,0x159f4c00,0x159e4d00,0x159d4e00,0x159c4f00,
		0x159b5000,0x159a5100,0x15995200,0x15985300,0x15975400,0x15965500,0x15955600,0x15945700,0x15935800,0x15925900,
		0x15915a00,0x15905b00,0x158f5c00,0x158e5d00,0x158d5e00,0x158c5f00,0x158b6000,0x158a6100,0x15896200,0x15886300,
		0x15876400,0x15866500,0x15856600,0x15846700,0x15836800,0x15826900,0x15816a00,0x15806b00,0x157f6c00,0x157e6d00,
		0x157d6e00,0x157c6f00,0x157b7000,0x157a7100,0x15797200,0x15787300,0x15777400,0x15767500,0x15757600,0x15747700,
		0x15737800,0x15727900,0x15717a00,0x15707b00,0x156f7c00,0x156e7d00,0x156d7e00,0x156c7f00,0x156b8000,0x156a8100,
		0x15698200,0x15688300,0x15678400,0x15668500,0x15658600,0x15648700,0x15638800,0x15628900,0x15618a00,0x15608b00,
		0x155f8c00,0x155e8d00,0x155d8e00,0x155c8f00,0x155b9000,0x155a9100,0x15599200,0x15589300,0x15579400,0x15569500,
		0x15559600,0x15549700,0x15539800,0x15529900,0x15519a00,0x15509b00,0x154f9c00,0x154e9d00,0x154d9e00,0x154c9f00,
		0x154ba000,0x154aa100,0x1549a200,0x1548a300,0x1547a400,0x1546a500,0x1545a600,0x1544a700,0x1543a800,0x1542a900,
		0x1541aa00,0x1540ab00,0x153fac00,0x153ead00,0x153dae00,0x153caf00,0x153bb000,0x153ab100,0x1539b200,0x1538b300,
		0x1537b400,0x1536b500,0x1535b600,0x1534b700,0x1533b800,0x1532b900,0x1531ba00,0x1530bb00,0x152fbc00,0x152ebd00,
		0x152dbe00,0x152cbf00,0x152bc000,0x152ac100,0x1529c200,0x1528c300,0x1527c400,0x1526c500,0x1525c600,0x1524c700,
		0x1523c800,0x1522c900,0x1521ca00,0x1520cb00,0x151fcc00,0x151ecd00,0x151dce00,0x151ccf00,0x151bd000,0x151ad100,
		0x1519d200,0x1518d300,0x1517d400,0x1516d500,0x1515d600,0x1514d700,0x1513d800,0x1512d900,0x1511da00,0x1510db00,
		0x150fdc00,0x150edd00,0x150dde00,0x150cdf00,0x150be000,0x150ae100,0x1509e200,0x1508e300,0x1507e400,0x1506e500,
		0x1505e600,0x1504e700,0x1503e800,0x1502e900,0x1501ea00,0x1500eb00,0x14ffec00,0x14feed00,0x14fdee00,0x14fcef00,
		0x14fbf000,0x14faf100,0x14f9f200,0x14f8f300,0x14f7f400,0x14f6f500,0x14f5f600,0x14f4f700,0x14f3f800,0x14f2f900,
		0x14f1fa00,0x14f0fb00,0x14effc00,0x14eefd00,0x14edfe00,0x14ecff00,0x14fb0004,0x1400f605,0x13fffb05,0x1400f605,
		0x14f70104,0x1400f605,0x13fdfb05,0x1400f605,0x14f30204,0x1400f605,0x13fbfb05,0x1400f605,0x14ef0304,0x1400f605,
		0x13f9fb05,0x1400f605,0x14eb0404,0x1400f605,0x13f7fb05,0x1400f605,0x14e70504,0x1400f605,0x13f5fb05,0x1400f605,
		0x14e30604,0x1400f605,0x13f3fb05,0x1400f605,0x14df0704,0x1400f605,0x13f1fb05,0x1400f605,0x14db0804,0x1400f605,
		0x13effb05,0x1400f605,0x14d70904,0x1400f605,0x13edfb05,0x1400f605,0x14d30a04,0x1400f605,0x13ebfb05,0x1400f605,
		0x14cf0b04,0x1400f605,0x13e9fb05,0x1400f605,0x14cb0c04,0x1400f605,0x13e7fb05,0x1400f605,0x14c70d04,0x1400f605,
		0x13e5fb05,0x1400f605,0x14c30e04,0x1400f605,0x13e3fb05,0x1400f605,0x14bf0f04,0x1400f605,0x13e1fb05,0x1400f605,
		0x14bb1004,0x1400f605,0x13dffb05,0x1400f605,0x14b71104,0x1400f605,0x13ddfb05,0x1400f605,0x14b31204,0x1400f605,
		0x13dbfb05,0x1400f605,0x14af1304,0x1400f605,0x13d9fb05,0x1400f605,0x14ab1404,0x1400f605,0x13d7fb05,0x1400f605,
		0x14a71504,0x1400f605,0x13d5fb05,0x1400f605,0x14a31604,0x1400f605,0x13d3fb05,0x1400f605,0x149f1704,0x1400f605,
		0x13d1fb05,0x1400f605,0x149b1804,0x1400f605,0x13cffb05,0x1400f605,0x14971904,0x1400f605,0x13cdfb05,0x1400f605,
		0x14931a04,0x1400f605,0x13cbfb05,0x1400f605,0x148f1b04,0x1400f605,0x13c9fb05,0x1400f605,0x148b1c04,0x1400f605,
		0x13c7fb05,0x1400f605,0x14871d04,0x1400f605,0x13c5fb05,0x1400f605,0x14831e04,0x1400f605,0x13c3fb05,0x1400f605,
		0x147f1f04,0x1400f605,0x13c1fb05,0x1400f605,0x147be004,0x1400f605,0x143ffb05,0x1400f605,0x1477e104,0x1400f605,
		0x143dfb05,0x1400f605,0x1473e204,0x1400f605,0x143bfb05,0x1400f605,0x146fe304,0x1400f605,0x1439fb05,0x1400f605,
		0x146be404,0x1400f605,0x1437fb05,0x1400f605,0x1467e504,0x1400f605,0x1435fb05,0x1400f605,0x1463e604,0x1400f605,
		0x1433fb05,0x1400f605,0x145fe704,0x1400f605,0x1431fb05,0x1400f605,0x145be804,0x1400f605,0x142ffb05,0x1400f605,
		0x1457e904,0x1400f605,0x142dfb05,0x1400f605,0x1453ea04,0x1400f605,0x142bfb05,0x1400f605,0x144feb04,0x1400f605,
		0x1429fb05,0x1400f605,0x144bec04,0x1400f605,0x1427fb05,0x1400f605,0x1447ed04,0x1400f605,0x1425fb05,0x1400f605,
		0x1443ee04,0x1400f605,0x1423fb05,0x1400f605,0x143fef04,0x1400f605,0x1421fb05,0x1400f605,0x143bf004,0x1400f605,
		0x141ffb05,0x1400f605,0x1437f104,0x1400f605,0x141dfb05,0x1400f605,0x1433f204,0x1400f605,0x141bfb05,0x1400f605,
		0x142ff304,0x1400f605,0x1419fb05,0x1400f605,0x142bf404,0x1400f605,0x1417fb05,0x1400f605,0x1427f504,0x1400f605,
		0x1415fb05,0x1400f605,0x1423f604,0x1400f605,0x1413fb05,0x1400f605,0x141ff704,0x1400f605,0x1411fb05,0x1400f605,
		0x141bf804,0x1400f605,0x140ffb05,0x1400f605,0x1417f904,0x1400f605,0x140dfb05,0x1400f605,0x1413fa04,0x1400f605,
		0x140bfb05,0x1400f605,0x140ffb04,0x1400f605,0x1409fb05,0x1400f605,0x140bfc04,0x1400f605,0x1407fb05,0x1400f605,
		0x1407fd04,0x1400f605,0x1405fb05,0x1400f605,0x1403fe04,0x1400f605,0x1403fb05,0x1400f605,0x13ffff04,0x1400f605,
		0x1401fb05,0x1400f605,0x13ed0000,0x13ec0100,0x13eb0200,0x13ea0300,0x13e90400,0x13e80500,0x13e70600,0x13e60700,
		0x13e50800,0x13e40900,0x13e30a00,0x13e20b00,0x13e10c00,0x13e00d00,0x13df0e00,0x13de0f00,0x13dd1000,0x13dc1100,
		0x13db1200,0x13da1300,0x13d91400,0x13d81500,0x13d71600,0x13d61700,0x13d51800,0x13d41900,0x13d31a00,0x13d21b00,
		0x13d11c00,0x13d01d00,0x13cf1e00,0x13ce1f00,0x13cd2000,0x13cc2100,0x13cb2200,0x13ca2300,0x13c92400,0x13c82500,
		0x13c72600,0x13c62700,0x13c52800,0x13c42900,0x13c32a00,0x13c22b00,0x13c12c00,0x13c02d00,0x13bf2e00,0x13be2f00,
		0x13bd3000,0x13bc3100,0x13bb3200,0x13ba3300,0x13b93400,0x13b83500,0x13b73600,0x13b63700,0x13b53800,0x13b43900,
		0x13b33a00,0x13b23b00,0x13b13c00,0x13b03d00,0x13af3e00,0x13ae3f00,0x13ad4000,0x13ac4100,0x13ab4200,0x13aa4300,
		0x13a94400,0x13a84500,0x13a74600,0x13a64700,0x13a54800,0x13a44900,0x13a34a00,0x13a24b00,0x13a14c00,0x13a04d00,
		0x139f4e00,0x139e4f00,0x139d5000,0x139c5100,0x139b5200,0x139a5300,0x13995400,0x13985500,0x13975600,0x13965700,
		0x13955800,0x13945900,0x13935a00,0x13925b00,0x13915c00,0x13905d00,0x138f5e00,0x138e5f00,0x138d6000,0x138c6100,
		0x138b6200,0x138a6300,0x13896400,0x13886500,0x13876600,0x13866700,0x13856800,0x13846900,0x13836a00,0x13826b00,
		0x13816c00,0x13806d00,0x137f6e00,0x137e6f00,0x137d7000,0x137c7100,0x137b7200,0x137a7300,0x13797400,0x13787500,
		0x13777600,0x13767700,0x13757800,0x13747900,0x13737a00,0x13727b00,0x13717c00,0x13707d00,0x136f7e00,0x136e7f00,
		0x136d8000,0x136c8100,0x136b8200,0x136a8300,0x13698400,0x13688500,0x13678600,0x13668700,0x13658800,0x13648900,
		0x13638a00,0x13628b00,0x13618c00,0x13608d00,0x135f8e00,0x135e8f00,0x135d9000,0x135c9100,0x135b9200,0x135a9300,
		0x13599400,0x13589500,0x13579600,0x13569700,0x13559800,0x13549900,0x13539a00,0x13529b00,0x13519c00,0x13509d00,
		0x134f9e00,0x134e9f00,0x134da000,0x134ca100,0x134ba200,0x134aa300,0x1349a400,0x1348a500,0x1347a600,0x1346a700,
		0x1345a800,0x1344a900,0x1343aa00,0x1342ab00,0x1341ac00,0x1340ad00,0x133fae00,0x133eaf00,0x133db000,0x133cb100,
		0x133bb200,0x133ab300,0x1339b400,0x1338b500,0x1337b600,0x1336b700,0x1335b800,0x1334b900,0x1333ba00,0x1332bb00,
		0x1331bc00,0x1330bd00,0x132fbe00,0x132ebf00,0x132dc000,0x132cc100,0x132bc200,0x132ac300,0x1329c400,0x1328c500,
		0x1327c600,0x1326c700,0x1325c800,0x1324c900,0x1323ca00,0x1322cb00,0x1321cc00,0x1320cd00,0x131fce00,0x131ecf00,
		0x131dd000,0x131cd100,0x131bd200,0x131ad300,0x1319d400,0x1318d500,0x1317d600,0x1316d700,0x1315d800,0x1314d900,
		0x1313da00,0x1312db00,0x1311dc00,0x1310dd00,0x130fde00,0x130edf00,0x130de000,0x130ce100,0x130be200,0x130ae300,
		0x1309e400,0x1308e500,0x1307e600,0x1306e700,0x1305e800,0x1304e900,0x1303ea00,0x1302eb00,0x1301ec00,0x1300ed00,
		0x12ffee00,0x12feef00,0x12fdf000,0x12fcf100,0x12fbf200,0x12faf300,0x12f9f400,0x12f8f500,0x12f7f600,0x12f6f700,
		0x12f5f800,0x12f4f900,0x12f3fa00,0x12f2fb00,0x12f1fc00,0x12f0fd00,0x12effe00,0x12eeff00,0x12f70002,0x1200f703,
		0x12f50102,0x1200f703,0x12f30202,0x1200f703,0x12f10302,0x1200f703,0x12ef0402,0x1200f703,0x12ed0502,0x1200f703,
		0x12eb0602,0x1200f703,0x12e90702,0x1200f703,0x12e70802,0x1200f703,0x12e50902,0x1200f703,0x12e30a02,0x1200f703,
		0x12e10b02,0x1200f703,0x12df0c02,0x1200f703,0x12dd0d02,0x1200f703,0x12db0e02,0x1200f703,0x12d90f02,0x1200f703,
		0x12d71002,0x1200f703,0x12d51102,0x1200f703,0x12d31202,0x1200f703,0x12d11302,0x1200f703,0x12cf1402,0x1200f703,
		0x12cd1502,0x1200f703,0x12cb1602,0x1200f703,0x12c91702,0x1200f703,0x12c71802,0x1200f703,0x12c51902,0x1200f703,
		0x12c31a02,0x1200f703,0x12c11b02,0x1200f703,0x12bf1c02,0x1200f703,0x12bd1d02,0x1200f703,0x12bb1e02,0x1200f703,
		0x12b91f02,0x1200f703,0x12b72002,0x1200f703,0x12b52102,0x1200f703,0x12b32202,0x1200f703,0x12b12302,0x1200f703,
		0x12af2402,0x1200f703,0x12ad2502,0x1200f703,0x12ab2602,0x1200f703,0x12a92702,0x1200f703,0x12a72802,0x1200f703,
		0x12a52902,0x1200f703,0x12a32a02,0x1200f703,0x12a12b02,0x1200f703,0x129f2c02,0x1200f703,0x129d2d02,0x1200f703,
		0x129b2e02,0x1200f703,0x12992f02,0x1200f703,0x12973002,0x1200f703,0x12953102,0x1200f703,0x12933202,0x1200f703,
		0x12913302,0x1200f703,0x128f3402,0x1200f703,0x128d3502,0x1200f703,0x128b3602,0x1200f703,0x12893702,0x1200f703,
		0x12873802,0x1200f703,0x12853902,0x1200f703,0x12833a02,0x1200f703,0x12813b02,0x1200f703,0x127f3c02,0x1200f703,
		0x127d3d02,0x1200f703,0x127b3e02,0x1200f703,0x12793f02,0x1200f703,0x1277c002,0x1200f703,0x1275c102,0x1200f703,
		0x1273c202,0x1200f703,0x1271c302,0x1200f703,0x126fc402,0x1200f703,0x126dc502,0x1200f703,0x126bc602,0x1200f703,
		0x1269c702,0x1200f703,0x1267c802,0x1200f703,0x1265c902,0x1200f703,0x1263ca02,0x1200f703,0x1261cb02,0x1200f703,
		0x125fcc02,0x1200f703,0x125dcd02,0x1200f703,0x125bce02,0x1200f703,0x1259cf02,0x1200f703,0x1257d002,0x1200f703,
		0x1255d102,0x1200f703,0x1253d202,0x1200f703,0x1251d302,0x1200f703,0x124fd402,0x1200f703,0x124dd502,0x1200f703,
		0x124bd602,0x1200f703,0x1249d702,0x1200f703,0x1247d802,0x1200f703,0x1245d902,0x1200f703,0x1243da02,0x1200f703,
		0x1241db02,0x1200f703,0x123fdc02,0x1200f703,0x123ddd02,0x1200f703,0x123bde02,0x1200f703,0x1239df02,0x1200f703,
		0x1237e002,0x1200f703,0x1235e102,0x1200f703,0x1233e202,0x1200f703,0x1231e302,0x1200f703,0x122fe402,0x1200f703,
		0x122de502,0x1200f703,0x122be602,0x1200f703,0x1229e702,0x1200f703,0x1227e802,0x1200f703,0x1225e902,0x1200f703,
		0x1223ea02,0x1200f703,0x1221eb02,0x1200f703,0x121fec02,0x1200f703,0x121ded02,0x1200f703,0x121bee02,0x1200f703,
		0x1219ef02,0x1200f703,0x1217f002,0x1200f703,0x1215f102,0x1200f703,0x1213f202,0x1200f703,0x1211f302,0x1200f703,
		0x120ff402,0x1200f703,0x120df502,0x1200f703,0x120bf602,0x1200f703,0x1209f702,0x1200f703,0x1207f802,0x1200f703,
		0x1205f902,0x1200f703,0x1203fa02,0x1200f703,0x1201fb02,0x1200f703,0x11fffc02,0x1200f703,0x11fdfd02,0x1200f703,
		0x11fbfe02,0x1200f703,0x11f9ff02,0x1200f703,0x11ef0000,0x11ee0100,0x11ed0200,0x11ec0300,0x11eb0400,0x11ea0500,
		0x11e90600,0x11e80700,0x11e70800,0x11e60900,0x11e50a00,0x11e40b00,0x11e30c00,0x11e20d00,0x11e10e00,0x11e00f00,
		0x11df1000,0x11de1100,0x11dd1200,0x11dc1300,0x11db1400,0x11da1500,0x11d91600,0x11d81700,0x11d71800,0x11d61900,
		0x11d51a00,0x11d41b00,0x11d31c00,0x11d21d00,0x11d11e00,0x11d01f00,0x11cf2000,0x11ce2100,0x11cd2200,0x11cc2300,
		0x11cb2400,0x11ca2500,0x11c92600,0x11c82700,0x11c72800,0x11c62900,0x11c52a00,0x11c42b00,0x11c32c00,0x11c22d00,
		0x11c12e00,0x11c02f00,0x11bf3000,0x11be3100,0x11bd3200,0x11bc3300,0x11bb3400,0x11ba3500,0x11b93600,0x11b83700,
		0x11b73800,0x11b63900,0x11b53a00,0x11b43b00,0x11b33c00,0x11b23d00,0x11b13e00,0x11b03f00,0x11af4000,0x11ae4100,
		0x11ad4200,0x11ac4300,0x11ab4400,0x11aa4500,0x11a94600,0x11a84700,0x11a74800,0x11a64900,0x11a54a00,0x11a44b00,
		0x11a34c00,0x11a24d00,0x11a14e00,0x11a04f00,0x119f5000,0x119e5100,0x119d5200,0x119c5300,0x119b5400,0x119a5500,
		0x11995600,0x11985700,0x11975800,0x11965900,0x11955a00,0x11945b00,0x11935c00,0x11925d00,0x11915e00,0x11905f00,
		0x118f6000,0x118e6100,0x118d6200,0x118c6300,0x118b6400,0x118a6500,0x11896600,0x11886700,0x11876800,0x11866900,
		0x11856a00,0x11846b00,0x11836c00,0x11826d00,0x11816e00,0x11806f00,0x117f7000,0x117e7100,0x117d7200,0x117c7300,
		0x117b7400,0x117a7500,0x11797600,0x11787700,0x11777800,0x11767900,0x11757a00,0x11747b00,0x11737c00,0x11727d00,
		0x11717e00,0x11707f00,0x116f8000,0x116e8100,0x116d8200,0x116c8300,0x116b8400,0x116a8500,0x11698600,0x11688700,
		0x11678800,0x11668900,0x11658a00,0x11648b00,0x11638c00,0x11628d00,0x11618e00,0x11608f00,0x115f9000,0x115e9100,
		0x115d9200,0x115c9300,0x115b9400,0x115a9500,0x11599600,0x11589700,0x11579800,0x11569900,0x11559a00,0x11549b00,
		0x11539c00,0x11529d00,0x11519e00,0x11509f00,0x114fa000,0x114ea100,0x114da200,0x114ca300,0x114ba400,0x114aa500,
		0x1149a600,0x1148a700,0x1147a800,0x1146a900,0x1145aa00,0x1144ab00,0x1143ac00,0x1142ad00,0x1141ae00,0x1140af00,
		0x113fb000,0x113eb100,0x113db200,0x113cb300,0x113bb400,0x113ab500,0x1139b600,0x1138b700,0x1137b800,0x1136b900,
		0x1135ba00,0x1134bb00,0x1133bc00,0x1132bd00,0x1131be00,0x1130bf00,0x112fc000,0x112ec100,0x112dc200,0x112cc300,
		0x112bc400,0x112ac500,0x1129c600,0x1128c700,0x1127c800,0x1126c900,0x1125ca00,0x1124cb00,0x1123cc00,0x1122cd00,
		0x1121ce00,0x1120cf00,0x111fd000,0x111ed100,0x111dd200,0x111cd300,0x111bd400,0x111ad500,0x1119d600,0x1118d700,
		0x1117d800,0x1116d900,0x1115da00,0x1114db00,0x1113dc00,0x1112dd00,0x1111de00,0x1110df00,0x110fe000,0x110ee100,
		0x110de200,0x110ce300,0x110be400,0x110ae500,0x1109e600,0x1108e700,0x1107e800,0x1106e900,0x1105ea00,0x1104eb00,
		0x1103ec00,0x1102ed00,0x1101ee00,0x1100ef00,0x10fff000,0x10fef100,0x10fdf200,0x10fcf300,0x10fbf400,0x10faf500,
		0x10f9f600,0x10f8f700,0x10f7f800,0x10f6f900,0x10f5fa00,0x10f4fb00,0x10f3fc00,0x10f2fd00,0x10f1fe00,0x10f0ff00,
		0x10ff0008,0x1000f809,0xffffc09,0x1000f809,0xffdfe09,0x1000f809,0xffdfc09,0x1000f809,0xff9ff09,0x1000f809,
		0xffbfc09,0x1000f809,0xff7fe09,0x1000f809,0xff9fc09,0x1000f809,0x10ef0108,0x1000f809,0xff7fc09,0x1000f809,
		0xff1fe09,0x1000f809,0xff5fc09,0x1000f809,0xfebff09,0x1000f809,0xff3fc09,0x1000f809,0xfebfe09,0x1000f809,
		0xff1fc09,0x1000f809,0x10df0208,0x1000f809,0xfeffc09,0x1000f809,0xfe5fe09,0x1000f809,0xfedfc09,0x1000f809,
		0xfddff09,0x1000f809,0xfebfc09,0x1000f809,0xfdffe09,0x1000f809,0xfe9fc09,0x1000f809,0x10cf0308,0x1000f809,
		0xfe7fc09,0x1000f809,0xfd9fe09,0x1000f809,0xfe5fc09,0x1000f809,0xfcfff09,0x1000f809,0xfe3fc09,0x1000f809,
		0xfd3fe09,0x1000f809,0xfe1fc09,0x1000f809,0x10bf0408,0x1000f809,0xfdffc09,0x1000f809,0xfcdfe09,0x1000f809,
		0xfddfc09,0x1000f809,0xfc1ff09,0x1000f809,0xfdbfc09,0x1000f809,0xfc7fe09,0x1000f809,0xfd9fc09,0x1000f809,
		0x10af0508,0x1000f809,0xfd7fc09,0x1000f809,0xfc1fe09,0x1000f809,0xfd5fc09,0x1000f809,0xfb3ff09,0x1000f809,
		0xfd3fc09,0x1000f809,0xfbbfe09,0x1000f809,0xfd1fc09,0x1000f809,0x109f0608,0x1000f809,0xfcffc09,0x1000f809,
		0xfb5fe09,0x1000f809,0xfcdfc09,0x1000f809,0xfa5ff09,0x1000f809,0xfcbfc09,0x1000f809,0xfaffe09,0x1000f809,
		0xfc9fc09,0x1000f809,0x108f0708,0x1000f809,0xfc7fc09,0x1000f809,0xfa9fe09,0x1000f809,0xfc5fc09,0x1000f809,
		0xf97ff09,0x1000f809,0xfc3fc09,0x1000f809,0xfa3fe09,0x1000f809,0xfc1fc09,0x1000f809,0x107ff808,0x1000f809,
		0x103ffc09,0x1000f809,0x105dfe09,0x1000f809,0x103dfc09,0x1000f809,0x1069ff09,0x1000f809,0x103bfc09,0x1000f809,
		0x1057fe09,0x1000f809,0x1039fc09,0x1000f809,0x106ff908,0x1000f809,0x1037fc09,0x1000f809,0x1051fe09,0x1000f809,
		0x1035fc09,0x1000f809,0x105bff09,0x1000f809,0x1033fc09,0x1000f809,0x104bfe09,0x1000f809,0x1031fc09,0x1000f809,
		0x105ffa08,0x1000f809,0x102ffc09,0x1000f809,0x1045fe09,0x1000f809,0x102dfc09,0x1000f809,0x104dff09,0x1000f809,
		0x102bfc09,0x1000f809,0x103ffe09,0x1000f809,0x1029fc09,0x1000f809,0x104ffb08,0x1000f809,0x1027fc09,0x1000f809,
		0x1039fe09,0x1000f809,0x1025fc09,0x1000f809,0x103fff09,0x1000f809,0x1023fc09,0x1000f809,0x1033fe09,0x1000f809,
		0x1021fc09,0x1000f809,0x103ffc08,0x1000f809,0x101ffc09,0x1000f809,0x102dfe09,0x1000f809,0x101dfc09,0x1000f809,
		0x1031ff09,0x1000f809,0x101bfc09,0x1000f809,0x1027fe09,0x1000f809,0x1019fc09,0x1000f809,0x102ffd08,0x1000f809,
		0x1017fc09,0x1000f809,0x1021fe09,0x1000f809,0x1015fc09,0x1000f809,0x1023ff09,0x1000f809,0x1013fc09,0x1000f809,
		0x101bfe09,0x1000f809,0x1011fc09,0x1000f809,0x101ffe08,0x1000f809,0x100ffc09,0x1000f809,0x1015fe09,0x1000f809,
		0x100dfc09,0x1000f809,0x1015ff09,0x1000f809,0x100bfc09,0x1000f809,0x100ffe09,0x1000f809,0x1009fc09,0x1000f809,
		0x100fff08,0x1000f809,0x1007fc09,0x1000f809,0x1009fe09,0x1000f809,0x1005fc09,0x1000f809,0x1007ff09,0x1000f809,
		0x1003fc09,0x1000f809,0x1003fe09,0x1000f809,0x1001fc09,0x1000f809,0xff10000,0xff00100,0xfef0200,0xfee0300,
		0xfed0400,0xfec0500,0xfeb0600,0xfea0700,0xfe90800,0xfe80900,0xfe70a00,0xfe60b00,0xfe50c00,0xfe40d00,
		0xfe30e00,0xfe20f00,0xfe11000,0xfe01100,0xfdf1200,0xfde1300,0xfdd1400,0xfdc1500,0xfdb1600,0xfda1700,
		0xfd91800,0xfd81900,0xfd71a00,0xfd61b00,0xfd51c00,0xfd41d00,0xfd31e00,0xfd21f00,0xfd12000,0xfd02100,
		0xfcf2200,0xfce2300,0xfcd2400,0xfcc2500,0xfcb2600,0xfca2700,0xfc92800,0xfc82900,0xfc72a00,0xfc62b00,
		0xfc52c00,0xfc42d00,0xfc32e00,0xfc22f00,0xfc13000,0xfc03100,0xfbf3200,0xfbe3300,0xfbd3400,0xfbc3500,
		0xfbb3600,0xfba3700,0xfb93800,0xfb83900,0xfb73a00,0xfb63b00,0xfb53c00,0xfb43d00,0xfb33e00,0xfb23f00,
		0xfb14000,0xfb04100,0xfaf4200,0xfae4300,0xfad4400,0xfac4500,0xfab4600,0xfaa4700,0xfa94800,0xfa84900,
		0xfa74a00,0xfa64b00,0xfa54c00,0xfa44d00,0xfa34e00,0xfa24f00,0xfa15000,0xfa05100,0xf9f5200,0xf9e5300,
		0xf9d5400,0xf9c5500,0xf9b5600,0xf9a5700,0xf995800,0xf985900,0xf975a00,0xf965b00,0xf955c00,0xf945d00,
		0xf935e00,0xf925f00,0xf916000,0xf906100,0xf8f6200,0xf8e6300,0xf8d6400,0xf8c6500,0xf8b6600,0xf8a6700,
		0xf896800,0xf886900,0xf876a00,0xf866b00,0xf856c00,0xf846d00,0xf836e00,0xf826f00,0xf817000,0xf807100,
		0xf7f7200,0xf7e7300,0xf7d7400,0xf7c7500,0xf7b7600,0xf7a7700,0xf797800,0xf787900,0xf777a00,0xf767b00,
		0xf757c00,0xf747d00,0xf737e00,0xf727f00,0xf718000,0xf708100,0xf6f8200,0xf6e8300,0xf6d8400,0xf6c8500,
		0xf6b8600,0xf6a8700,0xf698800,0xf688900,0xf678a00,0xf668b00,0xf658c00,0xf648d00,0xf638e00,0xf628f00,
		0xf619000,0xf609100,0xf5f9200,0xf5e9300,0xf5d9400,0xf5c9500,0xf5b9600,0xf5a9700,0xf599800,0xf589900,
		0xf579a00,0xf569b00,0xf559c00,0xf549d00,0xf539e00,0xf529f00,0xf51a000,0xf50a100,0xf4fa200,0xf4ea300,
		0xf4da400,0xf4ca500,0xf4ba600,0xf4aa700,0xf49a800,0xf48a900,0xf47aa00,0xf46ab00,0xf45ac00,0xf44ad00,
		0xf43ae00,0xf42af00,0xf41b000,0xf40b100,0xf3fb200,0xf3eb300,0xf3db400,0xf3cb500,0xf3bb600,0xf3ab700,
		0xf39b800,0xf38b900,0xf37ba00,0xf36bb00,0xf35bc00,0xf34bd00,0xf33be00,0xf32bf00,0xf31c000,0xf30c100,
		0xf2fc200,0xf2ec300,0xf2dc400,0xf2cc500,0xf2bc600,0xf2ac700,0xf29c800,0xf28c900,0xf27ca00,0xf26cb00,
		0xf25cc00,0xf24cd00,0xf23ce00,0xf22cf00,0xf21d000,0xf20d100,0xf1fd200,0xf1ed300,0xf1dd400,0xf1cd500,
		0xf1bd600,0xf1ad700,0xf19d800,0xf18d900,0xf17da00,0xf16db00,0xf15dc00,0xf14dd00,0xf13de00,0xf12df00,
		0xf11e000,0xf10e100,0xf0fe200,0xf0ee300,0xf0de400,0xf0ce500,0xf0be600,0xf0ae700,0xf09e800,0xf08e900,
		0xf07ea00,0xf06eb00,0xf05ec00,0xf04ed00,0xf03ee00,0xf02ef00,0xf01f000,0xf00f100,0xefff200,0xefef300,
		0xefdf400,0xefcf500,0xefbf600,0xefaf700,0xef9f800,0xef8f900,0xef7fa00,0xef6fb00,0xef5fc00,0xef4fd00,
		0xef3fe00,0xef2ff00,0xef90002,0xe00f903,0xef70102,0xe00f903,0xef50202,0xe00f903,0xef30302,0xe00f903,
		0xef10402,0xe00f903,0xeef0502,0xe00f903,0xeed0602,0xe00f903,0xeeb0702,0xe00f903,0xee90802,0xe00f903,
		0xee70902,0xe00f903,0xee50a02,0xe00f903,0xee30b02,0xe00f903,0xee10c02,0xe00f903,0xedf0d02,0xe00f903,
		0xedd0e02,0xe00f903,0xedb0f02,0xe00f903,0xed91002,0xe00f903,0xed71102,0xe00f903,0xed51202,0xe00f903,
		0xed31302,0xe00f903,0xed11402,0xe00f903,0xecf1502,0xe00f903,0xecd1602,0xe00f903,0xecb1702,0xe00f903,
		0xec91802,0xe00f903,0xec71902,0xe00f903,0xec51a02,0xe00f903,0xec31b02,0xe00f903,0xec11c02,0xe00f903,
		0xebf1d02,0xe00f903,0xebd1e02,0xe00f903,0xebb1f02,0xe00f903,0xeb92002,0xe00f903,0xeb72102,0xe00f903,
		0xeb52202,0xe00f903,0xeb32302,0xe00f903,0xeb12402,0xe00f903,0xeaf2502,0xe00f903,0xead2602,0xe00f903,
		0xeab2702,0xe00f903,0xea92802,0xe00f903,0xea72902,0xe00f903,0xea52a02,0xe00f903,0xea32b02,0xe00f903,
		0xea12c02,0xe00f903,0xe9f2d02,0xe00f903,0xe9d2e02,0xe00f903,0xe9b2f02,0xe00f903,0xe993002,0xe00f903,
		0xe973102,0xe00f903,0xe953202,0xe00f903,0xe933302,0xe00f903,0xe913402,0xe00f903,0xe8f3502,0xe00f903,
		0xe8d3602,0xe00f903,0xe8b3702,0xe00f903,0xe893802,0xe00f903,0xe873902,0xe00f903,0xe853a02,0xe00f903,
		0xe833b02,0xe00f903,0xe813c02,0xe00f903,0xe7f3d02,0xe00f903,0xe7d3e02,0xe00f903,0xe7b3f02,0xe00f903,
		0xe79c002,0xe00f903,0xe77c102,0xe00f903,0xe75c202,0xe00f903,0xe73c302,0xe00f903,0xe71c402,0xe00f903,
		0xe6fc502,0xe00f903,0xe6dc602,0xe00f903,0xe6bc702,0xe00f903,0xe69c802,0xe00f903,0xe67c902,0xe00f903,
		0xe65ca02,0xe00f903,0xe63cb02,0xe00f903,0xe61cc02,0xe00f903,0xe5fcd02,0xe00f903,0xe5dce02,0xe00f903,
		0xe5bcf02,0xe00f903,0xe59d002,0xe00f903,0xe57d102,0xe00f903,0xe55d202,0xe00f903,0xe53d302,0xe00f903,
		0xe51d402,0xe00f903,0xe4fd502,0xe00f903,0xe4dd602,0xe00f903,0xe4bd702,0xe00f903,0xe49d802,0xe00f903,
		0xe47d902,0xe00f903,0xe45da02,0xe00f903,0xe43db02,0xe00f903,0xe41dc02,0xe00f903,0xe3fdd02,0xe00f903,
		0xe3dde02,0xe00f903,0xe3bdf02,0xe00f903,0xe39e002,0xe00f903,0xe37e102,0xe00f903,0xe35e202,0xe00f903,
		0xe33e302,0xe00f903,0xe31e402,0xe00f903,0xe2fe502,0xe00f903,0xe2de602,0xe00f903,0xe2be702,0xe00f903,
		0xe29e802,0xe00f903,0xe27e902,0xe00f903,0xe25ea02,0xe00f903,0xe23eb02,0xe00f903,0xe21ec02,0xe00f903,
		0xe1fed02,0xe00f903,0xe1dee02,0xe00f903,0xe1bef02,0xe00f903,0xe19f002,0xe00f903,0xe17f102,0xe00f903,
		0xe15f202,0xe00f903,0xe13f302,0xe00f903,0xe11f402,0xe00f903,0xe0ff502,0xe00f903,0xe0df602,0xe00f903,
		0xe0bf702,0xe00f903,0xe09f802,0xe00f903,0xe07f902,0xe00f903,0xe05fa02,0xe00f903,0xe03fb02,0xe00f903,
		0xe01fc02,0xe00f903,0xdfffd02,0xe00f903,0xdfdfe02,0xe00f903,0xdfbff02,0xe00f903,0xdf30000,0xdf20100,
		0xdf10200,0xdf00300,0xdef0400,0xdee0500,0xded0600,0xdec0700,0xdeb0800,0xdea0900,0xde90a00,0xde80b00,
		0xde70c00,0xde60d00,0xde50e00,0xde40f00,0xde31000,0xde21100,0xde11200,0xde01300,0xddf1400,0xdde1500,
		0xddd1600,0xddc1700,0xddb1800,0xdda1900,0xdd91a00,0xdd81b00,0xdd71c00,0xdd61d00,0xdd51e00,0xdd41f00,
		0xdd32000,0xdd22100,0xdd12200,0xdd02300,0xdcf2400,0xdce2500,0xdcd2600,0xdcc2700,0xdcb2800,0xdca2900,
		0xdc92a00,0xdc82b00,0xdc72c00,0xdc62d00,0xdc52e00,0xdc42f00,0xdc33000,0xdc23100,0xdc13200,0xdc03300,
		0xdbf3400,0xdbe3500,0xdbd3600,0xdbc3700,0xdbb3800,0xdba3900,0xdb93a00,0xdb83b00,0xdb73c00,0xdb63d00,
		0xdb53e00,0xdb43f00,0xdb34000,0xdb24100,0xdb14200,0xdb04300,0xdaf4400,0xdae4500,0xdad4600,0xdac4700,
		0xdab4800,0xdaa4900,0xda94a00,0xda84b00,0xda74c00,0xda64d00,0xda54e00,0xda44f00,0xda35000,0xda25100,
		0xda15200,0xda05300,0xd9f5400,0xd9e5500,0xd9d5600,0xd9c5700,0xd9b5800,0xd9a5900,0xd995a00,0xd985b00,
		0xd975c00,0xd965d00,0xd955e00,0xd945f00,0xd936000,0xd926100,0xd916200,0xd906300,0xd8f6400,0xd8e6500,
		0xd8d6600,0xd8c6700,0xd8b6800,0xd8a6900,0xd896a00,0xd886b00,0xd876c00,0xd866d00,0xd856e00,0xd846f00,
		0xd837000,0xd827100,0xd817200,0xd807300,0xd7f7400,0xd7e7500,0xd7d7600,0xd7c7700,0xd7b7800,0xd7a7900,
		0xd797a00,0xd787b00,0xd777c00,0xd767d00,0xd757e00,0xd747f00,0xd738000,0xd728100,0xd718200,0xd708300,
		0xd6f8400,0xd6e8500,0xd6d8600,0xd6c8700,0xd6b8800,0xd6a8900,0xd698a00,0xd688b00,0xd678c00,0xd668d00,
		0xd658e00,0xd648f00,0xd639000,0xd629100,0xd619200,0xd609300,0xd5f9400,0xd5e9500,0xd5d9600,0xd5c9700,
		0xd5b9800,0xd5a9900,0xd599a00,0xd589b00,0xd579c00,0xd569d00,0xd559e00,0xd549f00,0xd53a000,0xd52a100,
		0xd51a200,0xd50a300,0xd4fa400,0xd4ea500,0xd4da600,0xd4ca700,0xd4ba800,0xd4aa900,0xd49aa00,0xd48ab00,
		0xd47ac00,0xd46ad00,0xd45ae00,0xd44af00,0xd43b000,0xd42b100,0xd41b200,0xd40b300,0xd3fb400,0xd3eb500,
		0xd3db600,0xd3cb700,0xd3bb800,0xd3ab900,0xd39ba00,0xd38bb00,0xd37bc00,0xd36bd00,0xd35be00,0xd34bf00,
		0xd33c000,0xd32c100,0xd31c200,0xd30c300,0xd2fc400,0xd2ec500,0xd2dc600,0xd2cc700,0xd2bc800,0xd2ac900,
		0xd29ca00,0xd28cb00,0xd27cc00,0xd26cd00,0xd25ce00,0xd24cf00,0xd23d000,0xd22d100,0xd21d200,0xd20d300,
		0xd1fd400,0xd1ed500,0xd1dd600,0xd1cd700,0xd1bd800,0xd1ad900,0xd19da00,0xd18db00,0xd17dc00,0xd16dd00,
		0xd15de00,0xd14df00,0xd13e000,0xd12e100,0xd11e200,0xd10e300,0xd0fe400,0xd0ee500,0xd0de600,0xd0ce700,
		0xd0be800,0xd0ae900,0xd09ea00,0xd08eb00,0xd07ec00,0xd06ed00,0xd05ee00,0xd04ef00,0xd03f000,0xd02f100,
		0xd01f200,0xd00f300,0xcfff400,0xcfef500,0xcfdf600,0xcfcf700,0xcfbf800,0xcfaf900,0xcf9fa00,0xcf8fb00,
		0xcf7fc00,0xcf6fd00,0xcf5fe00,0xcf4ff00,0xcfd0004,0xc00fa05,0xbfffd05,0xc00fa05,0xcf90104,0xc00fa05,
		0xbfdfd05,0xc00fa05,0xcf50204,0xc00fa05,0xbfbfd05,0xc00fa05,0xcf10304,0xc00fa05,0xbf9fd05,0xc00fa05,
		0xced0404,0xc00fa05,0xbf7fd05,0xc00fa05,0xce90504,0xc00fa05,0xbf5fd05,0xc00fa05,0xce50604,0xc00fa05,
		0xbf3fd05,0xc00fa05,0xce10704,0xc00fa05,0xbf1fd05,0xc00fa05,0xcdd0804,0xc00fa05,0xbeffd05,0xc00fa05,
		0xcd90904,0xc00fa05,0xbedfd05,0xc00fa05,0xcd50a04,0xc00fa05,0xbebfd05,0xc00fa05,0xcd10b04,0xc00fa05,
		0xbe9fd05,0xc00fa05,0xccd0c04,0xc00fa05,0xbe7fd05,0xc00fa05,0xcc90d04,0xc00fa05,0xbe5fd05,0xc00fa05,
		0xcc50e04,0xc00fa05,0xbe3fd05,0xc00fa05,0xcc10f04,0xc00fa05,0xbe1fd05,0xc00fa05,0xcbd1004,0xc00fa05,
		0xbdffd05,0xc00fa05,0xcb91104,0xc00fa05,0xbddfd05,0xc00fa05,0xcb51204,0xc00fa05,0xbdbfd05,0xc00fa05,
		0xcb11304,0xc00fa05,0xbd9fd05,0xc00fa05,0xcad1404,0xc00fa05,0xbd7fd05,0xc00fa05,0xca91504,0xc00fa05,
		0xbd5fd05,0xc00fa05,0xca51604,0xc00fa05,0xbd3fd05,0xc00fa05,0xca11704,0xc00fa05,0xbd1fd05,0xc00fa05,
		0xc9d1804,0xc00fa05,0xbcffd05,0xc00fa05,0xc991904,0xc00fa05,0xbcdfd05,0xc00fa05,0xc951a04,0xc00fa05,
		0xbcbfd05,0xc00fa05,0xc911b04,0xc00fa05,0xbc9fd05,0xc00fa05,0xc8d1c04,0xc00fa05,0xbc7fd05,0xc00fa05,
		0xc891d04,0xc00fa05,0xbc5fd05,0xc00fa05,0xc851e04,0xc00fa05,0xbc3fd05,0xc00fa05,0xc811f04,0xc00fa05,
		0xbc1fd05,0xc00fa05,0xc7de004,0xc00fa05,0xc3ffd05,0xc00fa05,0xc79e104,0xc00fa05,0xc3dfd05,0xc00fa05,
		0xc75e204,0xc00fa05,0xc3bfd05,0xc00fa05,0xc71e304,0xc00fa05,0xc39fd05,0xc00fa05,0xc6de404,0xc00fa05,
		0xc37fd05,0xc00fa05,0xc69e504,0xc00fa05,0xc35fd05,0xc00fa05,0xc65e604,0xc00fa05,0xc33fd05,0xc00fa05,
		0xc61e704,0xc00fa05,0xc31fd05,0xc00fa05,0xc5de804,0xc00fa05,0xc2ffd05,0xc00fa05,0xc59e904,0xc00fa05,
		0xc2dfd05,0xc00fa05,0xc55ea04,0xc00fa05,0xc2bfd05,0xc00fa05,0xc51eb04,0xc00fa05,0xc29fd05,0xc00fa05,
		0xc4dec04,0xc00fa05,0xc27fd05,0xc00fa05,0xc49ed04,0xc00fa05,0xc25fd05,0xc00fa05,0xc45ee04,0xc00fa05,
		0xc23fd05,0xc00fa05,0xc41ef04,0xc00fa05,0xc21fd05,0xc00fa05,0xc3df004,0xc00fa05,0xc1ffd05,0xc00fa05,
		0xc39f104,0xc00fa05,0xc1dfd05,0xc00fa05,0xc35f204,0xc00fa05,0xc1bfd05,0xc00fa05,0xc31f304,0xc00fa05,
		0xc19fd05,0xc00fa05,0xc2df404,0xc00fa05,0xc17fd05,0xc00fa05,0xc29f504,0xc00fa05,0xc15fd05,0xc00fa05,
		0xc25f604,0xc00fa05,0xc13fd05,0xc00fa05,0xc21f704,0xc00fa05,0xc11fd05,0xc00fa05,0xc1df804,0xc00fa05,
		0xc0ffd05,0xc00fa05,0xc19f904,0xc00fa05,0xc0dfd05,0xc00fa05,0xc15fa04,0xc00fa05,0xc0bfd05,0xc00fa05,
		0xc11fb04,0xc00fa05,0xc09fd05,0xc00fa05,0xc0dfc04,0xc00fa05,0xc07fd05,0xc00fa05,0xc09fd04,0xc00fa05,
		0xc05fd05,0xc00fa05,0xc05fe04,0xc00fa05,0xc03fd05,0xc00fa05,0xc01ff04,0xc00fa05,0xc01fd05,0xc00fa05,
		0xbf50000,0xbf40100,0xbf30200,0xbf20300,0xbf10400,0xbf00500,0xbef0600,0xbee0700,0xbed0800,0xbec0900,
		0xbeb0a00,0xbea0b00,0xbe90c00,0xbe80d00,0xbe70e00,0xbe60f00,0xbe51000,0xbe41100,0xbe31200,0xbe21300,
		0xbe11400,0xbe01500,0xbdf1600,0xbde1700,0xbdd1800,0xbdc1900,0xbdb1a00,0xbda1b00,0xbd91c00,0xbd81d00,
		0xbd71e00,0xbd61f00,0xbd52000,0xbd42100,0xbd32200,0xbd22300,0xbd12400,0xbd02500,0xbcf2600,0xbce2700,
		0xbcd2800,0xbcc2900,0xbcb2a00,0xbca2b00,0xbc92c00,0xbc82d00,0xbc72e00,0xbc62f00,0xbc53000,0xbc43100,
		0xbc33200,0xbc23300,0xbc13400,0xbc03500,0xbbf3600,0xbbe3700,0xbbd3800,0xbbc3900,0xbbb3a00,0xbba3b00,
		0xbb93c00,0xbb83d00,0xbb73e00,0xbb63f00,0xbb54000,0xbb44100,0xbb34200,0xbb24300,0xbb14400,0xbb04500,
		0xbaf4600,0xbae4700,0xbad4800,0xbac4900,0xbab4a00,0xbaa4b00,0xba94c00,0xba84d00,0xba74e00,0xba64f00,
		0xba55000,0xba45100,0xba35200,0xba25300,0xba15400,0xba05500,0xb9f5600,0xb9e5700,0xb9d5800,0xb9c5900,
		0xb9b5a00,0xb9a5b00,0xb995c00,0xb985d00,0xb975e00,0xb965f00,0xb956000,0xb946100,0xb936200,0xb926300,
		0xb916400,0xb906500,0xb8f6600,0xb8e6700,0xb8d6800,0xb8c6900,0xb8b6a00,0xb8a6b00,0xb896c00,0xb886d00,
		0xb876e00,0xb866f00,0xb857000,0xb847100,0xb837200,0xb827300,0xb817400,0xb807500,0xb7f7600,0xb7e7700,
		0xb7d7800,0xb7c7900,0xb7b7a00,0xb7a7b00,0xb797c00,0xb787d00,0xb777e00,0xb767f00,0xb758000,0xb748100,
		0xb738200,0xb728300,0xb718400,0xb708500,0xb6f8600,0xb6e8700,0xb6d8800,0xb6c8900,0xb6b8a00,0xb6a8b00,
		0xb698c00,0xb688d00,0xb678e00,0xb668f00,0xb659000,0xb649100,0xb639200,0xb629300,0xb619400,0xb609500,
		0xb5f9600,0xb5e9700,0xb5d9800,0xb5c9900,0xb5b9a00,0xb5a9b00,0xb599c00,0xb589d00,0xb579e00,0xb569f00,
		0xb55a000,0xb54a100,0xb53a200,0xb52a300,0xb51a400,0xb50a500,0xb4fa600,0xb4ea700,0xb4da800,0xb4ca900,
		0xb4baa00,0xb4aab00,0xb49ac00,0xb48ad00,0xb47ae00,0xb46af00,0xb45b000,0xb44b100,0xb43b200,0xb42b300,
		0xb41b400,0xb40b500,0xb3fb600,0xb3eb700,0xb3db800,0xb3cb900,0xb3bba00,0xb3abb00,0xb39bc00,0xb38bd00,
		0xb37be00,0xb36bf00,0xb35c000,0xb34c100,0xb33c200,0xb32c300,0xb31c400,0xb30c500,0xb2fc600,0xb2ec700,
		0xb2dc800,0xb2cc900,0xb2bca00,0xb2acb00,0xb29cc00,0xb28cd00,0xb27ce00,0xb26cf00,0xb25d000,0xb24d100,
		0xb23d200,0xb22d300,0xb21d400,0xb20d500,0xb1fd600,0xb1ed700,0xb1dd800,0xb1cd900,0xb1bda00,0xb1adb00,
		0xb19dc00,0xb18dd00,0xb17de00,0xb16df00,0xb15e000,0xb14e100,0xb13e200,0xb12e300,0xb11e400,0xb10e500,
		0xb0fe600,0xb0ee700,0xb0de800,0xb0ce900,0xb0bea00,0xb0aeb00,0xb09ec00,0xb08ed00,0xb07ee00,0xb06ef00,
		0xb05f000,0xb04f100,0xb03f200,0xb02f300,0xb01f400,0xb00f500,0xafff600,0xafef700,0xafdf800,0xafcf900,
		0xafbfa00,0xafafb00,0xaf9fc00,0xaf8fd00,0xaf7fe00,0xaf6ff00,0xafb0002,0xa00fb03,0xaf90102,0xa00fb03,
		0xaf70202,0xa00fb03,0xaf50302,0xa00fb03,0xaf30402,0xa00fb03,0xaf10502,0xa00fb03,0xaef0602,0xa00fb03,
		0xaed0702,0xa00fb03,0xaeb0802,0xa00fb03,0xae90902,0xa00fb03,0xae70a02,0xa00fb03,0xae50b02,0xa00fb03,
		0xae30c02,0xa00fb03,0xae10d02,0xa00fb03,0xadf0e02,0xa00fb03,0xadd0f02,0xa00fb03,0xadb1002,0xa00fb03,
		0xad91102,0xa00fb03,0xad71202,0xa00fb03,0xad51302,0xa00fb03,0xad31402,0xa00fb03,0xad11502,0xa00fb03,
		0xacf1602,0xa00fb03,0xacd1702,0xa00fb03,0xacb1802,0xa00fb03,0xac91902,0xa00fb03,0xac71a02,0xa00fb03,
		0xac51b02,0xa00fb03,0xac31c02,0xa00fb03,0xac11d02,0xa00fb03,0xabf1e02,0xa00fb03,0xabd1f02,0xa00fb03,
		0xabb2002,0xa00fb03,0xab92102,0xa00fb03,0xab72202,0xa00fb03,0xab52302,0xa00fb03,0xab32402,0xa00fb03,
		0xab12502,0xa00fb03,0xaaf2602,0xa00fb03,0xaad2702,0xa00fb03,0xaab2802,0xa00fb03,0xaa92902,0xa00fb03,
		0xaa72a02,0xa00fb03,0xaa52b02,0xa00fb03,0xaa32c02,0xa00fb03,0xaa12d02,0xa00fb03,0xa9f2e02,0xa00fb03,
		0xa9d2f02,0xa00fb03,0xa9b3002,0xa00fb03,0xa993102,0xa00fb03,0xa973202,0xa00fb03,0xa953302,0xa00fb03,
		0xa933402,0xa00fb03,0xa913502,0xa00fb03,0xa8f3602,0xa00fb03,0xa8d3702,0xa00fb03,0xa8b3802,0xa00fb03,
		0xa893902,0xa00fb03,0xa873a02,0xa00fb03,0xa853b02,0xa00fb03,0xa833c02,0xa00fb03,0xa813d02,0xa00fb03,
		0xa7f3e02,0xa00fb03,0xa7d3f02,0xa00fb03,0xa7bc002,0xa00fb03,0xa79c102,0xa00fb03,0xa77c202,0xa00fb03,
		0xa75c302,0xa00fb03,0xa73c402,0xa00fb03,0xa71c502,0xa00fb03,0xa6fc602,0xa00fb03,0xa6dc702,0xa00fb03,
		0xa6bc802,0xa00fb03,0xa69c902,0xa00fb03,0xa67ca02,0xa00fb03,0xa65cb02,0xa00fb03,0xa63cc02,0xa00fb03,
		0xa61cd02,0xa00fb03,0xa5fce02,0xa00fb03,0xa5dcf02,0xa00fb03,0xa5bd002,0xa00fb03,0xa59d102,0xa00fb03,
		0xa57d202,0xa00fb03,0xa55d302,0xa00fb03,0xa53d402,0xa00fb03,0xa51d502,0xa00fb03,0xa4fd602,0xa00fb03,
		0xa4dd702,0xa00fb03,0xa4bd802,0xa00fb03,0xa49d902,0xa00fb03,0xa47da02,0xa00fb03,0xa45db02,0xa00fb03,
		0xa43dc02,0xa00fb03,0xa41dd02,0xa00fb03,0xa3fde02,0xa00fb03,0xa3ddf02,0xa00fb03,0xa3be002,0xa00fb03,
		0xa39e102,0xa00fb03,0xa37e202,0xa00fb03,0xa35e302,0xa00fb03,0xa33e402,0xa00fb03,0xa31e502,0xa00fb03,
		0xa2fe602,0xa00fb03,0xa2de702,0xa00fb03,0xa2be802,0xa00fb03,0xa29e902,0xa00fb03,0xa27ea02,0xa00fb03,
		0xa25eb02,0xa00fb03,0xa23ec02,0xa00fb03,0xa21ed02,0xa00fb03,0xa1fee02,0xa00fb03,0xa1def02,0xa00fb03,
		0xa1bf002,0xa00fb03,0xa19f102,0xa00fb03,0xa17f202,0xa00fb03,0xa15f302,0xa00fb03,0xa13f402,0xa00fb03,
		0xa11f502,0xa00fb03,0xa0ff602,0xa00fb03,0xa0df702,0xa00fb03,0xa0bf802,0xa00fb03,0xa09f902,0xa00fb03,
		0xa07fa02,0xa00fb03,0xa05fb02,0xa00fb03,0xa03fc02,0xa00fb03,0xa01fd02,0xa00fb03,0x9fffe02,0xa00fb03,
		0x9fdff02,0xa00fb03,0x9f70000,0x9f60100,0x9f50200,0x9f40300,0x9f30400,0x9f20500,0x9f10600,0x9f00700,
		0x9ef0800,0x9ee0900,0x9ed0a00,0x9ec0b00,0x9eb0c00,0x9ea0d00,0x9e90e00,0x9e80f00,0x9e71000,0x9e61100,
		0x9e51200,0x9e41300,0x9e31400,0x9e21500,0x9e11600,0x9e01700,0x9df1800,0x9de1900,0x9dd1a00,0x9dc1b00,
		0x9db1c00,0x9da1d00,0x9d91e00,0x9d81f00,0x9d72000,0x9d62100,0x9d52200,0x9d42300,0x9d32400,0x9d22500,
		0x9d12600,0x9d02700,0x9cf2800,0x9ce2900,0x9cd2a00,0x9cc2b00,0x9cb2c00,0x9ca2d00,0x9c92e00,0x9c82f00,
		0x9c73000,0x9c63100,0x9c53200,0x9c43300,0x9c33400,0x9c23500,0x9c13600,0x9c03700,0x9bf3800,0x9be3900,
		0x9bd3a00,0x9bc3b00,0x9bb3c00,0x9ba3d00,0x9b93e00,0x9b83f00,0x9b74000,0x9b64100,0x9b54200,0x9b44300,
		0x9b34400,0x9b24500,0x9b14600,0x9b04700,0x9af4800,0x9ae4900,0x9ad4a00,0x9ac4b00,0x9ab4c00,0x9aa4d00,
		0x9a94e00,0x9a84f00,0x9a75000,0x9a65100,0x9a55200,0x9a45300,0x9a35400,0x9a25500,0x9a15600,0x9a05700,
		0x99f5800,0x99e5900,0x99d5a00,0x99c5b00,0x99b5c00,0x99a5d00,0x9995e00,0x9985f00,0x9976000,0x9966100,
		0x9956200,0x9946300,0x9936400,0x9926500,0x9916600,0x9906700,0x98f6800,0x98e6900,0x98d6a00,0x98c6b00,
		0x98b6c00,0x98a6d00,0x9896e00,0x9886f00,0x9877000,0x9867100,0x9857200,0x9847300,0x9837400,0x9827500,
		0x9817600,0x9807700,0x97f7800,0x97e7900,0x97d7a00,0x97c7b00,0x97b7c00,0x97a7d00,0x9797e00,0x9787f00,
		0x9778000,0x9768100,0x9758200,0x9748300,0x9738400,0x9728500,0x9718600,0x9708700,0x96f8800,0x96e8900,
		0x96d8a00,0x96c8b00,0x96b8c00,0x96a8d00,0x9698e00,0x9688f00,0x9679000,0x9669100,0x9659200,0x9649300,
		0x9639400,0x9629500,0x9619600,0x9609700,0x95f9800,0x95e9900,0x95d9a00,0x95c9b00,0x95b9c00,0x95a9d00,
		0x9599e00,0x9589f00,0x957a000,0x956a100,0x955a200,0x954a300,0x953a400,0x952a500,0x951a600,0x950a700,
		0x94fa800,0x94ea900,0x94daa00,0x94cab00,0x94bac00,0x94aad00,0x949ae00,0x948af00,0x947b000,0x946b100,
		0x945b200,0x944b300,0x943b400,0x942b500,0x941b600,0x940b700,0x93fb800,0x93eb900,0x93dba00,0x93cbb00,
		0x93bbc00,0x93abd00,0x939be00,0x938bf00,0x937c000,0x936c100,0x935c200,0x934c300,0x933c400,0x932c500,
		0x931c600,0x930c700,0x92fc800,0x92ec900,0x92dca00,0x92ccb00,0x92bcc00,0x92acd00,0x929ce00,0x928cf00,
		0x927d000,0x926d100,0x925d200,0x924d300,0x923d400,0x922d500,0x921d600,0x920d700,0x91fd800,0x91ed900,
		0x91dda00,0x91cdb00,0x91bdc00,0x91add00,0x919de00,0x918df00,0x917e000,0x916e100,0x915e200,0x914e300,
		0x913e400,0x912e500,0x911e600,0x910e700,0x90fe800,0x90ee900,0x90dea00,0x90ceb00,0x90bec00,0x90aed00,
		0x909ee00,0x908ef00,0x907f000,0x906f100,0x905f200,0x904f300,0x903f400,0x902f500,0x901f600,0x900f700,
		0x8fff800,0x8fef900,0x8fdfa00,0x8fcfb00,0x8fbfc00,0x8fafd00,0x8f9fe00,0x8f8ff00,0x8ff0006,0x800fc07,
		0x7fffe07,0x800fc07,0x7fdff07,0x800fc07,0x7fdfe07,0x800fc07,0x8f70106,0x800fc07,0x7fbfe07,0x800fc07,
		0x7f7ff07,0x800fc07,0x7f9fe07,0x800fc07,0x8ef0206,0x800fc07,0x7f7fe07,0x800fc07,0x7f1ff07,0x800fc07,
		0x7f5fe07,0x800fc07,0x8e70306,0x800fc07,0x7f3fe07,0x800fc07,0x7ebff07,0x800fc07,0x7f1fe07,0x800fc07,
		0x8df0406,0x800fc07,0x7effe07,0x800fc07,0x7e5ff07,0x800fc07,0x7edfe07,0x800fc07,0x8d70506,0x800fc07,
		0x7ebfe07,0x800fc07,0x7dfff07,0x800fc07,0x7e9fe07,0x800fc07,0x8cf0606,0x800fc07,0x7e7fe07,0x800fc07,
		0x7d9ff07,0x800fc07,0x7e5fe07,0x800fc07,0x8c70706,0x800fc07,0x7e3fe07,0x800fc07,0x7d3ff07,0x800fc07,
		0x7e1fe07,0x800fc07,0x8bf0806,0x800fc07,0x7dffe07,0x800fc07,0x7cdff07,0x800fc07,0x7ddfe07,0x800fc07,
		0x8b70906,0x800fc07,0x7dbfe07,0x800fc07,0x7c7ff07,0x800fc07,0x7d9fe07,0x800fc07,0x8af0a06,0x800fc07,
		0x7d7fe07,0x800fc07,0x7c1ff07,0x800fc07,0x7d5fe07,0x800fc07,0x8a70b06,0x800fc07,0x7d3fe07,0x800fc07,
		0x7bbff07,0x800fc07,0x7d1fe07,0x800fc07,0x89f0c06,0x800fc07,0x7cffe07,0x800fc07,0x7b5ff07,0x800fc07,
		0x7cdfe07,0x800fc07,0x8970d06,0x800fc07,0x7cbfe07,0x800fc07,0x7afff07,0x800fc07,0x7c9fe07,0x800fc07,
		0x88f0e06,0x800fc07,0x7c7fe07,0x800fc07,0x7a9ff07,0x800fc07,0x7c5fe07,0x800fc07,0x8870f06,0x800fc07,
		0x7c3fe07,0x800fc07,0x7a3ff07,0x800fc07,0x7c1fe07,0x800fc07,0x87ff006,0x800fc07,0x83ffe07,0x800fc07,
		0x85dff07,0x800fc07,0x83dfe07,0x800fc07,0x877f106,0x800fc07,0x83bfe07,0x800fc07,0x857ff07,0x800fc07,
		0x839fe07,0x800fc07,0x86ff206,0x800fc07,0x837fe07,0x800fc07,0x851ff07,0x800fc07,0x835fe07,0x800fc07,
		0x867f306,0x800fc07,0x833fe07,0x800fc07,0x84bff07,0x800fc07,0x831fe07,0x800fc07,0x85ff406,0x800fc07,
		0x82ffe07,0x800fc07,0x845ff07,0x800fc07,0x82dfe07,0x800fc07,0x857f506,0x800fc07,0x82bfe07,0x800fc07,
		0x83fff07,0x800fc07,0x829fe07,0x800fc07,0x84ff606,0x800fc07,0x827fe07,0x800fc07,0x839ff07,0x800fc07,
		0x825fe07,0x800fc07,0x847f706,0x800fc07,0x823fe07,0x800fc07,0x833ff07,0x800fc07,0x821fe07,0x800fc07,
		0x83ff806,0x800fc07,0x81ffe07,0x800fc07,0x82dff07,0x800fc07,0x81dfe07,0x800fc07,0x837f906,0x800fc07,
		0x81bfe07,0x800fc07,0x827ff07,0x800fc07,0x819fe07,0x800fc07,0x82ffa06,0x800fc07,0x817fe07,0x800fc07,
		0x821ff07,0x800fc07,0x815fe07,0x800fc07,0x827fb06,0x800fc07,0x813fe07,0x800fc07,0x81bff07,0x800fc07,
		0x811fe07,0x800fc07,0x81ffc06,0x800fc07,0x80ffe07,0x800fc07,0x815ff07,0x800fc07,0x80dfe07,0x800fc07,
		0x817fd06,0x800fc07,0x80bfe07,0x800fc07,0x80fff07,0x800fc07,0x809fe07,0x800fc07,0x80ffe06,0x800fc07,
		0x807fe07,0x800fc07,0x809ff07,0x800fc07,0x805fe07,0x800fc07,0x807ff06,0x800fc07,0x803fe07,0x800fc07,
		0x803ff07,0x800fc07,0x801fe07,0x800fc07,0x7f90000,0x7f80100,0x7f70200,0x7f60300,0x7f50400,0x7f40500,
		0x7f30600,0x7f20700,0x7f10800,0x7f00900,0x7ef0a00,0x7ee0b00,0x7ed0c00,0x7ec0d00,0x7eb0e00,0x7ea0f00,
		0x7e91000,0x7e81100,0x7e71200,0x7e61300,0x7e51400,0x7e41500,0x7e31600,0x7e21700,0x7e11800,0x7e01900,
		0x7df1a00,0x7de1b00,0x7dd1c00,0x7dc1d00,0x7db1e00,0x7da1f00,0x7d92000,0x7d82100,0x7d72200,0x7d62300,
		0x7d52400,0x7d42500,0x7d32600,0x7d22700,0x7d12800,0x7d02900,0x7cf2a00,0x7ce2b00,0x7cd2c00,0x7cc2d00,
		0x7cb2e00,0x7ca2f00,0x7c93000,0x7c83100,0x7c73200,0x7c63300,0x7c53400,0x7c43500,0x7c33600,0x7c23700,
		0x7c13800,0x7c03900,0x7bf3a00,0x7be3b00,0x7bd3c00,0x7bc3d00,0x7bb3e00,0x7ba3f00,0x7b94000,0x7b84100,
		0x7b74200,0x7b64300,0x7b54400,0x7b44500,0x7b34600,0x7b24700,0x7b14800,0x7b04900,0x7af4a00,0x7ae4b00,
		0x7ad4c00,0x7ac4d00,0x7ab4e00,0x7aa4f00,0x7a95000,0x7a85100,0x7a75200,0x7a65300,0x7a55400,0x7a45500,
		0x7a35600,0x7a25700,0x7a15800,0x7a05900,0x79f5a00,0x79e5b00,0x79d5c00,0x79c5d00,0x79b5e00,0x79a5f00,
		0x7996000,0x7986100,0x7976200,0x7966300,0x7956400,0x7946500,0x7936600,0x7926700,0x7916800,0x7906900,
		0x78f6a00,0x78e6b00,0x78d6c00,0x78c6d00,0x78b6e00,0x78a6f00,0x7897000,0x7887100,0x7877200,0x7867300,
		0x7857400,0x7847500,0x7837600,0x7827700,0x7817800,0x7807900,0x77f7a00,0x77e7b00,0x77d7c00,0x77c7d00,
		0x77b7e00,0x77a7f00,0x7798000,0x7788100,0x7778200,0x7768300,0x7758400,0x7748500,0x7738600,0x7728700,
		0x7718800,0x7708900,0x76f8a00,0x76e8b00,0x76d8c00,0x76c8d00,0x76b8e00,0x76a8f00,0x7699000,0x7689100,
		0x7679200,0x7669300,0x7659400,0x7649500,0x7639600,0x7629700,0x7619800,0x7609900,0x75f9a00,0x75e9b00,
		0x75d9c00,0x75c9d00,0x75b9e00,0x75a9f00,0x759a000,0x758a100,0x757a200,0x756a300,0x755a400,0x754a500,
		0x753a600,0x752a700,0x751a800,0x750a900,0x74faa00,0x74eab00,0x74dac00,0x74cad00,0x74bae00,0x74aaf00,
		0x749b000,0x748b100,0x747b200,0x746b300,0x745b400,0x744b500,0x743b600,0x742b700,0x741b800,0x740b900,
		0x73fba00,0x73ebb00,0x73dbc00,0x73cbd00,0x73bbe00,0x73abf00,0x739c000,0x738c100,0x737c200,0x736c300,
		0x735c400,0x734c500,0x733c600,0x732c700,0x731c800,0x730c900,0x72fca00,0x72ecb00,0x72dcc00,0x72ccd00,
		0x72bce00,0x72acf00,0x729d000,0x728d100,0x727d200,0x726d300,0x725d400,0x724d500,0x723d600,0x722d700,
		0x721d800,0x720d900,0x71fda00,0x71edb00,0x71ddc00,0x71cdd00,0x71bde00,0x71adf00,0x719e000,0x718e100,
		0x717e200,0x716e300,0x715e400,0x714e500,0x713e600,0x712e700,0x711e800,0x710e900,0x70fea00,0x70eeb00,
		0x70dec00,0x70ced00,0x70bee00,0x70aef00,0x709f000,0x708f100,0x707f200,0x706f300,0x705f400,0x704f500,
		0x703f600,0x702f700,0x701f800,0x700f900,0x6fffa00,0x6fefb00,0x6fdfc00,0x6fcfd00,0x6fbfe00,0x6faff00,
		0x6fd0002,0x600fd03,0x6fb0102,0x600fd03,0x6f90202,0x600fd03,0x6f70302,0x600fd03,0x6f50402,0x600fd03,
		0x6f30502,0x600fd03,0x6f10602,0x600fd03,0x6ef0702,0x600fd03,0x6ed0802,0x600fd03,0x6eb0902,0x600fd03,
		0x6e90a02,0x600fd03,0x6e70b02,0x600fd03,0x6e50c02,0x600fd03,0x6e30d02,0x600fd03,0x6e10e02,0x600fd03,
		0x6df0f02,0x600fd03,0x6dd1002,0x600fd03,0x6db1102,0x600fd03,0x6d91202,0x600fd03,0x6d71302,0x600fd03,
		0x6d51402,0x600fd03,0x6d31502,0x600fd03,0x6d11602,0x600fd03,0x6cf1702,0x600fd03,0x6cd1802,0x600fd03,
		0x6cb1902,0x600fd03,0x6c91a02,0x600fd03,0x6c71b02,0x600fd03,0x6c51c02,0x600fd03,0x6c31d02,0x600fd03,
		0x6c11e02,0x600fd03,0x6bf1f02,0x600fd03,0x6bd2002,0x600fd03,0x6bb2102,0x600fd03,0x6b92202,0x600fd03,
		0x6b72302,0x600fd03,0x6b52402,0x600fd03,0x6b32502,0x600fd03,0x6b12602,0x600fd03,0x6af2702,0x600fd03,
		0x6ad2802,0x600fd03,0x6ab2902,0x600fd03,0x6a92a02,0x600fd03,0x6a72b02,0x600fd03,0x6a52c02,0x600fd03,
		0x6a32d02,0x600fd03,0x6a12e02,0x600fd03,0x69f2f02,0x600fd03,0x69d3002,0x600fd03,0x69b3102,0x600fd03,
		0x6993202,0x600fd03,0x6973302,0x600fd03,0x6953402,0x600fd03,0x6933502,0x600fd03,0x6913602,0x600fd03,
		0x68f3702,0x600fd03,0x68d3802,0x600fd03,0x68b3902,0x600fd03,0x6893a02,0x600fd03,0x6873b02,0x600fd03,
		0x6853c02,0x600fd03,0x6833d02,0x600fd03,0x6813e02,0x600fd03,0x67f3f02,0x600fd03,0x67dc002,0x600fd03,
		0x67bc102,0x600fd03,0x679c202,0x600fd03,0x677c302,0x600fd03,0x675c402,0x600fd03,0x673c502,0x600fd03,
		0x671c602,0x600fd03,0x66fc702,0x600fd03,0x66dc802,0x600fd03,0x66bc902,0x600fd03,0x669ca02,0x600fd03,
		0x667cb02,0x600fd03,0x665cc02,0x600fd03,0x663cd02,0x600fd03,0x661ce02,0x600fd03,0x65fcf02,0x600fd03,
		0x65dd002,0x600fd03,0x65bd102,0x600fd03,0x659d202,0x600fd03,0x657d302,0x600fd03,0x655d402,0x600fd03,
		0x653d502,0x600fd03,0x651d602,0x600fd03,0x64fd702,0x600fd03,0x64dd802,0x600fd03,0x64bd902,0x600fd03,
		0x649da02,0x600fd03,0x647db02,0x600fd03,0x645dc02,0x600fd03,0x643dd02,0x600fd03,0x641de02,0x600fd03,
		0x63fdf02,0x600fd03,0x63de002,0x600fd03,0x63be102,0x600fd03,0x639e202,0x600fd03,0x637e302,0x600fd03,
		0x635e402,0x600fd03,0x633e502,0x600fd03,0x631e602,0x600fd03,0x62fe702,0x600fd03,0x62de802,0x600fd03,
		0x62be902,0x600fd03,0x629ea02,0x600fd03,0x627eb02,0x600fd03,0x625ec02,0x600fd03,0x623ed02,0x600fd03,
		0x621ee02,0x600fd03,0x61fef02,0x600fd03,0x61df002,0x600fd03,0x61bf102,0x600fd03,0x619f202,0x600fd03,
		0x617f302,0x600fd03,0x615f402,0x600fd03,0x613f502,0x600fd03,0x611f602,0x600fd03,0x60ff702,0x600fd03,
		0x60df802,0x600fd03,0x60bf902,0x600fd03,0x609fa02,0x600fd03,0x607fb02,0x600fd03,0x605fc02,0x600fd03,
		0x603fd02,0x600fd03,0x601fe02,0x600fd03,0x5ffff02,0x600fd03,0x5fb0000,0x5fa0100,0x5f90200,0x5f80300,
		0x5f70400,0x5f60500,0x5f50600,0x5f40700,0x5f30800,0x5f20900,0x5f10a00,0x5f00b00,0x5ef0c00,0x5ee0d00,
		0x5ed0e00,0x5ec0f00,0x5eb1000,0x5ea1100,0x5e91200,0x5e81300,0x5e71400,0x5e61500,0x5e51600,0x5e41700,
		0x5e31800,0x5e21900,0x5e11a00,0x5e01b00,0x5df1c00,0x5de1d00,0x5dd1e00,0x5dc1f00,0x5db2000,0x5da2100,
		0x5d92200,0x5d82300,0x5d72400,0x5d62500,0x5d52600,0x5d42700,0x5d32800,0x5d22900,0x5d12a00,0x5d02b00,
		0x5cf2c00,0x5ce2d00,0x5cd2e00,0x5cc2f00,0x5cb3000,0x5ca3100,0x5c93200,0x5c83300,0x5c73400,0x5c63500,
		0x5c53600,0x5c43700,0x5c33800,0x5c23900,0x5c13a00,0x5c03b00,0x5bf3c00,0x5be3d00,0x5bd3e00,0x5bc3f00,
		0x5bb4000,0x5ba4100,0x5b94200,0x5b84300,0x5b74400,0x5b64500,0x5b54600,0x5b44700,0x5b34800,0x5b24900,
		0x5b14a00,0x5b04b00,0x5af4c00,0x5ae4d00,0x5ad4e00,0x5ac4f00,0x5ab5000,0x5aa5100,0x5a95200,0x5a85300,
		0x5a75400,0x5a65500,0x5a55600,0x5a45700,0x5a35800,0x5a25900,0x5a15a00,0x5a05b00,0x59f5c00,0x59e5d00,
		0x59d5e00,0x59c5f00,0x59b6000,0x59a6100,0x5996200,0x5986300,0x5976400,0x5966500,0x5956600,0x5946700,
		0x5936800,0x5926900,0x5916a00,0x5906b00,0x58f6c00,0x58e6d00,0x58d6e00,0x58c6f00,0x58b7000,0x58a7100,
		0x5897200,0x5887300,0x5877400,0x5867500,0x5857600,0x5847700,0x5837800,0x5827900,0x5817a00,0x5807b00,
		0x57f7c00,0x57e7d00,0x57d7e00,0x57c7f00,0x57b8000,0x57a8100,0x5798200,0x5788300,0x5778400,0x5768500,
		0x5758600,0x5748700,0x5738800,0x5728900,0x5718a00,0x5708b00,0x56f8c00,0x56e8d00,0x56d8e00,0x56c8f00,
		0x56b9000,0x56a9100,0x5699200,0x5689300,0x5679400,0x5669500,0x5659600,0x5649700,0x5639800,0x5629900,
		0x5619a00,0x5609b00,0x55f9c00,0x55e9d00,0x55d9e00,0x55c9f00,0x55ba000,0x55aa100,0x559a200,0x558a300,
		0x557a400,0x556a500,0x555a600,0x554a700,0x553a800,0x552a900,0x551aa00,0x550ab00,0x54fac00,0x54ead00,
		0x54dae00,0x54caf00,0x54bb000,0x54ab100,0x549b200,0x548b300,0x547b400,0x546b500,0x545b600,0x544b700,
		0x543b800,0x542b900,0x541ba00,0x540bb00,0x53fbc00,0x53ebd00,0x53dbe00,0x53cbf00,0x53bc000,0x53ac100,
		0x539c200,0x538c300,0x537c400,0x536c500,0x535c600,0x534c700,0x533c800,0x532c900,0x531ca00,0x530cb00,
		0x52fcc00,0x52ecd00,0x52dce00,0x52ccf00,0x52bd000,0x52ad100,0x529d200,0x528d300,0x527d400,0x526d500,
		0x525d600,0x524d700,0x523d800,0x522d900,0x521da00,0x520db00,0x51fdc00,0x51edd00,0x51dde00,0x51cdf00,
		0x51be000,0x51ae100,0x519e200,0x518e300,0x517e400,0x516e500,0x515e600,0x514e700,0x513e800,0x512e900,
		0x511ea00,0x510eb00,0x50fec00,0x50eed00,0x50dee00,0x50cef00,0x50bf000,0x50af100,0x509f200,0x508f300,
		0x507f400,0x506f500,0x505f600,0x504f700,0x503f800,0x502f900,0x501fa00,0x500fb00,0x4fffc00,0x4fefd00,
		0x4fdfe00,0x4fcff00,0x4ff0004,0x400fe05,0x3ffff05,0x400fe05,0x4fb0104,0x400fe05,0x3fdff05,0x400fe05,
		0x4f70204,0x400fe05,0x3fbff05,0x400fe05,0x4f30304,0x400fe05,0x3f9ff05,0x400fe05,0x4ef0404,0x400fe05,
		0x3f7ff05,0x400fe05,0x4eb0504,0x400fe05,0x3f5ff05,0x400fe05,0x4e70604,0x400fe05,0x3f3ff05,0x400fe05,
		0x4e30704,0x400fe05,0x3f1ff05,0x400fe05,0x4df0804,0x400fe05,0x3efff05,0x400fe05,0x4db0904,0x400fe05,
		0x3edff05,0x400fe05,0x4d70a04,0x400fe05,0x3ebff05,0x400fe05,0x4d30b04,0x400fe05,0x3e9ff05,0x400fe05,
		0x4cf0c04,0x400fe05,0x3e7ff05,0x400fe05,0x4cb0d04,0x400fe05,0x3e5ff05,0x400fe05,0x4c70e04,0x400fe05,
		0x3e3ff05,0x400fe05,0x4c30f04,0x400fe05,0x3e1ff05,0x400fe05,0x4bf1004,0x400fe05,0x3dfff05,0x400fe05,
		0x4bb1104,0x400fe05,0x3ddff05,0x400fe05,0x4b71204,0x400fe05,0x3dbff05,0x400fe05,0x4b31304,0x400fe05,
		0x3d9ff05,0x400fe05,0x4af1404,0x400fe05,0x3d7ff05,0x400fe05,0x4ab1504,0x400fe05,0x3d5ff05,0x400fe05,
		0x4a71604,0x400fe05,0x3d3ff05,0x400fe05,0x4a31704,0x400fe05,0x3d1ff05,0x400fe05,0x49f1804,0x400fe05,
		0x3cfff05,0x400fe05,0x49b1904,0x400fe05,0x3cdff05,0x400fe05,0x4971a04,0x400fe05,0x3cbff05,0x400fe05,
		0x4931b04,0x400fe05,0x3c9ff05,0x400fe05,0x48f1c04,0x400fe05,0x3c7ff05,0x400fe05,0x48b1d04,0x400fe05,
		0x3c5ff05,0x400fe05,0x4871e04,0x400fe05,0x3c3ff05,0x400fe05,0x4831f04,0x400fe05,0x3c1ff05,0x400fe05,
		0x47fe004,0x400fe05,0x43fff05,0x400fe05,0x47be104,0x400fe05,0x43dff05,0x400fe05,0x477e204,0x400fe05,
		0x43bff05,0x400fe05,0x473e304,0x400fe05,0x439ff05,0x400fe05,0x46fe404,0x400fe05,0x437ff05,0x400fe05,
		0x46be504,0x400fe05,0x435ff05,0x400fe05,0x467e604,0x400fe05,0x433ff05,0x400fe05,0x463e704,0x400fe05,
		0x431ff05,0x400fe05,0x45fe804,0x400fe05,0x42fff05,0x400fe05,0x45be904,0x400fe05,0x42dff05,0x400fe05,
		0x457ea04,0x400fe05,0x42bff05,0x400fe05,0x453eb04,0x400fe05,0x429ff05,0x400fe05,0x44fec04,0x400fe05,
		0x427ff05,0x400fe05,0x44bed04,0x400fe05,0x425ff05,0x400fe05,0x447ee04,0x400fe05,0x423ff05,0x400fe05,
		0x443ef04,0x400fe05,0x421ff05,0x400fe05,0x43ff004,0x400fe05,0x41fff05,0x400fe05,0x43bf104,0x400fe05,
		0x41dff05,0x400fe05,0x437f204,0x400fe05,0x41bff05,0x400fe05,0x433f304,0x400fe05,0x419ff05,0x400fe05,
		0x42ff404,0x400fe05,0x417ff05,0x400fe05,0x42bf504,0x400fe05,0x415ff05,0x400fe05,0x427f604,0x400fe05,
		0x413ff05,0x400fe05,0x423f704,0x400fe05,0x411ff05,0x400fe05,0x41ff804,0x400fe05,0x40fff05,0x400fe05,
		0x41bf904,0x400fe05,0x40dff05,0x400fe05,0x417fa04,0x400fe05,0x40bff05,0x400fe05,0x413fb04,0x400fe05,
		0x409ff05,0x400fe05,0x40ffc04,0x400fe05,0x407ff05,0x400fe05,0x40bfd04,0x400fe05,0x405ff05,0x400fe05,
		0x407fe04,0x400fe05,0x403ff05,0x400fe05,0x403ff04,0x400fe05,0x401ff05,0x400fe05,0x3fd0000,0x3fc0100,
		0x3fb0200,0x3fa0300,0x3f90400,0x3f80500,0x3f70600,0x3f60700,0x3f50800,0x3f40900,0x3f30a00,0x3f20b00,
		0x3f10c00,0x3f00d00,0x3ef0e00,0x3ee0f00,0x3ed1000,0x3ec1100,0x3eb1200,0x3ea1300,0x3e91400,0x3e81500,
		0x3e71600,0x3e61700,0x3e51800,0x3e41900,0x3e31a00,0x3e21b00,0x3e11c00,0x3e01d00,0x3df1e00,0x3de1f00,
		0x3dd2000,0x3dc2100,0x3db2200,0x3da2300,0x3d92400,0x3d82500,0x3d72600,0x3d62700,0x3d52800,0x3d42900,
		0x3d32a00,0x3d22b00,0x3d12c00,0x3d02d00,0x3cf2e00,0x3ce2f00,0x3cd3000,0x3cc3100,0x3cb3200,0x3ca3300,
		0x3c93400,0x3c83500,0x3c73600,0x3c63700,0x3c53800,0x3c43900,0x3c33a00,0x3c23b00,0x3c13c00,0x3c03d00,
		0x3bf3e00,0x3be3f00,0x3bd4000,0x3bc4100,0x3bb4200,0x3ba4300,0x3b94400,0x3b84500,0x3b74600,0x3b64700,
		0x3b54800,0x3b44900,0x3b34a00,0x3b24b00,0x3b14c00,0x3b04d00,0x3af4e00,0x3ae4f00,0x3ad5000,0x3ac5100,
		0x3ab5200,0x3aa5300,0x3a95400,0x3a85500,0x3a75600,0x3a65700,0x3a55800,0x3a45900,0x3a35a00,0x3a25b00,
		0x3a15c00,0x3a05d00,0x39f5e00,0x39e5f00,0x39d6000,0x39c6100,0x39b6200,0x39a6300,0x3996400,0x3986500,
		0x3976600,0x3966700,0x3956800,0x3946900,0x3936a00,0x3926b00,0x3916c00,0x3906d00,0x38f6e00,0x38e6f00,
		0x38d7000,0x38c7100,0x38b7200,0x38a7300,0x3897400,0x3887500,0x3877600,0x3867700,0x3857800,0x3847900,
		0x3837a00,0x3827b00,0x3817c00,0x3807d00,0x37f7e00,0x37e7f00,0x37d8000,0x37c8100,0x37b8200,0x37a8300,
		0x3798400,0x3788500,0x3778600,0x3768700,0x3758800,0x3748900,0x3738a00,0x3728b00,0x3718c00,0x3708d00,
		0x36f8e00,0x36e8f00,0x36d9000,0x36c9100,0x36b9200,0x36a9300,0x3699400,0x3689500,0x3679600,0x3669700,
		0x3659800,0x3649900,0x3639a00,0x3629b00,0x3619c00,0x3609d00,0x35f9e00,0x35e9f00,0x35da000,0x35ca100,
		0x35ba200,0x35aa300,0x359a400,0x358a500,0x357a600,0x356a700,0x355a800,0x354a900,0x353aa00,0x352ab00,
		0x351ac00,0x350ad00,0x34fae00,0x34eaf00,0x34db000,0x34cb100,0x34bb200,0x34ab300,0x349b400,0x348b500,
		0x347b600,0x346b700,0x345b800,0x344b900,0x343ba00,0x342bb00,0x341bc00,0x340bd00,0x33fbe00,0x33ebf00,
		0x33dc000,0x33cc100,0x33bc200,0x33ac300,0x339c400,0x338c500,0x337c600,0x336c700,0x335c800,0x334c900,
		0x333ca00,0x332cb00,0x331cc00,0x330cd00,0x32fce00,0x32ecf00,0x32dd000,0x32cd100,0x32bd200,0x32ad300,
		0x329d400,0x328d500,0x327d600,0x326d700,0x325d800,0x324d900,0x323da00,0x322db00,0x321dc00,0x320dd00,
		0x31fde00,0x31edf00,0x31de000,0x31ce100,0x31be200,0x31ae300,0x319e400,0x318e500,0x317e600,0x316e700,
		0x315e800,0x314e900,0x313ea00,0x312eb00,0x311ec00,0x310ed00,0x30fee00,0x30eef00,0x30df000,0x30cf100,
		0x30bf200,0x30af300,0x309f400,0x308f500,0x307f600,0x306f700,0x305f800,0x304f900,0x303fa00,0x302fb00,
		0x301fc00,0x300fd00,0x2fffe00,0x2feff00,0x2ff0002,0x200ff03,0x2fd0102,0x200ff03,0x2fb0202,0x200ff03,
		0x2f90302,0x200ff03,0x2f70402,0x200ff03,0x2f50502,0x200ff03,0x2f30602,0x200ff03,0x2f10702,0x200ff03,
		0x2ef0802,0x200ff03,0x2ed0902,0x200ff03,0x2eb0a02,0x200ff03,0x2e90b02,0x200ff03,0x2e70c02,0x200ff03,
		0x2e50d02,0x200ff03,0x2e30e02,0x200ff03,0x2e10f02,0x200ff03,0x2df1002,0x200ff03,0x2dd1102,0x200ff03,
		0x2db1202,0x200ff03,0x2d91302,0x200ff03,0x2d71402,0x200ff03,0x2d51502,0x200ff03,0x2d31602,0x200ff03,
		0x2d11702,0x200ff03,0x2cf1802,0x200ff03,0x2cd1902,0x200ff03,0x2cb1a02,0x200ff03,0x2c91b02,0x200ff03,
		0x2c71c02,0x200ff03,0x2c51d02,0x200ff03,0x2c31e02,0x200ff03,0x2c11f02,0x200ff03,0x2bf2002,0x200ff03,
		0x2bd2102,0x200ff03,0x2bb2202,0x200ff03,0x2b92302,0x200ff03,0x2b72402,0x200ff03,0x2b52502,0x200ff03,
		0x2b32602,0x200ff03,0x2b12702,0x200ff03,0x2af2802,0x200ff03,0x2ad2902,0x200ff03,0x2ab2a02,0x200ff03,
		0x2a92b02,0x200ff03,0x2a72c02,0x200ff03,0x2a52d02,0x200ff03,0x2a32e02,0x200ff03,0x2a12f02,0x200ff03,
		0x29f3002,0x200ff03,0x29d3102,0x200ff03,0x29b3202,0x200ff03,0x2993302,0x200ff03,0x2973402,0x200ff03,
		0x2953502,0x200ff03,0x2933602,0x200ff03,0x2913702,0x200ff03,0x28f3802,0x200ff03,0x28d3902,0x200ff03,
		0x28b3a02,0x200ff03,0x2893b02,0x200ff03,0x2873c02,0x200ff03,0x2853d02,0x200ff03,0x2833e02,0x200ff03,
		0x2813f02,0x200ff03,0x27fc002,0x200ff03,0x27dc102,0x200ff03,0x27bc202,0x200ff03,0x279c302,0x200ff03,
		0x277c402,0x200ff03,0x275c502,0x200ff03,0x273c602,0x200ff03,0x271c702,0x200ff03,0x26fc802,0x200ff03,
		0x26dc902,0x200ff03,0x26bca02,0x200ff03,0x269cb02,0x200ff03,0x267cc02,0x200ff03,0x265cd02,0x200ff03,
		0x263ce02,0x200ff03,0x261cf02,0x200ff03,0x25fd002,0x200ff03,0x25dd102,0x200ff03,0x25bd202,0x200ff03,
		0x259d302,0x200ff03,0x257d402,0x200ff03,0x255d502,0x200ff03,0x253d602,0x200ff03,0x251d702,0x200ff03,
		0x24fd802,0x200ff03,0x24dd902,0x200ff03,0x24bda02,0x200ff03,0x249db02,0x200ff03,0x247dc02,0x200ff03,
		0x245dd02,0x200ff03,0x243de02,0x200ff03,0x241df02,0x200ff03,0x23fe002,0x200ff03,0x23de102,0x200ff03,
		0x23be202,0x200ff03,0x239e302,0x200ff03,0x237e402,0x200ff03,0x235e502,0x200ff03,0x233e602,0x200ff03,
		0x231e702,0x200ff03,0x22fe802,0x200ff03,0x22de902,0x200ff03,0x22bea02,0x200ff03,0x229eb02,0x200ff03,
		0x227ec02,0x200ff03,0x225ed02,0x200ff03,0x223ee02,0x200ff03,0x221ef02,0x200ff03,0x21ff002,0x200ff03,
		0x21df102,0x200ff03,0x21bf202,0x200ff03,0x219f302,0x200ff03,0x217f402,0x200ff03,0x215f502,0x200ff03,
		0x213f602,0x200ff03,0x211f702,0x200ff03,0x20ff802,0x200ff03,0x20df902,0x200ff03,0x20bfa02,0x200ff03,
		0x209fb02,0x200ff03,0x207fc02,0x200ff03,0x205fd02,0x200ff03,0x203fe02,0x200ff03,0x201ff02,0x200ff03,
		0x1ff0000,0x1fe0100,0x1fd0200,0x1fc0300,0x1fb0400,0x1fa0500,0x1f90600,0x1f80700,0x1f70800,0x1f60900,
		0x1f50a00,0x1f40b00,0x1f30c00,0x1f20d00,0x1f10e00,0x1f00f00,0x1ef1000,0x1ee1100,0x1ed1200,0x1ec1300,
		0x1eb1400,0x1ea1500,0x1e91600,0x1e81700,0x1e71800,0x1e61900,0x1e51a00,0x1e41b00,0x1e31c00,0x1e21d00,
		0x1e11e00,0x1e01f00,0x1df2000,0x1de2100,0x1dd2200,0x1dc2300,0x1db2400,0x1da2500,0x1d92600,0x1d82700,
		0x1d72800,0x1d62900,0x1d52a00,0x1d42b00,0x1d32c00,0x1d22d00,0x1d12e00,0x1d02f00,0x1cf3000,0x1ce3100,
		0x1cd3200,0x1cc3300,0x1cb3400,0x1ca3500,0x1c93600,0x1c83700,0x1c73800,0x1c63900,0x1c53a00,0x1c43b00,
		0x1c33c00,0x1c23d00,0x1c13e00,0x1c03f00,0x1bf4000,0x1be4100,0x1bd4200,0x1bc4300,0x1bb4400,0x1ba4500,
		0x1b94600,0x1b84700,0x1b74800,0x1b64900,0x1b54a00,0x1b44b00,0x1b34c00,0x1b24d00,0x1b14e00,0x1b04f00,
		0x1af5000,0x1ae5100,0x1ad5200,0x1ac5300,0x1ab5400,0x1aa5500,0x1a95600,0x1a85700,0x1a75800,0x1a65900,
		0x1a55a00,0x1a45b00,0x1a35c00,0x1a25d00,0x1a15e00,0x1a05f00,0x19f6000,0x19e6100,0x19d6200,0x19c6300,
		0x19b6400,0x19a6500,0x1996600,0x1986700,0x1976800,0x1966900,0x1956a00,0x1946b00,0x1936c00,0x1926d00,
		0x1916e00,0x1906f00,0x18f7000,0x18e7100,0x18d7200,0x18c7300,0x18b7400,0x18a7500,0x1897600,0x1887700,
		0x1877800,0x1867900,0x1857a00,0x1847b00,0x1837c00,0x1827d00,0x1817e00,0x1807f00,0x17f8000,0x17e8100,
		0x17d8200,0x17c8300,0x17b8400,0x17a8500,0x1798600,0x1788700,0x1778800,0x1768900,0x1758a00,0x1748b00,
		0x1738c00,0x1728d00,0x1718e00,0x1708f00,0x16f9000,0x16e9100,0x16d9200,0x16c9300,0x16b9400,0x16a9500,
		0x1699600,0x1689700,0x1679800,0x1669900,0x1659a00,0x1649b00,0x1639c00,0x1629d00,0x1619e00,0x1609f00,
		0x15fa000,0x15ea100,0x15da200,0x15ca300,0x15ba400,0x15aa500,0x159a600,0x158a700,0x157a800,0x156a900,
		0x155aa00,0x154ab00,0x153ac00,0x152ad00,0x151ae00,0x150af00,0x14fb000,0x14eb100,0x14db200,0x14cb300,
		0x14bb400,0x14ab500,0x149b600,0x148b700,0x147b800,0x146b900,0x145ba00,0x144bb00,0x143bc00,0x142bd00,
		0x141be00,0x140bf00,0x13fc000,0x13ec100,0x13dc200,0x13cc300,0x13bc400,0x13ac500,0x139c600,0x138c700,
		0x137c800,0x136c900,0x135ca00,0x134cb00,0x133cc00,0x132cd00,0x131ce00,0x130cf00,0x12fd000,0x12ed100,
		0x12dd200,0x12cd300,0x12bd400,0x12ad500,0x129d600,0x128d700,0x127d800,0x126d900,0x125da00,0x124db00,
		0x123dc00,0x122dd00,0x121de00,0x120df00,0x11fe000,0x11ee100,0x11de200,0x11ce300,0x11be400,0x11ae500,
		0x119e600,0x118e700,0x117e800,0x116e900,0x115ea00,0x114eb00,0x113ec00,0x112ed00,0x111ee00,0x110ef00,
		0x10ff000,0x10ef100,0x10df200,0x10cf300,0x10bf400,0x10af500,0x109f600,0x108f700,0x107f800,0x106f900,
		0x105fa00,0x104fb00,0x103fc00,0x102fd00,0x101fe00,0x100ff00
	};

#endif // CONVERSION_LUT_H
